sampling,dataset,model,split,identity,task,seed,status,error,n_features,n_classes,n_train,n_val,n_test,classes_missing_in_train,classes_missing_in_val,classes_missing_in_test,n_entities_train,n_entities_val,n_entities_test,best_epoch,epochs_run,val_macro_f1,runtime_sec,test_accuracy,test_macro_f1,test_weighted_f1,test_binary_f1,test_macro_precision,test_macro_recall,test_fpr,test_support_test,test_n_classes_present,test_macro_f1_learnable,test_n_classes_learnable,identity_semantics,n_nodes,test_unseen_node_share,shuffle_labels,val_uninformative,source_file
entity,NF-BoT-IoT-v2,xgboost,random,keep,binary,42,ok,,43.0,2.0,674497.0,144536.0,144534.0,0.0,0.0,0.0,18.0,14.0,18.0,597.0,597.0,0.998939147653346,22.3,0.9995779539762272,0.9991252410042876,0.9995781586129224,0.9997545380284978,0.9986419086698446,0.9996099500437408,0.0003455936805726,144534.0,2.0,0.9991252410042876,2.0,identity_features_keep,,,False,False,results_v2/binary/results.csv
entity,NF-BoT-IoT-v2,mlp,random,keep,binary,42,ok,,43.0,2.0,674497.0,144536.0,144534.0,0.0,0.0,0.0,18.0,14.0,18.0,46.0,57.0,0.9888236693334648,532.8,0.994644858649176,0.989060088678863,0.9946857433966056,0.996876538526727,0.9817588196447438,0.9967000801576344,0.0004443347321648,144534.0,2.0,0.989060088678863,2.0,identity_features_keep,,,False,False,results_v2/binary/results.csv
entity,NF-BoT-IoT-v2,transformer,random,keep,binary,42,ok,,43.0,2.0,674497.0,144536.0,144534.0,0.0,0.0,0.0,18.0,14.0,18.0,8.0,19.0,0.987976094868258,351.9,0.9941882186890282,0.9881411163017676,0.9942359111737024,0.9966094032549728,0.9803213627088332,0.9963519003432584,0.0006418168353492,144534.0,2.0,0.9881411163017676,2.0,identity_features_keep,,,False,False,results_v2/binary/results.csv
entity,NF-BoT-IoT-v2,autoencoder,random,keep,binary,42,ok,,43.0,2.0,674497.0,144536.0,144534.0,0.0,0.0,0.0,18.0,14.0,18.0,30.0,41.0,0.9886295305217782,373.8,0.9945064829036766,0.9887819347405098,0.9945495079441096,0.9967955702996988,0.9813006374815044,0.9966196160406072,0.0004443347321648,144534.0,2.0,0.9887819347405098,2.0,identity_features_keep,,,False,False,results_v2/binary/results.csv
entity,NF-BoT-IoT-v2,xgboost,random,drop,binary,42,ok,,39.0,2.0,674497.0,144536.0,144534.0,0.0,0.0,0.0,18.0,14.0,18.0,598.0,598.0,0.9954054392589028,12.8,0.9979036074556852,0.9956743218292292,0.9979093010407332,0.9987796675701692,0.993003317772932,0.9983883895431536,0.0009380399901258,144534.0,2.0,0.9956743218292292,2.0,identity_features_drop,,,False,False,results_v2/binary/results.csv
entity,NF-BoT-IoT-v2,mlp,random,drop,binary,42,ok,,39.0,2.0,674497.0,144536.0,144534.0,0.0,0.0,0.0,18.0,14.0,18.0,21.0,32.0,0.9867927572213596,288.8,0.9938215229634548,0.9874032884174851,0.99387471326807,0.9963948761218072,0.9792219400256224,0.9960146980908566,0.0009380399901258,144534.0,2.0,0.9874032884174851,2.0,identity_features_drop,,,False,False,results_v2/binary/results.csv
entity,NF-BoT-IoT-v2,transformer,random,drop,binary,42,ok,,39.0,2.0,674497.0,144536.0,144534.0,0.0,0.0,0.0,18.0,14.0,18.0,16.0,27.0,0.986611404196406,494.5,0.9936693096434056,0.9870971121751824,0.9937248037540454,0.9963058214601492,0.978775770577034,0.9958642013909867,0.0010861515675141,144534.0,2.0,0.9870971121751824,2.0,identity_features_drop,,,False,False,results_v2/binary/results.csv
entity,NF-BoT-IoT-v2,autoencoder,random,drop,binary,42,ok,,39.0,2.0,674497.0,144536.0,144534.0,0.0,0.0,0.0,18.0,14.0,18.0,15.0,26.0,0.9870334271805854,256.2,0.9938561168998298,0.987460937482735,0.9939059301555102,0.9964157995430952,0.9797435012292663,0.9955595868080394,0.0020735620834361,144534.0,2.0,0.987460937482735,2.0,identity_features_drop,,,False,False,results_v2/binary/results.csv
entity,NF-BoT-IoT-v2,xgboost,temporal,keep,binary,42,skipped,dataset has no timestamp column,,,,,,,,,,,,,,,,,,,,,,,,,,,,,,,,results_v2/binary/results.csv
entity,NF-BoT-IoT-v2,mlp,temporal,keep,binary,42,skipped,dataset has no timestamp column,,,,,,,,,,,,,,,,,,,,,,,,,,,,,,,,results_v2/binary/results.csv
entity,NF-BoT-IoT-v2,transformer,temporal,keep,binary,42,skipped,dataset has no timestamp column,,,,,,,,,,,,,,,,,,,,,,,,,,,,,,,,results_v2/binary/results.csv
entity,NF-BoT-IoT-v2,autoencoder,temporal,keep,binary,42,skipped,dataset has no timestamp column,,,,,,,,,,,,,,,,,,,,,,,,,,,,,,,,results_v2/binary/results.csv
entity,NF-BoT-IoT-v2,xgboost,temporal,drop,binary,42,skipped,dataset has no timestamp column,,,,,,,,,,,,,,,,,,,,,,,,,,,,,,,,results_v2/binary/results.csv
entity,NF-BoT-IoT-v2,mlp,temporal,drop,binary,42,skipped,dataset has no timestamp column,,,,,,,,,,,,,,,,,,,,,,,,,,,,,,,,results_v2/binary/results.csv
entity,NF-BoT-IoT-v2,transformer,temporal,drop,binary,42,skipped,dataset has no timestamp column,,,,,,,,,,,,,,,,,,,,,,,,,,,,,,,,results_v2/binary/results.csv
entity,NF-BoT-IoT-v2,autoencoder,temporal,drop,binary,42,skipped,dataset has no timestamp column,,,,,,,,,,,,,,,,,,,,,,,,,,,,,,,,results_v2/binary/results.csv
entity,NF-BoT-IoT-v2,xgboost,disjoint_ip,keep,binary,42,ok,,43.0,2.0,512013.0,224758.0,226796.0,0.0,0.0,0.0,14.0,3.0,3.0,17.0,17.0,0.9802446934355348,6.5,0.9897132224554224,0.9733408456862092,0.98965546458134,0.9942327991318298,0.9787362181112188,0.968103436646673,0.0595693298450392,226796.0,2.0,0.9733408456862092,2.0,identity_features_keep,,,False,False,results_v2/binary/results.csv
entity,NF-BoT-IoT-v2,mlp,disjoint_ip,keep,binary,42,ok,,43.0,2.0,512013.0,224758.0,226796.0,0.0,0.0,0.0,14.0,3.0,3.0,6.0,17.0,0.9563969423559978,123.9,0.9610398772465124,0.8844657045321854,0.957916161278595,0.9785238944763924,0.961636414258239,0.8336845999255528,0.32940229422419,226796.0,2.0,0.8844657045321854,2.0,identity_features_keep,,,False,False,results_v2/binary/results.csv
entity,NF-BoT-IoT-v2,transformer,disjoint_ip,keep,binary,42,ok,,43.0,2.0,512013.0,224758.0,226796.0,0.0,0.0,0.0,14.0,3.0,3.0,18.0,29.0,0.9326812124042476,426.3,0.9835799573184713,0.9600824828129054,0.9839985760498212,0.9907086291984571,0.9381670049056988,0.9852734769147254,0.0125578587240893,226796.0,2.0,0.9600824828129054,2.0,identity_features_keep,,,False,False,results_v2/binary/results.csv
entity,NF-BoT-IoT-v2,autoencoder,disjoint_ip,keep,binary,42,ok,,43.0,2.0,512013.0,224758.0,226796.0,0.0,0.0,0.0,14.0,3.0,3.0,7.0,18.0,0.9528669711095684,134.1,0.9583678724492496,0.8741242508939313,0.954539318638416,0.97710108795297,0.9633760192700216,0.8188945950785009,0.3597102032602133,226796.0,2.0,0.8741242508939313,2.0,identity_features_keep,,,False,False,results_v2/binary/results.csv
entity,NF-BoT-IoT-v2,xgboost,disjoint_ip,drop,binary,42,ok,,39.0,2.0,512013.0,224758.0,226796.0,0.0,0.0,0.0,14.0,3.0,3.0,29.0,29.0,0.9055551399544156,5.8,0.9368904213478192,0.7836258259930096,0.9258330035204692,0.9657315651239128,0.9552176139975684,0.716736974325218,0.5651841416784061,226796.0,2.0,0.7836258259930096,2.0,identity_features_drop,,,False,False,results_v2/binary/results.csv
entity,NF-BoT-IoT-v2,mlp,disjoint_ip,drop,binary,42,ok,,39.0,2.0,512013.0,224758.0,226796.0,0.0,0.0,0.0,14.0,3.0,3.0,30.0,41.0,0.9671166084344174,291.5,0.9584560574260568,0.8757549138275071,0.9549126293725676,0.9771216278561542,0.9572549474649332,0.823568130520103,0.3491648218957536,226796.0,2.0,0.8757549138275071,2.0,identity_features_drop,,,False,False,results_v2/binary/results.csv
entity,NF-BoT-IoT-v2,transformer,disjoint_ip,drop,binary,42,ok,,39.0,2.0,512013.0,224758.0,226796.0,0.0,0.0,0.0,14.0,3.0,3.0,10.0,21.0,0.9619534740211156,303.4,0.9889327854106774,0.9716201903802862,0.9889296578884011,0.9937861135730096,0.9718869443083242,0.9713538369610168,0.051157174481787,226796.0,2.0,0.9716201903802862,2.0,identity_features_drop,,,False,False,results_v2/binary/results.csv
entity,NF-BoT-IoT-v2,autoencoder,disjoint_ip,drop,binary,42,ok,,39.0,2.0,512013.0,224758.0,226796.0,0.0,0.0,0.0,14.0,3.0,3.0,13.0,24.0,0.9564490411164732,172.0,0.958169456251433,0.8732394642703794,0.954264728946806,0.9769976990425204,0.9640025012214732,0.8174771614273262,0.3626886697524653,226796.0,2.0,0.8732394642703794,2.0,identity_features_drop,,,False,False,results_v2/binary/results.csv
entity,NF-BoT-IoT-v3,xgboost,random,keep,binary,42,ok,,52.0,2.0,700000.0,150000.0,150000.0,0.0,0.0,0.0,19.0,14.0,15.0,549.0,549.0,0.9894416701095268,18.1,0.9980266666666666,0.98958772649978,0.9980430396104146,0.9989615492562448,0.9816115696513904,0.9978654689259532,0.0023132398965845,150000.0,2.0,0.98958772649978,2.0,identity_features_keep,,,False,False,results_v2/binary/results.csv
entity,NF-BoT-IoT-v3,mlp,random,keep,binary,42,ok,,52.0,2.0,700000.0,150000.0,150000.0,0.0,0.0,0.0,19.0,14.0,15.0,22.0,33.0,0.9370544259486924,341.1,0.9869466666666666,0.937746110324194,0.9876668727857556,0.9930898182459856,0.894893112731183,0.992943502601482,0.0004082188052796,150000.0,2.0,0.937746110324194,2.0,identity_features_keep,,,False,False,results_v2/binary/results.csv
entity,NF-BoT-IoT-v3,transformer,random,keep,binary,42,ok,,52.0,2.0,700000.0,150000.0,150000.0,0.0,0.0,0.0,19.0,14.0,15.0,15.0,26.0,0.9429611319408332,475.3,0.98834,0.94370643736415,0.9889204551963348,0.9938321019871988,0.9040619153497836,0.9934824654521036,0.0008164376105592,150000.0,2.0,0.94370643736415,2.0,identity_features_keep,,,False,False,results_v2/binary/results.csv
entity,NF-BoT-IoT-v3,autoencoder,random,keep,binary,42,ok,,52.0,2.0,700000.0,150000.0,150000.0,0.0,0.0,0.0,19.0,14.0,15.0,13.0,24.0,0.937449406966214,226.5,0.9870333333333332,0.9381139582029344,0.9877445850926508,0.9931360128174814,0.8954458429430068,0.9929890683528614,0.0004082188052796,150000.0,2.0,0.9381139582029344,2.0,identity_features_keep,,,False,False,results_v2/binary/results.csv
entity,NF-BoT-IoT-v3,xgboost,random,drop,binary,42,ok,,48.0,2.0,700000.0,150000.0,150000.0,0.0,0.0,0.0,19.0,14.0,15.0,389.0,389.0,0.9630809717853824,13.1,0.9925333333333334,0.9625999313471874,0.9927804845427812,0.9960590300991576,0.9341162059970584,0.9956871468072992,0.0008164376105592,150000.0,2.0,0.9625999313471874,2.0,identity_features_drop,,,False,False,results_v2/binary/results.csv
entity,NF-BoT-IoT-v3,mlp,random,drop,binary,42,ok,,48.0,2.0,700000.0,150000.0,150000.0,0.0,0.0,0.0,19.0,14.0,15.0,10.0,21.0,0.9205531474117048,208.6,0.98324,0.9222274076391812,0.9843623620386416,0.9911121481450056,0.8733051855696978,0.9889296853536276,0.0047625527282623,150000.0,2.0,0.9222274076391812,2.0,identity_features_drop,,,False,False,results_v2/binary/results.csv
entity,NF-BoT-IoT-v3,transformer,random,drop,binary,42,ok,,48.0,2.0,700000.0,150000.0,150000.0,0.0,0.0,0.0,19.0,14.0,15.0,9.0,20.0,0.9213252018624613,396.6,0.9833,0.922442072536636,0.9844125202697952,0.9911444358422332,0.8737139585445197,0.9887676366445686,0.0051707715335419,150000.0,2.0,0.922442072536636,2.0,identity_features_drop,,,False,False,results_v2/binary/results.csv
entity,NF-BoT-IoT-v3,autoencoder,random,drop,binary,42,ok,,48.0,2.0,700000.0,150000.0,150000.0,0.0,0.0,0.0,19.0,14.0,15.0,23.0,34.0,0.9248678959746808,327.5,0.98412,0.9257491169718411,0.9851320849970142,0.991582919899928,0.8784767374044715,0.9891987587537722,0.0051707715335419,150000.0,2.0,0.9257491169718411,2.0,identity_features_drop,,,False,False,results_v2/binary/results.csv
entity,NF-BoT-IoT-v3,xgboost,temporal,keep,binary,42,ok,,52.0,2.0,700000.0,150000.0,150000.0,0.0,0.0,0.0,17.0,13.0,14.0,360.0,360.0,1.0,14.0,0.9989066666666668,0.96715882487312,0.9989415397384352,0.9994487061402034,0.9391757410980882,0.9990279176963244,0.0008488964346349,150000.0,2.0,0.96715882487312,2.0,identity_features_keep,,,False,False,results_v2/binary/results.csv
entity,NF-BoT-IoT-v3,mlp,temporal,keep,binary,42,ok,,52.0,2.0,700000.0,150000.0,150000.0,0.0,0.0,0.0,17.0,13.0,14.0,5.0,16.0,1.0,153.6,0.99718,0.9189010771558932,0.9973260734875186,0.9985775248933144,0.8796545682096597,0.9674182902244016,0.0628183361629881,150000.0,2.0,0.9189010771558932,2.0,identity_features_keep,,,False,True,results_v2/binary/results.csv
entity,NF-BoT-IoT-v3,transformer,temporal,keep,binary,42,ok,,52.0,2.0,700000.0,150000.0,150000.0,0.0,0.0,0.0,17.0,13.0,14.0,4.0,15.0,1.0,328.4,0.9919066666666668,0.8272549829073312,0.9932558651350998,0.9959047914614564,0.7461915977774207,0.99297368246507,0.0059422750424448,150000.0,2.0,0.8272549829073312,2.0,identity_features_keep,,,False,True,results_v2/binary/results.csv
entity,NF-BoT-IoT-v3,autoencoder,temporal,keep,binary,42,ok,,52.0,2.0,700000.0,150000.0,150000.0,0.0,0.0,0.0,17.0,13.0,14.0,4.0,15.0,0.9994518801470168,145.5,0.99606,0.8969328632704563,0.9964232067346264,0.9980108042611198,0.8353811708035451,0.9870661054982584,0.0220713073005093,150000.0,2.0,0.8969328632704563,2.0,identity_features_keep,,,False,True,results_v2/binary/results.csv
entity,NF-BoT-IoT-v3,xgboost,temporal,drop,binary,42,ok,,48.0,2.0,700000.0,150000.0,150000.0,0.0,0.0,0.0,17.0,13.0,14.0,536.0,536.0,1.0,19.9,0.9969733333333334,0.917932500206892,0.9972074361215184,0.9984724502705176,0.8621134159441589,0.9946848913912016,0.0076400679117147,150000.0,2.0,0.917932500206892,2.0,identity_features_drop,,,False,False,results_v2/binary/results.csv
entity,NF-BoT-IoT-v3,mlp,temporal,drop,binary,42,ok,,48.0,2.0,700000.0,150000.0,150000.0,0.0,0.0,0.0,17.0,13.0,14.0,4.0,15.0,0.9994518801470168,148.6,0.9964666666666666,0.9039899371599526,0.99673678359636,0.9982167730995176,0.8505777959627707,0.977164924339942,0.0424448217317487,150000.0,2.0,0.9039899371599526,2.0,identity_features_drop,,,False,True,results_v2/binary/results.csv
entity,NF-BoT-IoT-v3,transformer,temporal,drop,binary,42,ok,,48.0,2.0,700000.0,150000.0,150000.0,0.0,0.0,0.0,17.0,13.0,14.0,4.0,15.0,1.0,306.5,0.9933333333333332,0.8487035461334902,0.9943056974060674,0.996629115007854,0.770540095911846,0.9936926621858102,0.0059422750424448,150000.0,2.0,0.8487035461334902,2.0,identity_features_drop,,,False,True,results_v2/binary/results.csv
entity,NF-BoT-IoT-v3,autoencoder,temporal,drop,binary,42,ok,,48.0,2.0,700000.0,150000.0,150000.0,0.0,0.0,0.0,17.0,13.0,14.0,8.0,19.0,0.9994518801470168,191.8,0.9940066666666668,0.8569999511700167,0.9947727762913354,0.996971258965781,0.7847606903565971,0.9805571617683724,0.033106960950764,150000.0,2.0,0.8569999511700167,2.0,identity_features_drop,,,False,False,results_v2/binary/results.csv
entity,NF-BoT-IoT-v3,xgboost,disjoint_ip,keep,binary,42,ok,,52.0,2.0,506030.0,247583.0,246387.0,0.0,0.0,0.0,14.0,3.0,3.0,108.0,108.0,0.9403326695070507,8.6,0.9848206277116892,0.9163188704764595,0.9844193084447264,0.9920308538066523,0.9397152117239812,0.8955425096915675,0.2037141703673799,246387.0,2.0,0.9163188704764595,2.0,identity_features_keep,,,False,False,results_v2/binary/results.csv
entity,NF-BoT-IoT-v3,mlp,disjoint_ip,keep,binary,42,ok,,52.0,2.0,506030.0,247583.0,246387.0,0.0,0.0,0.0,14.0,3.0,3.0,4.0,15.0,0.8542784805351684,111.6,0.9712281897989749,0.8725564115161613,0.9734214724839853,0.9846951002299296,0.8244826596280665,0.9414563281770928,0.0916431166733952,246387.0,2.0,0.8725564115161613,2.0,identity_features_keep,,,False,True,results_v2/binary/results.csv
entity,NF-BoT-IoT-v3,transformer,disjoint_ip,keep,binary,42,ok,,52.0,2.0,506030.0,247583.0,246387.0,0.0,0.0,0.0,14.0,3.0,3.0,4.0,15.0,0.6740801200639925,235.9,0.8554428602158393,0.6633604004008576,0.8920844001903243,0.91764874532082,0.6285734287986366,0.9217165726669962,0.0046023415421881,246387.0,2.0,0.6633604004008576,2.0,identity_features_keep,,,False,True,results_v2/binary/results.csv
entity,NF-BoT-IoT-v3,autoencoder,disjoint_ip,keep,binary,42,ok,,52.0,2.0,506030.0,247583.0,246387.0,0.0,0.0,0.0,14.0,3.0,3.0,4.0,15.0,0.878554864082578,134.8,0.97432900274771,0.874534090901707,0.9751814422195172,0.9864307366876408,0.8514358133694178,0.901451222892736,0.1795720629794105,246387.0,2.0,0.874534090901707,2.0,identity_features_keep,,,False,True,results_v2/binary/results.csv
entity,NF-BoT-IoT-v3,xgboost,disjoint_ip,drop,binary,42,ok,,48.0,2.0,506030.0,247583.0,246387.0,0.0,0.0,0.0,14.0,3.0,3.0,49.0,49.0,0.8779800182565651,8.5,0.9832052827462489,0.9181337419142612,0.983783525286954,0.9911211624453924,0.8914511397296376,0.949367686532304,0.0882519176423092,246387.0,2.0,0.9181337419142612,2.0,identity_features_drop,,,False,False,results_v2/binary/results.csv
entity,NF-BoT-IoT-v3,mlp,disjoint_ip,drop,binary,42,ok,,48.0,2.0,506030.0,247583.0,246387.0,0.0,0.0,0.0,14.0,3.0,3.0,18.0,29.0,0.8851185577869033,213.8,0.9744426451070876,0.8773265674909034,0.9755027424218684,0.9864758349781256,0.8487769338747255,0.9119108852614556,0.1576100121114251,246387.0,2.0,0.8773265674909034,2.0,identity_features_drop,,,False,False,results_v2/binary/results.csv
entity,NF-BoT-IoT-v3,transformer,disjoint_ip,drop,binary,42,ok,,48.0,2.0,506030.0,247583.0,246387.0,0.0,0.0,0.0,14.0,3.0,3.0,15.0,26.0,0.9157568025361,392.4,0.981171896244526,0.914314688105599,0.9823935977551328,0.9900027369097056,0.8676340150045871,0.9774320114313486,0.0267258780783205,246387.0,2.0,0.914314688105599,2.0,identity_features_drop,,,False,False,results_v2/binary/results.csv
entity,NF-BoT-IoT-v3,autoencoder,disjoint_ip,drop,binary,42,ok,,48.0,2.0,506030.0,247583.0,246387.0,0.0,0.0,0.0,14.0,3.0,3.0,12.0,23.0,0.880480103496651,162.0,0.9791709789883396,0.9044946176883858,0.98045563629228,0.9889457540667218,0.8608911627771358,0.9625758810097088,0.0558740411788453,246387.0,2.0,0.9044946176883858,2.0,identity_features_drop,,,False,False,results_v2/binary/results.csv
entity,NF-CICIDS2018-v3,xgboost,random,keep,binary,42,ok,,52.0,2.0,560255.0,120055.0,120055.0,0.0,0.0,0.0,153489.0,69885.0,69870.0,459.0,459.0,0.9500723501734292,14.4,0.9993419682645456,0.9425055556593174,0.999345301331652,0.8853410740203193,0.9380680236581485,0.947034481545631,0.0003591894014066,120055.0,2.0,0.9425055556593174,2.0,identity_features_keep,,,False,False,results_v2/binary/results.csv
entity,NF-CICIDS2018-v3,mlp,random,keep,binary,42,ok,,52.0,2.0,560255.0,120055.0,120055.0,0.0,0.0,0.0,153489.0,69885.0,69870.0,12.0,23.0,0.585078741218215,175.4,0.978176669026696,0.5822620510183052,0.9866317362045748,0.1755821271239773,0.5489071957024024,0.8984071127095334,0.0213675927627512,120055.0,2.0,0.5822620510183052,2.0,identity_features_keep,,,False,False,results_v2/binary/results.csv
entity,NF-CICIDS2018-v3,transformer,random,keep,binary,42,ok,,52.0,2.0,560255.0,120055.0,120055.0,0.0,0.0,0.0,153489.0,69885.0,69870.0,13.0,24.0,0.6582845239165134,395.1,0.9907625671567198,0.6572819881132824,0.993429262885311,0.3192142418661756,0.6005906732044427,0.8769381052211583,0.0085871326661877,120055.0,2.0,0.6572819881132824,2.0,identity_features_keep,,,False,False,results_v2/binary/results.csv
entity,NF-CICIDS2018-v3,autoencoder,random,keep,binary,42,ok,,52.0,2.0,560255.0,120055.0,120055.0,0.0,0.0,0.0,153489.0,69885.0,69870.0,4.0,15.0,0.5869357205411849,179.0,0.9800174919828412,0.5848572961096941,0.9875846764730952,0.1798290598290598,0.550558096045996,0.8759365613166904,0.0193878744340678,120055.0,2.0,0.5848572961096941,2.0,identity_features_keep,,,False,True,results_v2/binary/results.csv
entity,NF-CICIDS2018-v3,xgboost,random,drop,binary,42,ok,,48.0,2.0,560255.0,120055.0,120055.0,0.0,0.0,0.0,153489.0,69885.0,69870.0,598.0,598.0,0.8729226631026843,12.6,0.9984090625130148,0.8720976832681724,0.9984799966019074,0.7449933244325768,0.8416526691999358,0.9085521249887992,0.00107756820422,120055.0,2.0,0.8720976832681724,2.0,identity_features_drop,,,False,False,results_v2/binary/results.csv
entity,NF-CICIDS2018-v3,mlp,random,drop,binary,42,ok,,48.0,2.0,560255.0,120055.0,120055.0,0.0,0.0,0.0,153489.0,69885.0,69870.0,22.0,33.0,0.6039539866607407,255.0,0.9825246761900795,0.5985348715601119,0.9889346990757458,0.2059046177138531,0.5588117533930019,0.8903526155715109,0.0169487278012596,120055.0,2.0,0.5985348715601119,2.0,identity_features_drop,,,False,False,results_v2/binary/results.csv
entity,NF-CICIDS2018-v3,transformer,random,drop,binary,42,ok,,48.0,2.0,560255.0,120055.0,120055.0,0.0,0.0,0.0,153489.0,69885.0,69870.0,7.0,18.0,0.7009574094509496,289.5,0.9937778518179168,0.6960072709245642,0.99516370547247,0.3951417004048583,0.6360583120233605,0.8550564573817844,0.0054296072305661,120055.0,2.0,0.6960072709245642,2.0,identity_features_drop,,,False,False,results_v2/binary/results.csv
entity,NF-CICIDS2018-v3,autoencoder,random,drop,binary,42,ok,,48.0,2.0,560255.0,120055.0,120055.0,0.0,0.0,0.0,153489.0,69885.0,69870.0,25.0,36.0,0.6209455282743614,335.1,0.985156803131898,0.6125320345932531,0.990347400673822,0.2325581395348837,0.5678467413940574,0.8887482297128783,0.0142923968792288,120055.0,2.0,0.6125320345932531,2.0,identity_features_drop,,,False,False,results_v2/binary/results.csv
entity,NF-CICIDS2018-v3,xgboost,temporal,keep,binary,42,ok,,52.0,2.0,560256.0,120055.0,120054.0,0.0,0.0,0.0,136330.0,34492.0,35563.0,44.0,44.0,0.5052544220611231,5.8,0.995760241224782,0.5028364263329846,0.9936943823875566,0.0077972709551656,0.6645633413301346,0.5019556567660275,3.3459643487498644e-05,120054.0,2.0,0.5028364263329846,2.0,identity_features_keep,,,False,False,results_v2/binary/results.csv
entity,NF-CICIDS2018-v3,mlp,temporal,keep,binary,42,ok,,52.0,2.0,560256.0,120055.0,120054.0,0.0,0.0,0.0,136330.0,34492.0,35563.0,4.0,15.0,0.5836232272336637,116.1,0.9857647392006932,0.5838076145042653,0.98936584004407,0.1747947851279575,0.5564888066136566,0.6727166503253925,0.0115686717358026,120054.0,2.0,0.5838076145042653,2.0,identity_features_keep,,,False,True,results_v2/binary/results.csv
entity,NF-CICIDS2018-v3,transformer,temporal,keep,binary,42,ok,,52.0,2.0,560256.0,120055.0,120054.0,0.0,0.0,0.0,136330.0,34492.0,35563.0,12.0,23.0,0.5884581105169341,363.1,0.995976810435304,0.6959795605605882,0.9954309355330104,0.3939774153074027,0.7692284481319007,0.6542760805670598,0.0011125331459593,120054.0,2.0,0.6959795605605882,2.0,identity_features_keep,,,False,False,results_v2/binary/results.csv
entity,NF-CICIDS2018-v3,autoencoder,temporal,keep,binary,42,ok,,52.0,2.0,560256.0,120055.0,120054.0,0.0,0.0,0.0,136330.0,34492.0,35563.0,4.0,15.0,0.5685405271274331,180.6,0.9692138537658054,0.5523757954350705,0.9806843482756832,0.1204188481675392,0.5331440035778405,0.7351108917425608,0.0287920232209925,120054.0,2.0,0.5523757954350705,2.0,identity_features_keep,,,False,True,results_v2/binary/results.csv
entity,NF-CICIDS2018-v3,xgboost,temporal,drop,binary,42,ok,,48.0,2.0,560256.0,120055.0,120054.0,0.0,0.0,0.0,136330.0,34492.0,35563.0,46.0,46.0,0.5037103146834183,5.2,0.995735252469722,0.5028074859043319,0.9936816960462452,0.0077519379844961,0.609007733211157,0.5019431093997196,5.855437610312262e-05,120054.0,2.0,0.5028074859043319,2.0,identity_features_drop,,,False,False,results_v2/binary/results.csv
entity,NF-CICIDS2018-v3,mlp,temporal,drop,binary,42,ok,,48.0,2.0,560256.0,120055.0,120054.0,0.0,0.0,0.0,136330.0,34492.0,35563.0,5.0,16.0,0.5496897651974392,125.2,0.9847901777533444,0.5525300745917234,0.9886147103451334,0.1127308066083576,0.5357454816208083,0.6083965985401597,0.0120036471011401,120054.0,2.0,0.5525300745917234,2.0,identity_features_drop,,,False,True,results_v2/binary/results.csv
entity,NF-CICIDS2018-v3,transformer,temporal,drop,binary,42,ok,,48.0,2.0,560256.0,120055.0,120054.0,0.0,0.0,0.0,136330.0,34492.0,35563.0,14.0,25.0,0.6224660571585456,404.2,0.9967348026721308,0.7092405675680965,0.9959208080377328,0.4201183431952662,0.9185960509985778,0.6399265214349852,0.0002258525935406,120054.0,2.0,0.7092405675680965,2.0,identity_features_drop,,,False,False,results_v2/binary/results.csv
entity,NF-CICIDS2018-v3,autoencoder,temporal,drop,binary,42,ok,,48.0,2.0,560256.0,120055.0,120054.0,0.0,0.0,0.0,136330.0,34492.0,35563.0,8.0,19.0,0.5819460252468516,212.0,0.980700351508488,0.56966987072566,0.9866872696431483,0.1491002570694087,0.5445133426156928,0.6917779558662353,0.0168385655850836,120054.0,2.0,0.56966987072566,2.0,identity_features_drop,,,False,False,results_v2/binary/results.csv
entity,NF-CICIDS2018-v3,xgboost,disjoint_ip,keep,binary,42,ok,,52.0,2.0,560255.0,120055.0,120055.0,0.0,0.0,0.0,80139.0,50868.0,50869.0,175.0,175.0,0.8845840117645765,10.8,0.999150389404856,0.8709993676808298,0.9991525313418892,0.7424242424242424,0.869138150034648,0.8728795233411991,0.000433846718617,120055.0,2.0,0.8709993676808298,2.0,identity_features_keep,,,False,False,results_v2/binary/results.csv
entity,NF-CICIDS2018-v3,mlp,disjoint_ip,keep,binary,42,ok,,52.0,2.0,560255.0,120055.0,120055.0,0.0,0.0,0.0,80139.0,50868.0,50869.0,28.0,39.0,0.5900353795983985,294.7,0.9887551538878014,0.5880784274854559,0.9930053964312864,0.1818181818181818,0.5514192017434403,0.8752750611065734,0.0108711975838075,120055.0,2.0,0.5880784274854559,2.0,identity_features_keep,,,False,False,results_v2/binary/results.csv
entity,NF-CICIDS2018-v3,transformer,disjoint_ip,keep,binary,42,ok,,52.0,2.0,560255.0,120055.0,120055.0,0.0,0.0,0.0,80139.0,50868.0,50869.0,27.0,38.0,0.6539455983083885,612.1,0.9942776227562368,0.6554065735275978,0.9960053658550136,0.3136863136863136,0.5974691024421043,0.8957781301782405,0.0053980543643311,120055.0,2.0,0.6554065735275978,2.0,identity_features_keep,,,False,False,results_v2/binary/results.csv
entity,NF-CICIDS2018-v3,autoencoder,disjoint_ip,keep,binary,42,ok,,52.0,2.0,560255.0,120055.0,120055.0,0.0,0.0,0.0,80139.0,50868.0,50869.0,31.0,42.0,0.6151714911633002,374.7,0.9921452667527384,0.6193112222401842,0.9948157639489352,0.242570281124498,0.5718487187904849,0.8795068030163951,0.0074838558961437,120055.0,2.0,0.6193112222401842,2.0,identity_features_keep,,,False,False,results_v2/binary/results.csv
entity,NF-CICIDS2018-v3,xgboost,disjoint_ip,drop,binary,42,ok,,48.0,2.0,560255.0,120055.0,120055.0,0.0,0.0,0.0,80139.0,50868.0,50869.0,508.0,508.0,0.8315921382888659,14.8,0.9987339136229229,0.8245676978821562,0.9987921529674328,0.6497695852534562,0.7972346666706107,0.8574675464104605,0.000800947788216,120055.0,2.0,0.8245676978821562,2.0,identity_features_drop,,,False,False,results_v2/binary/results.csv
entity,NF-CICIDS2018-v3,mlp,disjoint_ip,drop,binary,42,ok,,48.0,2.0,560255.0,120055.0,120055.0,0.0,0.0,0.0,80139.0,50868.0,50869.0,8.0,19.0,0.5767650967706833,150.1,0.9861146974303444,0.5731886471592836,0.9916221964495078,0.1533773489080751,0.5424127745698617,0.8764865623983304,0.0135243371322731,120055.0,2.0,0.5731886471592836,2.0,identity_features_drop,,,False,False,results_v2/binary/results.csv
entity,NF-CICIDS2018-v3,transformer,disjoint_ip,drop,binary,42,ok,,48.0,2.0,560255.0,120055.0,120055.0,0.0,0.0,0.0,80139.0,50868.0,50869.0,9.0,20.0,0.6455514073270182,326.5,0.9935362958643956,0.6357600182662113,0.9955689618614236,0.2747663551401869,0.5839826766432649,0.8700678628763157,0.0060571676483839,120055.0,2.0,0.6357600182662113,2.0,identity_features_drop,,,False,False,results_v2/binary/results.csv
entity,NF-CICIDS2018-v3,autoencoder,disjoint_ip,drop,binary,42,ok,,48.0,2.0,560255.0,120055.0,120055.0,0.0,0.0,0.0,80139.0,50868.0,50869.0,30.0,41.0,0.5984770288638853,377.8,0.9905543292657532,0.6022269050369995,0.9939589584730428,0.209205020920502,0.5604327763202114,0.8761761273683164,0.0090690650603213,120055.0,2.0,0.6022269050369995,2.0,identity_features_drop,,,False,False,results_v2/binary/results.csv
entity,NF-CSE-CIC-IDS2018-v2,xgboost,random,keep,binary,42,ok,,43.0,2.0,577526.0,123755.0,123757.0,0.0,0.0,0.0,186547.0,79240.0,79411.0,436.0,436.0,0.843750821313766,12.3,0.999135402441882,0.8381521412276554,0.9991419238904105,0.676737160120846,0.8331270042911046,0.8433317339942743,0.0004530964286292,123757.0,2.0,0.8381521412276554,2.0,identity_features_keep,,,False,False,results_v2/binary/results.csv
entity,NF-CSE-CIC-IDS2018-v2,mlp,random,keep,binary,42,ok,,43.0,2.0,577526.0,123755.0,123757.0,0.0,0.0,0.0,186547.0,79240.0,79411.0,12.0,23.0,0.5978954867509294,179.9,0.992638800229482,0.5881604032774961,0.9952276783144364,0.18001800180018,0.5524861201743313,0.8033178790123332,0.006861174490671,123757.0,2.0,0.5881604032774961,2.0,identity_features_keep,,,False,False,results_v2/binary/results.csv
entity,NF-CSE-CIC-IDS2018-v2,transformer,random,keep,binary,42,ok,,43.0,2.0,577526.0,123755.0,123757.0,0.0,0.0,0.0,186547.0,79240.0,79411.0,9.0,20.0,0.6105855567586863,330.4,0.9936569244567984,0.5999307378567894,0.9957703180397766,0.2030456852791878,0.5605710176396306,0.803827612494541,0.0058417075262553,123757.0,2.0,0.5999307378567894,2.0,identity_features_keep,,,False,False,results_v2/binary/results.csv
entity,NF-CSE-CIC-IDS2018-v2,autoencoder,random,keep,binary,42,ok,,43.0,2.0,577526.0,123755.0,123757.0,0.0,0.0,0.0,186547.0,79240.0,79411.0,18.0,29.0,0.6153995036131377,293.6,0.9941094241133834,0.6027563835388413,0.996005082219654,0.2084690553745928,0.5630521783206895,0.7918004040738571,0.0053562470670097,123757.0,2.0,0.6027563835388413,2.0,identity_features_keep,,,False,False,results_v2/binary/results.csv
entity,NF-CSE-CIC-IDS2018-v2,xgboost,random,drop,binary,42,ok,,39.0,2.0,577526.0,123755.0,123757.0,0.0,0.0,0.0,186547.0,79240.0,79411.0,436.0,436.0,0.6636982382832253,9.8,0.9967597792448104,0.6773580451958015,0.997530178281734,0.3563402889245586,0.6204413009802066,0.8390789167103729,0.0028237616712785,123757.0,2.0,0.6773580451958015,2.0,identity_features_drop,,,False,False,results_v2/binary/results.csv
entity,NF-CSE-CIC-IDS2018-v2,mlp,random,drop,binary,42,ok,,39.0,2.0,577526.0,123755.0,123757.0,0.0,0.0,0.0,186547.0,79240.0,79411.0,12.0,23.0,0.6059352441210748,175.2,0.9935114781386104,0.594041023319589,0.995681876572714,0.1913393756294058,0.5569523287452118,0.788437597631906,0.0059468906257585,123757.0,2.0,0.594041023319589,2.0,identity_features_drop,,,False,False,results_v2/binary/results.csv
entity,NF-CSE-CIC-IDS2018-v2,transformer,random,drop,binary,42,ok,,39.0,2.0,577526.0,123755.0,123757.0,0.0,0.0,0.0,186547.0,79240.0,79411.0,13.0,24.0,0.6564529698193766,342.1,0.9963638420452984,0.6385117398903903,0.99722989685142,0.2788461538461538,0.5940518853663905,0.7653581472128563,0.0030260368626308,123757.0,2.0,0.6385117398903903,2.0,identity_features_drop,,,False,False,results_v2/binary/results.csv
entity,NF-CSE-CIC-IDS2018-v2,autoencoder,random,drop,binary,42,ok,,39.0,2.0,577526.0,123755.0,123757.0,0.0,0.0,0.0,186547.0,79240.0,79411.0,21.0,32.0,0.6090513058049642,311.7,0.993939736742164,0.6003899740761242,0.9959136540470722,0.2038216560509554,0.5613450518331644,0.7917154484934892,0.0055261582277456,123757.0,2.0,0.6003899740761242,2.0,identity_features_drop,,,False,False,results_v2/binary/results.csv
entity,NF-CSE-CIC-IDS2018-v2,xgboost,temporal,keep,binary,42,skipped,dataset has no timestamp column,,,,,,,,,,,,,,,,,,,,,,,,,,,,,,,,results_v2/binary/results.csv
entity,NF-CSE-CIC-IDS2018-v2,mlp,temporal,keep,binary,42,skipped,dataset has no timestamp column,,,,,,,,,,,,,,,,,,,,,,,,,,,,,,,,results_v2/binary/results.csv
entity,NF-CSE-CIC-IDS2018-v2,transformer,temporal,keep,binary,42,skipped,dataset has no timestamp column,,,,,,,,,,,,,,,,,,,,,,,,,,,,,,,,results_v2/binary/results.csv
entity,NF-CSE-CIC-IDS2018-v2,autoencoder,temporal,keep,binary,42,skipped,dataset has no timestamp column,,,,,,,,,,,,,,,,,,,,,,,,,,,,,,,,results_v2/binary/results.csv
entity,NF-CSE-CIC-IDS2018-v2,xgboost,temporal,drop,binary,42,skipped,dataset has no timestamp column,,,,,,,,,,,,,,,,,,,,,,,,,,,,,,,,results_v2/binary/results.csv
entity,NF-CSE-CIC-IDS2018-v2,mlp,temporal,drop,binary,42,skipped,dataset has no timestamp column,,,,,,,,,,,,,,,,,,,,,,,,,,,,,,,,results_v2/binary/results.csv
entity,NF-CSE-CIC-IDS2018-v2,transformer,temporal,drop,binary,42,skipped,dataset has no timestamp column,,,,,,,,,,,,,,,,,,,,,,,,,,,,,,,,results_v2/binary/results.csv
entity,NF-CSE-CIC-IDS2018-v2,autoencoder,temporal,drop,binary,42,skipped,dataset has no timestamp column,,,,,,,,,,,,,,,,,,,,,,,,,,,,,,,,results_v2/binary/results.csv
entity,NF-CSE-CIC-IDS2018-v2,xgboost,disjoint_ip,keep,binary,42,ok,,43.0,2.0,577526.0,123756.0,123756.0,0.0,0.0,0.0,99660.0,62454.0,62454.0,291.0,291.0,0.6859316592895459,12.4,0.9988929829664824,0.644800749978521,0.9987468331976812,0.2901554404145077,0.6968031010170657,0.614580197977266,0.0003478007667793,123756.0,2.0,0.644800749978521,2.0,identity_features_keep,,,False,False,results_v2/binary/results.csv
entity,NF-CSE-CIC-IDS2018-v2,mlp,disjoint_ip,keep,binary,42,ok,,43.0,2.0,577526.0,123756.0,123756.0,0.0,0.0,0.0,99660.0,62454.0,62454.0,7.0,18.0,0.5735716229119944,145.3,0.9917014124567698,0.5653121543812836,0.9949818917816006,0.134793597304128,0.5373875237471073,0.8238853204209039,0.0079670640762249,123756.0,2.0,0.5653121543812836,2.0,identity_features_keep,,,False,False,results_v2/binary/results.csv
entity,NF-CSE-CIC-IDS2018-v2,transformer,disjoint_ip,keep,binary,42,ok,,43.0,2.0,577526.0,123756.0,123756.0,0.0,0.0,0.0,99660.0,62454.0,62454.0,6.0,17.0,0.5935484186287184,278.2,0.9941255373476842,0.5877916510577663,0.9962453216833844,0.1785310734463276,0.5515945248895293,0.821004262448894,0.0055324587087694,123756.0,2.0,0.5877916510577663,2.0,identity_features_keep,,,False,False,results_v2/binary/results.csv
entity,NF-CSE-CIC-IDS2018-v2,autoencoder,disjoint_ip,keep,binary,42,ok,,43.0,2.0,577526.0,123756.0,123756.0,0.0,0.0,0.0,99660.0,62454.0,62454.0,18.0,29.0,0.5964051490525594,288.8,0.9939720094379264,0.5849619914780566,0.9961626470387988,0.1729490022172949,0.5498211033047099,0.8168331062838303,0.0056780497274212,123756.0,2.0,0.5849619914780566,2.0,identity_features_keep,,,False,False,results_v2/binary/results.csv
entity,NF-CSE-CIC-IDS2018-v2,xgboost,disjoint_ip,drop,binary,42,ok,,39.0,2.0,577526.0,123756.0,123756.0,0.0,0.0,0.0,99660.0,62454.0,62454.0,411.0,411.0,0.6725555205795125,14.3,0.9972526584569636,0.6537833413311058,0.9979436987497272,0.3089430894308943,0.6025162958169945,0.8102864165170757,0.0023779866379798,123756.0,2.0,0.6537833413311058,2.0,identity_features_drop,,,False,False,results_v2/binary/results.csv
entity,NF-CSE-CIC-IDS2018-v2,mlp,disjoint_ip,drop,binary,42,ok,,39.0,2.0,577526.0,123756.0,123756.0,0.0,0.0,0.0,99660.0,62454.0,62454.0,24.0,35.0,0.5809051698258175,277.0,0.9930427615630756,0.5766080402869644,0.9956790900629456,0.1567091087169441,0.544322951659898,0.8245566567846874,0.0066243913486581,123756.0,2.0,0.5766080402869644,2.0,identity_features_drop,,,False,False,results_v2/binary/results.csv
entity,NF-CSE-CIC-IDS2018-v2,transformer,disjoint_ip,drop,binary,42,ok,,39.0,2.0,577526.0,123756.0,123756.0,0.0,0.0,0.0,99660.0,62454.0,62454.0,5.0,16.0,0.6268149156528285,270.3,0.9977213226025404,0.6283768231254212,0.9981284589331793,0.2578947368421053,0.5946656889651165,0.6999744353839744,0.0016904734943462,123756.0,2.0,0.6283768231254212,2.0,identity_features_drop,,,False,True,results_v2/binary/results.csv
entity,NF-CSE-CIC-IDS2018-v2,autoencoder,disjoint_ip,drop,binary,42,ok,,39.0,2.0,577526.0,123756.0,123756.0,0.0,0.0,0.0,99660.0,62454.0,62454.0,10.0,21.0,0.5910239558813959,230.8,0.993616471120592,0.5808504261470013,0.9959759024663414,0.1649048625792812,0.5471511363611234,0.8166551617054781,0.0060339388841257,123756.0,2.0,0.5808504261470013,2.0,identity_features_drop,,,False,False,results_v2/binary/results.csv
entity,NF-ToN-IoT-v2,xgboost,random,keep,binary,42,ok,,43.0,2.0,386470.0,82815.0,82816.0,0.0,0.0,0.0,16214.0,3632.0,3649.0,398.0,398.0,0.9961483593282636,7.3,0.9965103361669244,0.996337892572026,0.9965115931983044,0.9955432184439816,0.9959831860542244,0.9966983466962578,0.0041617947244297,82816.0,2.0,0.996337892572026,2.0,identity_features_keep,,,False,False,results_v2/binary/results.csv
entity,NF-ToN-IoT-v2,mlp,random,keep,binary,42,ok,,43.0,2.0,386470.0,82815.0,82816.0,0.0,0.0,0.0,16214.0,3632.0,3649.0,48.0,59.0,0.9904207707748516,295.5,0.9906419049459042,0.990189452999168,0.9906499694534732,0.9880826067567776,0.9893612179971653,0.9910510198884976,0.0108206662835173,82816.0,2.0,0.990189452999168,2.0,identity_features_keep,,,False,False,results_v2/binary/results.csv
entity,NF-ToN-IoT-v2,transformer,random,keep,binary,42,ok,,43.0,2.0,386470.0,82815.0,82816.0,0.0,0.0,0.0,16214.0,3632.0,3649.0,25.0,36.0,0.9896648974781804,391.4,0.9905815301391035,0.9901166004991482,0.9905851539087056,0.9879729854750672,0.9897427101800058,0.9904970096797152,0.0091163122535127,82816.0,2.0,0.9901166004991482,2.0,identity_features_keep,,,False,False,results_v2/binary/results.csv
entity,NF-ToN-IoT-v2,autoencoder,random,keep,binary,42,ok,,43.0,2.0,386470.0,82815.0,82816.0,0.0,0.0,0.0,16214.0,3632.0,3649.0,33.0,44.0,0.9889885185949464,244.7,0.9896276081916536,0.9891226805654404,0.9896349374667304,0.986779123635972,0.9884425384065896,0.9898250673460522,0.0110783011950296,82816.0,2.0,0.9891226805654404,2.0,identity_features_keep,,,False,False,results_v2/binary/results.csv
entity,NF-ToN-IoT-v2,xgboost,random,drop,binary,42,ok,,39.0,2.0,386470.0,82815.0,82816.0,0.0,0.0,0.0,16214.0,3632.0,3649.0,587.0,587.0,0.9939455278278022,8.9,0.993950444358578,0.9936519909077056,0.993952854324072,0.992275551581122,0.9932621836485236,0.994048817656062,0.0064012366475752,82816.0,2.0,0.9936519909077056,2.0,identity_features_drop,,,False,False,results_v2/binary/results.csv
entity,NF-ToN-IoT-v2,mlp,random,drop,binary,42,ok,,39.0,2.0,386470.0,82815.0,82816.0,0.0,0.0,0.0,16214.0,3632.0,3649.0,70.0,81.0,0.9848697487669318,420.1,0.985642870942813,0.9849500307286192,0.9856558551170111,0.9817209094962104,0.9840911133371862,0.9858455085868914,0.0150815513585287,82816.0,2.0,0.9849500307286192,2.0,identity_features_drop,,,False,False,results_v2/binary/results.csv
entity,NF-ToN-IoT-v2,transformer,random,drop,binary,42,ok,,39.0,2.0,386470.0,82815.0,82816.0,0.0,0.0,0.0,16214.0,3632.0,3649.0,51.0,62.0,0.9858146420589284,612.3,0.98633114374034,0.98566863470848,0.9863421570321198,0.9825872942624212,0.9849004370213338,0.9864657593031728,0.0141501020630611,82816.0,2.0,0.98566863470848,2.0,identity_features_drop,,,False,False,results_v2/binary/results.csv
entity,NF-ToN-IoT-v2,autoencoder,random,drop,binary,42,ok,,39.0,2.0,386470.0,82815.0,82816.0,0.0,0.0,0.0,16214.0,3632.0,3649.0,28.0,39.0,0.9824512735614104,222.2,0.9835056027820712,0.9826993489109936,0.9835157046316696,0.9789645508023036,0.9821163492818828,0.9832988786146808,0.0157553657424839,82816.0,2.0,0.9826993489109936,2.0,identity_features_drop,,,False,False,results_v2/binary/results.csv
entity,NF-ToN-IoT-v2,xgboost,temporal,keep,binary,42,skipped,dataset has no timestamp column,,,,,,,,,,,,,,,,,,,,,,,,,,,,,,,,results_v2/binary/results.csv
entity,NF-ToN-IoT-v2,mlp,temporal,keep,binary,42,skipped,dataset has no timestamp column,,,,,,,,,,,,,,,,,,,,,,,,,,,,,,,,results_v2/binary/results.csv
entity,NF-ToN-IoT-v2,transformer,temporal,keep,binary,42,skipped,dataset has no timestamp column,,,,,,,,,,,,,,,,,,,,,,,,,,,,,,,,results_v2/binary/results.csv
entity,NF-ToN-IoT-v2,autoencoder,temporal,keep,binary,42,skipped,dataset has no timestamp column,,,,,,,,,,,,,,,,,,,,,,,,,,,,,,,,results_v2/binary/results.csv
entity,NF-ToN-IoT-v2,xgboost,temporal,drop,binary,42,skipped,dataset has no timestamp column,,,,,,,,,,,,,,,,,,,,,,,,,,,,,,,,results_v2/binary/results.csv
entity,NF-ToN-IoT-v2,mlp,temporal,drop,binary,42,skipped,dataset has no timestamp column,,,,,,,,,,,,,,,,,,,,,,,,,,,,,,,,results_v2/binary/results.csv
entity,NF-ToN-IoT-v2,transformer,temporal,drop,binary,42,skipped,dataset has no timestamp column,,,,,,,,,,,,,,,,,,,,,,,,,,,,,,,,results_v2/binary/results.csv
entity,NF-ToN-IoT-v2,autoencoder,temporal,drop,binary,42,skipped,dataset has no timestamp column,,,,,,,,,,,,,,,,,,,,,,,,,,,,,,,,results_v2/binary/results.csv
entity,NF-ToN-IoT-v2,xgboost,disjoint_ip,keep,binary,42,ok,,43.0,2.0,386471.0,82815.0,82815.0,0.0,0.0,0.0,7709.0,7682.0,7688.0,2.0,2.0,0.8932779336781383,3.6,0.9402765199541144,0.9393431443240964,0.940538552010668,0.9468674802337572,0.9366651730617436,0.944405967677962,0.0296017686410749,82815.0,2.0,0.9393431443240964,2.0,identity_features_keep,,,False,False,results_v2/binary/results.csv
entity,NF-ToN-IoT-v2,mlp,disjoint_ip,keep,binary,42,ok,,43.0,2.0,386471.0,82815.0,82815.0,0.0,0.0,0.0,7709.0,7682.0,7688.0,6.0,17.0,0.5925189030998287,88.7,0.6602064843325485,0.6490290199593001,0.6390782858934749,0.5863954377094479,0.7740993926400441,0.7063879932574388,0.0029285939877688,82815.0,2.0,0.6490290199593001,2.0,identity_features_keep,,,False,False,results_v2/binary/results.csv
entity,NF-ToN-IoT-v2,transformer,disjoint_ip,keep,binary,42,ok,,43.0,2.0,386471.0,82815.0,82815.0,0.0,0.0,0.0,7709.0,7682.0,7688.0,19.0,30.0,0.354490263200752,324.2,0.5181186983034475,0.4674525218723788,0.4413557913954148,0.3031900962092507,0.7002632095259878,0.5818073060125036,0.0173131585747509,82815.0,2.0,0.4674525218723788,2.0,identity_features_keep,,,False,False,results_v2/binary/results.csv
entity,NF-ToN-IoT-v2,autoencoder,disjoint_ip,keep,binary,42,ok,,43.0,2.0,386471.0,82815.0,82815.0,0.0,0.0,0.0,7709.0,7682.0,7688.0,11.0,22.0,0.5959475242788785,160.7,0.6795749562277366,0.6712959920596792,0.6630082090908646,0.6191296360087266,0.7811953316914932,0.7230382229223051,0.0033879812799678,82815.0,2.0,0.6712959920596792,2.0,identity_features_keep,,,False,False,results_v2/binary/results.csv
entity,NF-ToN-IoT-v2,xgboost,disjoint_ip,drop,binary,42,ok,,39.0,2.0,386471.0,82815.0,82815.0,0.0,0.0,0.0,7709.0,7682.0,7688.0,53.0,53.0,0.9418525467745004,3.8,0.9528225563001872,0.9520463899347392,0.9530156402071576,0.9581472078499428,0.94933493454736,0.956759267037504,0.0184616268052484,82815.0,2.0,0.9520463899347392,2.0,identity_features_drop,,,False,False,results_v2/binary/results.csv
entity,NF-ToN-IoT-v2,mlp,disjoint_ip,drop,binary,42,ok,,39.0,2.0,386471.0,82815.0,82815.0,0.0,0.0,0.0,7709.0,7682.0,7688.0,7.0,18.0,0.9159806139848864,96.3,0.9350359234438206,0.934033850463482,0.9353255399121264,0.9421642192169596,0.9313875747650906,0.9391595643109404,0.0348847225013638,82815.0,2.0,0.934033850463482,2.0,identity_features_drop,,,False,False,results_v2/binary/results.csv
entity,NF-ToN-IoT-v2,transformer,disjoint_ip,drop,binary,42,ok,,39.0,2.0,386471.0,82815.0,82815.0,0.0,0.0,0.0,7709.0,7682.0,7688.0,8.0,19.0,0.9166975133076088,208.6,0.9668538308277486,0.9659329234779068,0.9668227867271628,0.9715340502535492,0.966837912797637,0.9650922000148824,0.0459961526314278,82815.0,2.0,0.9659329234779068,2.0,identity_features_drop,,,False,False,results_v2/binary/results.csv
entity,NF-ToN-IoT-v2,autoencoder,disjoint_ip,drop,binary,42,ok,,39.0,2.0,386471.0,82815.0,82815.0,0.0,0.0,0.0,7709.0,7682.0,7688.0,23.0,34.0,0.9193024757763724,205.5,0.9433073718529252,0.9424513999717056,0.9435664516589536,0.9494699456492494,0.9397321591518976,0.9478557770129336,0.0235148870194378,82815.0,2.0,0.9424513999717056,2.0,identity_features_drop,,,False,False,results_v2/binary/results.csv
entity,NF-ToN-IoT-v3,xgboost,random,keep,binary,42,ok,,52.0,2.0,409983.0,87854.0,87853.0,0.0,0.0,0.0,10946.0,2598.0,2561.0,371.0,371.0,0.9741483762285535,8.9,0.9782136068204842,0.9741911787268368,0.9783319032958616,0.9640022569117924,0.9692500566792284,0.9795554126989264,0.0237463174592897,87853.0,2.0,0.9741911787268368,2.0,identity_features_keep,,,False,False,results_v2/binary/results.csv
entity,NF-ToN-IoT-v3,mlp,random,keep,binary,42,ok,,52.0,2.0,409983.0,87854.0,87853.0,0.0,0.0,0.0,10946.0,2598.0,2561.0,6.0,17.0,0.9342233397315838,93.7,0.9439745939239412,0.934724859162256,0.9447107465015092,0.9101529699536344,0.9245352141541467,0.9474749689040588,0.0611382692868011,87853.0,2.0,0.934724859162256,2.0,identity_features_keep,,,False,False,results_v2/binary/results.csv
entity,NF-ToN-IoT-v3,transformer,random,keep,binary,42,ok,,52.0,2.0,409983.0,87854.0,87853.0,0.0,0.0,0.0,10946.0,2598.0,2561.0,27.0,38.0,0.956959005696936,444.5,0.9645202781919798,0.957648528172886,0.9645814458549168,0.9405889640712856,0.9560905840343372,0.9592467477104718,0.027776878500437,87853.0,2.0,0.957648528172886,2.0,identity_features_keep,,,False,False,results_v2/binary/results.csv
entity,NF-ToN-IoT-v3,autoencoder,random,keep,binary,42,ok,,52.0,2.0,409983.0,87854.0,87853.0,0.0,0.0,0.0,10946.0,2598.0,2561.0,8.0,19.0,0.9385940859230206,137.9,0.948197557283189,0.9383004412438544,0.9483429790132047,0.913589154499022,0.935891741837233,0.9408141873911122,0.0410178380653307,87853.0,2.0,0.9383004412438544,2.0,identity_features_keep,,,False,False,results_v2/binary/results.csv
entity,NF-ToN-IoT-v3,xgboost,random,drop,binary,42,ok,,48.0,2.0,409983.0,87854.0,87853.0,0.0,0.0,0.0,10946.0,2598.0,2561.0,460.0,460.0,0.9640014354187728,9.5,0.9688570680568678,0.9634030681322376,0.9691446031258708,0.949275093626015,0.9554578761727248,0.9726033460297498,0.0366149762051215,87853.0,2.0,0.9634030681322376,2.0,identity_features_drop,,,False,False,results_v2/binary/results.csv
entity,NF-ToN-IoT-v3,mlp,random,drop,binary,42,ok,,48.0,2.0,409983.0,87854.0,87853.0,0.0,0.0,0.0,10946.0,2598.0,2561.0,37.0,48.0,0.9237921936388512,281.6,0.9335025554050516,0.9237202526787928,0.93482153853225,0.8964037452120868,0.9098931652241352,0.943852228498747,0.0816148143352002,87853.0,2.0,0.9237202526787928,2.0,identity_features_drop,,,False,False,results_v2/binary/results.csv
entity,NF-ToN-IoT-v3,transformer,random,drop,binary,42,ok,,48.0,2.0,409983.0,87854.0,87853.0,0.0,0.0,0.0,10946.0,2598.0,2561.0,24.0,35.0,0.9278424048123296,386.8,0.937304360693431,0.9275350803960316,0.9383480082708512,0.9009281243254912,0.915335278025032,0.9439955235750116,0.0724691637799864,87853.0,2.0,0.9275350803960316,2.0,identity_features_drop,,,False,False,results_v2/binary/results.csv
entity,NF-ToN-IoT-v3,autoencoder,random,drop,binary,42,ok,,48.0,2.0,409983.0,87854.0,87853.0,0.0,0.0,0.0,10946.0,2598.0,2561.0,21.0,32.0,0.9371439607248296,207.2,0.946990996323404,0.936053132685294,0.9468010422320392,0.90960616471593,0.9392596982627864,0.93300788829529,0.0325844151639742,87853.0,2.0,0.936053132685294,2.0,identity_features_drop,,,False,False,results_v2/binary/results.csv
entity,NF-ToN-IoT-v3,xgboost,temporal,keep,binary,42,ok,,52.0,2.0,409983.0,87854.0,87853.0,0.0,0.0,0.0,15157.0,128.0,221.0,47.0,47.0,0.940343051009163,3.7,0.7409877864159449,0.5884431836584421,0.7562776120784167,0.3378822707830186,0.5821849019877994,0.6043372621446208,0.1916564417177914,87853.0,2.0,0.5884431836584421,2.0,identity_features_keep,,,False,False,results_v2/binary/results.csv
entity,NF-ToN-IoT-v3,mlp,temporal,keep,binary,42,ok,,52.0,2.0,409983.0,87854.0,87853.0,0.0,0.0,0.0,15157.0,128.0,221.0,29.0,40.0,0.9469789544652264,216.9,0.79515782045007,0.715556157407276,0.8163483911905853,0.5650828942916526,0.694449480598035,0.799550791291988,0.2070074982958418,87853.0,2.0,0.715556157407276,2.0,identity_features_keep,,,False,False,results_v2/binary/results.csv
entity,NF-ToN-IoT-v3,transformer,temporal,keep,binary,42,ok,,52.0,2.0,409983.0,87854.0,87853.0,0.0,0.0,0.0,15157.0,128.0,221.0,22.0,33.0,0.9474882078780452,377.7,0.754385166129785,0.604537813253951,0.7675968042612588,0.3611061763486706,0.5969399985543153,0.6204368646949429,0.1795910020449897,87853.0,2.0,0.604537813253951,2.0,identity_features_keep,,,False,False,results_v2/binary/results.csv
entity,NF-ToN-IoT-v3,autoencoder,temporal,keep,binary,42,ok,,52.0,2.0,409983.0,87854.0,87853.0,0.0,0.0,0.0,15157.0,128.0,221.0,45.0,56.0,0.944337283017494,325.2,0.8013272170557636,0.7220209683619423,0.8214761589189014,0.5735437842064113,0.6995671994238172,0.8045177198371058,0.2002453987730061,87853.0,2.0,0.7220209683619423,2.0,identity_features_keep,,,False,False,results_v2/binary/results.csv
entity,NF-ToN-IoT-v3,xgboost,temporal,drop,binary,42,ok,,48.0,2.0,409983.0,87854.0,87853.0,0.0,0.0,0.0,15157.0,128.0,221.0,40.0,40.0,0.9443617760641664,3.4,0.7168907151719349,0.6213429917627928,0.7487522251691916,0.4311330680206761,0.6179795217848226,0.6900043471719481,0.2698568507157464,87853.0,2.0,0.6213429917627928,2.0,identity_features_drop,,,False,False,results_v2/binary/results.csv
entity,NF-ToN-IoT-v3,mlp,temporal,drop,binary,42,ok,,48.0,2.0,409983.0,87854.0,87853.0,0.0,0.0,0.0,15157.0,128.0,221.0,16.0,27.0,0.936418552628557,151.0,0.3974024791412928,0.3869878766043869,0.4405088018938206,0.3070862019318866,0.5413570314351326,0.5624567420199972,0.6839536468984322,87853.0,2.0,0.3869878766043869,2.0,identity_features_drop,,,False,False,results_v2/binary/results.csv
entity,NF-ToN-IoT-v3,transformer,temporal,drop,binary,42,ok,,48.0,2.0,409983.0,87854.0,87853.0,0.0,0.0,0.0,15157.0,128.0,221.0,18.0,29.0,0.942950585507334,335.8,0.6440076036105767,0.4884687114535361,0.6774084601688645,0.2063995534015072,0.4987518586909035,0.4981605634468782,0.2841036128152692,87853.0,2.0,0.4884687114535361,2.0,identity_features_drop,,,False,False,results_v2/binary/results.csv
entity,NF-ToN-IoT-v3,autoencoder,temporal,drop,binary,42,ok,,48.0,2.0,409983.0,87854.0,87853.0,0.0,0.0,0.0,15157.0,128.0,221.0,39.0,50.0,0.9400574220451388,318.8,0.3815578295561904,0.3748638444703196,0.4181947145999247,0.3101749574667987,0.5465581486049355,0.5663549421479259,0.7095296523517383,87853.0,2.0,0.3748638444703196,2.0,identity_features_drop,,,False,False,results_v2/binary/results.csv
entity,NF-ToN-IoT-v3,xgboost,disjoint_ip,keep,binary,42,ok,,52.0,2.0,409983.0,87854.0,87853.0,0.0,0.0,0.0,5098.0,5087.0,5085.0,5.0,5.0,0.4488999882597846,4.2,0.3849840073759575,0.293550107900454,0.23365780831046,0.0393976567639162,0.4718156636283047,0.4973846733771263,0.0256440804169769,87853.0,2.0,0.293550107900454,2.0,identity_features_keep,,,False,False,results_v2/binary/results.csv
entity,NF-ToN-IoT-v3,mlp,disjoint_ip,keep,binary,42,ok,,52.0,2.0,409983.0,87854.0,87853.0,0.0,0.0,0.0,5098.0,5087.0,5085.0,4.0,15.0,0.7736422800339386,86.3,0.8292488588892809,0.8216079391691429,0.8303083000186653,0.85852784457962,0.8183613619173142,0.826368825919962,0.1858525688756515,87853.0,2.0,0.8216079391691429,2.0,identity_features_keep,,,False,True,results_v2/binary/results.csv
entity,NF-ToN-IoT-v3,transformer,disjoint_ip,keep,binary,42,ok,,52.0,2.0,409983.0,87854.0,87853.0,0.0,0.0,0.0,5098.0,5087.0,5085.0,4.0,15.0,0.43767325501082,178.1,0.5247857216031325,0.5081862392880229,0.4868938550024148,0.4178321922106173,0.6506334279851913,0.6014815610882417,0.073060312732688,87853.0,2.0,0.5081862392880229,2.0,identity_features_keep,,,False,True,results_v2/binary/results.csv
entity,NF-ToN-IoT-v3,autoencoder,disjoint_ip,keep,binary,42,ok,,52.0,2.0,409983.0,87854.0,87853.0,0.0,0.0,0.0,5098.0,5087.0,5085.0,10.0,21.0,0.8282201965113789,147.6,0.74437981628402,0.7412841320961437,0.7479532215593695,0.7695843550885977,0.7464390229510964,0.7608549315776696,0.1692330603127327,87853.0,2.0,0.7412841320961437,2.0,identity_features_keep,,,False,False,results_v2/binary/results.csv
entity,NF-ToN-IoT-v3,xgboost,disjoint_ip,drop,binary,42,ok,,48.0,2.0,409983.0,87854.0,87853.0,0.0,0.0,0.0,5098.0,5087.0,5085.0,15.0,15.0,0.803787624103085,3.5,0.8785129705303177,0.8632597083702271,0.8740220383579701,0.9089295618413756,0.902871778665028,0.846834095078268,0.2875949367088607,87853.0,2.0,0.8632597083702271,2.0,identity_features_drop,,,False,False,results_v2/binary/results.csv
entity,NF-ToN-IoT-v3,mlp,disjoint_ip,drop,binary,42,ok,,48.0,2.0,409983.0,87854.0,87853.0,0.0,0.0,0.0,5098.0,5087.0,5085.0,20.0,31.0,0.8259489721197246,173.5,0.8806073782340956,0.8647330207886117,0.8756529710209965,0.9110717343936786,0.9106038908472118,0.8469102165276541,0.2960833953834698,87853.0,2.0,0.8647330207886117,2.0,identity_features_drop,,,False,False,results_v2/binary/results.csv
entity,NF-ToN-IoT-v3,transformer,disjoint_ip,drop,binary,42,ok,,48.0,2.0,409983.0,87854.0,87853.0,0.0,0.0,0.0,5098.0,5087.0,5085.0,28.0,39.0,0.7479502124748353,463.1,0.8806415261857876,0.8647776824355815,0.875692213596411,0.9110934002577494,0.9106108439951988,0.846960572823338,0.2959642591213701,87853.0,2.0,0.8647776824355815,2.0,identity_features_drop,,,False,False,results_v2/binary/results.csv
entity,NF-ToN-IoT-v3,autoencoder,disjoint_ip,drop,binary,42,ok,,48.0,2.0,409983.0,87854.0,87853.0,0.0,0.0,0.0,5098.0,5087.0,5085.0,28.0,39.0,0.8412046439569624,260.7,0.8961333136034056,0.8857161441045073,0.8938471447128504,0.9202199742955316,0.908066108662294,0.8734938871412847,0.2225763216679076,87853.0,2.0,0.8857161441045073,2.0,identity_features_drop,,,False,False,results_v2/binary/results.csv
entity,NF-UNSW-NB15-v2,xgboost,random,keep,binary,42,ok,,43.0,2.0,608758.0,130448.0,130448.0,0.0,0.0,0.0,39.0,38.0,39.0,429.0,429.0,0.9835585620337663,11.3,0.9932693487059978,0.9830608883548462,0.9933362841414084,0.969910897875257,0.9737025622237244,0.9929298791113578,0.0066356829331267,130448.0,2.0,0.9830608883548462,2.0,identity_features_keep,,,False,False,results_v2/binary/results.csv
entity,NF-UNSW-NB15-v2,mlp,random,keep,binary,42,ok,,43.0,2.0,608758.0,130448.0,130448.0,0.0,0.0,0.0,39.0,38.0,39.0,15.0,26.0,0.9727228228935396,209.3,0.9885318287746842,0.971818939343294,0.9887770536350424,0.9501167055685228,0.9527552591723284,0.9932238566055948,0.0127807900852052,130448.0,2.0,0.971818939343294,2.0,identity_features_keep,,,False,False,results_v2/binary/results.csv
entity,NF-UNSW-NB15-v2,transformer,random,keep,binary,42,ok,,43.0,2.0,608758.0,130448.0,130448.0,0.0,0.0,0.0,39.0,38.0,39.0,28.0,39.0,0.9735081571089012,665.8,0.9890761069544952,0.973080612931246,0.9892951492226072,0.9523299769176732,0.9550921563474702,0.993129449081127,0.0120578363026077,130448.0,2.0,0.973080612931246,2.0,identity_features_keep,,,False,False,results_v2/binary/results.csv
entity,NF-UNSW-NB15-v2,autoencoder,random,keep,binary,42,ok,,43.0,2.0,608758.0,130448.0,130448.0,0.0,0.0,0.0,39.0,38.0,39.0,10.0,21.0,0.9728979077402344,224.2,0.988654483012388,0.9720359179232554,0.9888808849750788,0.950478484909322,0.954169248206661,0.991939060977884,0.012264394526207,130448.0,2.0,0.9720359179232554,2.0,identity_features_keep,,,False,False,results_v2/binary/results.csv
entity,NF-UNSW-NB15-v2,xgboost,random,drop,binary,42,ok,,39.0,2.0,608758.0,130448.0,130448.0,0.0,0.0,0.0,39.0,38.0,39.0,464.0,464.0,0.9790552949003328,11.2,0.9912992150128788,0.9782992940814088,0.991423722748636,0.9615032391547672,0.9651198900990264,0.9925315208759492,0.0090455288751183,130448.0,2.0,0.9782992940814088,2.0,identity_features_drop,,,False,False,results_v2/binary/results.csv
entity,NF-UNSW-NB15-v2,mlp,random,drop,binary,42,ok,,39.0,2.0,608758.0,130448.0,130448.0,0.0,0.0,0.0,39.0,38.0,39.0,29.0,40.0,0.9726011286398134,328.0,0.988623819452962,0.9720449906319842,0.988867077268986,0.9505168389463154,0.9529721048384032,0.9934600845754372,0.0127291505293054,130448.0,2.0,0.9720449906319842,2.0,identity_features_drop,,,False,False,results_v2/binary/results.csv
entity,NF-UNSW-NB15-v2,transformer,random,drop,binary,42,ok,,39.0,2.0,608758.0,130448.0,130448.0,0.0,0.0,0.0,39.0,38.0,39.0,13.0,24.0,0.9729483925206404,409.7,0.988731141910953,0.9722797583621228,0.988966549890964,0.9509247512853042,0.9536127513100272,0.9931819186317592,0.0125139857130562,130448.0,2.0,0.9722797583621228,2.0,identity_features_drop,,,False,False,results_v2/binary/results.csv
entity,NF-UNSW-NB15-v2,autoencoder,random,drop,binary,42,ok,,39.0,2.0,608758.0,130448.0,130448.0,0.0,0.0,0.0,39.0,38.0,39.0,28.0,39.0,0.973161512307751,374.7,0.9888844597080828,0.9726537263218756,0.9891160550798896,0.9515859766277128,0.9540181640822296,0.9935141024435152,0.0124107066012565,130448.0,2.0,0.9726537263218756,2.0,identity_features_drop,,,False,False,results_v2/binary/results.csv
entity,NF-UNSW-NB15-v2,xgboost,temporal,keep,binary,42,skipped,dataset has no timestamp column,,,,,,,,,,,,,,,,,,,,,,,,,,,,,,,,results_v2/binary/results.csv
entity,NF-UNSW-NB15-v2,mlp,temporal,keep,binary,42,skipped,dataset has no timestamp column,,,,,,,,,,,,,,,,,,,,,,,,,,,,,,,,results_v2/binary/results.csv
entity,NF-UNSW-NB15-v2,transformer,temporal,keep,binary,42,skipped,dataset has no timestamp column,,,,,,,,,,,,,,,,,,,,,,,,,,,,,,,,results_v2/binary/results.csv
entity,NF-UNSW-NB15-v2,autoencoder,temporal,keep,binary,42,skipped,dataset has no timestamp column,,,,,,,,,,,,,,,,,,,,,,,,,,,,,,,,results_v2/binary/results.csv
entity,NF-UNSW-NB15-v2,xgboost,temporal,drop,binary,42,skipped,dataset has no timestamp column,,,,,,,,,,,,,,,,,,,,,,,,,,,,,,,,results_v2/binary/results.csv
entity,NF-UNSW-NB15-v2,mlp,temporal,drop,binary,42,skipped,dataset has no timestamp column,,,,,,,,,,,,,,,,,,,,,,,,,,,,,,,,results_v2/binary/results.csv
entity,NF-UNSW-NB15-v2,transformer,temporal,drop,binary,42,skipped,dataset has no timestamp column,,,,,,,,,,,,,,,,,,,,,,,,,,,,,,,,results_v2/binary/results.csv
entity,NF-UNSW-NB15-v2,autoencoder,temporal,drop,binary,42,skipped,dataset has no timestamp column,,,,,,,,,,,,,,,,,,,,,,,,,,,,,,,,results_v2/binary/results.csv
entity,NF-UNSW-NB15-v2,xgboost,disjoint_ip,keep,binary,42,skipped,"no entity-disjoint partition over 40 entities gives every split >= 3 entities, >= 5% of rows and >= 2 classes",,,,,,,,,,,,,,,,,,,,,,,,,,,,,,,,results_v2/binary/results.csv
entity,NF-UNSW-NB15-v2,mlp,disjoint_ip,keep,binary,42,skipped,"no entity-disjoint partition over 40 entities gives every split >= 3 entities, >= 5% of rows and >= 2 classes",,,,,,,,,,,,,,,,,,,,,,,,,,,,,,,,results_v2/binary/results.csv
entity,NF-UNSW-NB15-v2,transformer,disjoint_ip,keep,binary,42,skipped,"no entity-disjoint partition over 40 entities gives every split >= 3 entities, >= 5% of rows and >= 2 classes",,,,,,,,,,,,,,,,,,,,,,,,,,,,,,,,results_v2/binary/results.csv
entity,NF-UNSW-NB15-v2,autoencoder,disjoint_ip,keep,binary,42,skipped,"no entity-disjoint partition over 40 entities gives every split >= 3 entities, >= 5% of rows and >= 2 classes",,,,,,,,,,,,,,,,,,,,,,,,,,,,,,,,results_v2/binary/results.csv
entity,NF-UNSW-NB15-v2,xgboost,disjoint_ip,drop,binary,42,skipped,"no entity-disjoint partition over 40 entities gives every split >= 3 entities, >= 5% of rows and >= 2 classes",,,,,,,,,,,,,,,,,,,,,,,,,,,,,,,,results_v2/binary/results.csv
entity,NF-UNSW-NB15-v2,mlp,disjoint_ip,drop,binary,42,skipped,"no entity-disjoint partition over 40 entities gives every split >= 3 entities, >= 5% of rows and >= 2 classes",,,,,,,,,,,,,,,,,,,,,,,,,,,,,,,,results_v2/binary/results.csv
entity,NF-UNSW-NB15-v2,transformer,disjoint_ip,drop,binary,42,skipped,"no entity-disjoint partition over 40 entities gives every split >= 3 entities, >= 5% of rows and >= 2 classes",,,,,,,,,,,,,,,,,,,,,,,,,,,,,,,,results_v2/binary/results.csv
entity,NF-UNSW-NB15-v2,autoencoder,disjoint_ip,drop,binary,42,skipped,"no entity-disjoint partition over 40 entities gives every split >= 3 entities, >= 5% of rows and >= 2 classes",,,,,,,,,,,,,,,,,,,,,,,,,,,,,,,,results_v2/binary/results.csv
entity,NF-UNSW-NB15-v3,xgboost,random,keep,binary,42,ok,,52.0,2.0,595896.0,127692.0,127692.0,0.0,0.0,0.0,40.0,39.0,39.0,430.0,430.0,1.0,20.3,1.0,1.0,1.0,1.0,1.0,1.0,0.0,127692.0,2.0,1.0,2.0,identity_features_keep,,,False,False,results_v2/binary/results.csv
entity,NF-UNSW-NB15-v3,mlp,random,keep,binary,42,ok,,52.0,2.0,595896.0,127692.0,127692.0,0.0,0.0,0.0,40.0,39.0,39.0,17.0,28.0,0.9997697326761636,219.2,0.9998981925257652,0.9998004178308226,0.9998982023716086,0.9996607250045672,0.9997037744446272,0.9998971180871636,0.0001013469936796,127692.0,2.0,0.9998004178308226,2.0,identity_features_keep,,,False,False,results_v2/binary/results.csv
entity,NF-UNSW-NB15-v3,transformer,random,keep,binary,42,ok,,52.0,2.0,595896.0,127692.0,127692.0,0.0,0.0,0.0,40.0,39.0,39.0,5.0,16.0,0.9997696930829836,273.4,0.999812047739874,0.9996315960306932,0.999812080047046,0.9993737605677904,0.9994599221481496,0.9998034495373888,0.0001842672612356,127692.0,2.0,0.9996315960306932,2.0,identity_features_keep,,,False,True,results_v2/binary/results.csv
entity,NF-UNSW-NB15-v3,autoencoder,random,keep,binary,42,ok,,52.0,2.0,595896.0,127692.0,127692.0,0.0,0.0,0.0,40.0,39.0,39.0,13.0,24.0,0.9997850884491646,251.0,0.9998590358049056,0.9997236732735454,0.9998590539800654,0.9995302713987474,0.9995948604684036,0.9998525871530416,0.0001382004459267,127692.0,2.0,0.9997236732735454,2.0,identity_features_keep,,,False,False,results_v2/binary/results.csv
entity,NF-UNSW-NB15-v3,xgboost,random,drop,binary,42,ok,,48.0,2.0,595896.0,127692.0,127692.0,0.0,0.0,0.0,40.0,39.0,39.0,163.0,163.0,1.0,7.9,0.999984337311656,0.9999692904308156,0.9999843376483432,0.9999477943095796,0.9999477970348716,0.9999907866369382,1.8426726123569624e-05,127692.0,2.0,0.9999692904308156,2.0,identity_features_drop,,,False,False,results_v2/binary/results.csv
entity,NF-UNSW-NB15-v3,mlp,random,drop,binary,42,ok,,48.0,2.0,595896.0,127692.0,127692.0,0.0,0.0,0.0,40.0,39.0,39.0,4.0,15.0,0.9996163200562916,125.8,0.9997024089214672,0.999416793958244,0.9997024856309472,0.9990086611708232,0.9991595283477732,0.999674463416554,0.0002856142549153,127692.0,2.0,0.999416793958244,2.0,identity_features_drop,,,False,True,results_v2/binary/results.csv
entity,NF-UNSW-NB15-v3,transformer,random,drop,binary,42,ok,,48.0,2.0,595896.0,127692.0,127692.0,0.0,0.0,0.0,40.0,39.0,39.0,18.0,29.0,0.9997390527951634,497.7,0.999812047739874,0.9996316435167814,0.9998120921535276,0.9993738585963996,0.9993956844162396,0.9998679421167912,0.000211907350421,127692.0,2.0,0.9996316435167814,2.0,identity_features_drop,,,False,False,results_v2/binary/results.csv
entity,NF-UNSW-NB15-v3,autoencoder,random,drop,binary,42,ok,,48.0,2.0,595896.0,127692.0,127692.0,0.0,0.0,0.0,40.0,39.0,39.0,14.0,25.0,0.9996776534528488,262.7,0.9998042163957022,0.9996162870869842,0.9998042605584484,0.999347752354614,0.999391045610179,0.9998418379087928,0.000211907350421,127692.0,2.0,0.9996162870869842,2.0,identity_features_drop,,,False,False,results_v2/binary/results.csv
entity,NF-UNSW-NB15-v3,xgboost,temporal,keep,binary,42,ok,,52.0,2.0,595896.0,127692.0,127692.0,0.0,0.0,0.0,40.0,38.0,38.0,127.0,127.0,0.9999887521862988,6.6,1.0,1.0,1.0,1.0,1.0,1.0,0.0,127692.0,2.0,1.0,2.0,identity_features_keep,,,False,False,results_v2/binary/results.csv
entity,NF-UNSW-NB15-v3,mlp,temporal,keep,binary,42,ok,,52.0,2.0,595896.0,127692.0,127692.0,0.0,0.0,0.0,40.0,38.0,38.0,4.0,15.0,0.9996064240979384,120.5,0.9996789148889516,0.9995463921046264,0.9996789475305043,0.9993012118009988,0.9994448698738312,0.9996480056939384,0.0002948233093408,127692.0,2.0,0.9995463921046264,2.0,identity_features_keep,,,False,True,results_v2/binary/results.csv
entity,NF-UNSW-NB15-v3,transformer,temporal,keep,binary,42,ok,,52.0,2.0,595896.0,127692.0,127692.0,0.0,0.0,0.0,40.0,38.0,38.0,14.0,25.0,0.9997413772256852,407.7,0.999812047739874,0.9997344893040824,0.9998120724636343,0.9995909881045708,0.9996030928744062,0.9998660387540824,0.0002338253832703,127692.0,2.0,0.9997344893040824,2.0,identity_features_keep,,,False,False,results_v2/binary/results.csv
entity,NF-UNSW-NB15-v3,autoencoder,temporal,keep,binary,42,ok,,52.0,2.0,595896.0,127692.0,127692.0,0.0,0.0,0.0,40.0,38.0,38.0,10.0,21.0,0.9997076401979408,234.6,0.9997337342981548,0.9996238328560588,0.9997337597751624,0.9994205072266158,0.9995282626514556,0.9997194839988096,0.0002541580252938,127692.0,2.0,0.9996238328560588,2.0,identity_features_keep,,,False,False,results_v2/binary/results.csv
entity,NF-UNSW-NB15-v3,xgboost,temporal,drop,binary,42,ok,,48.0,2.0,595896.0,127692.0,127692.0,0.0,0.0,0.0,40.0,38.0,38.0,481.0,481.0,0.9999775046514936,11.4,0.999992168655828,0.9999889342750106,0.9999921687026794,0.9999829517363656,0.999982952027004,0.9999949168394942,1.0166321011752267e-05,127692.0,2.0,0.9999889342750106,2.0,identity_features_drop,,,False,False,results_v2/binary/results.csv
entity,NF-UNSW-NB15-v3,mlp,temporal,drop,binary,42,ok,,48.0,2.0,595896.0,127692.0,127692.0,0.0,0.0,0.0,40.0,38.0,38.0,9.0,20.0,0.9996964068748948,168.8,0.9997337342981548,0.99962385984745,0.999733769323482,0.9994205664814751,0.9994924925104918,0.99975538018014,0.000284656988329,127692.0,2.0,0.99962385984745,2.0,identity_features_drop,,,False,False,results_v2/binary/results.csv
entity,NF-UNSW-NB15-v3,transformer,temporal,drop,binary,42,ok,,48.0,2.0,595896.0,127692.0,127692.0,0.0,0.0,0.0,40.0,38.0,38.0,7.0,18.0,0.9995951539881514,311.4,0.9996867462331236,0.999557429245108,0.9996867687152146,0.9993181973136974,0.9994857459521878,0.9996291580668908,0.0002643243463055,127692.0,2.0,0.999557429245108,2.0,identity_features_drop,,,False,False,results_v2/binary/results.csv
entity,NF-UNSW-NB15-v3,autoencoder,temporal,drop,binary,42,ok,,48.0,2.0,595896.0,127692.0,127692.0,0.0,0.0,0.0,40.0,38.0,38.0,8.0,19.0,0.9996401903836164,216.7,0.9996945775772954,0.9995685605968156,0.9996946232283438,0.9993353896491198,0.9994193197426796,0.9997179989838338,0.000325322272376,127692.0,2.0,0.9995685605968156,2.0,identity_features_drop,,,False,False,results_v2/binary/results.csv
entity,NF-UNSW-NB15-v3,xgboost,disjoint_ip,keep,binary,42,skipped,"no entity-disjoint partition over 40 entities gives every split >= 3 entities, >= 5% of rows and >= 2 classes",,,,,,,,,,,,,,,,,,,,,,,,,,,,,,,,results_v2/binary/results.csv
entity,NF-UNSW-NB15-v3,mlp,disjoint_ip,keep,binary,42,skipped,"no entity-disjoint partition over 40 entities gives every split >= 3 entities, >= 5% of rows and >= 2 classes",,,,,,,,,,,,,,,,,,,,,,,,,,,,,,,,results_v2/binary/results.csv
entity,NF-UNSW-NB15-v3,transformer,disjoint_ip,keep,binary,42,skipped,"no entity-disjoint partition over 40 entities gives every split >= 3 entities, >= 5% of rows and >= 2 classes",,,,,,,,,,,,,,,,,,,,,,,,,,,,,,,,results_v2/binary/results.csv
entity,NF-UNSW-NB15-v3,autoencoder,disjoint_ip,keep,binary,42,skipped,"no entity-disjoint partition over 40 entities gives every split >= 3 entities, >= 5% of rows and >= 2 classes",,,,,,,,,,,,,,,,,,,,,,,,,,,,,,,,results_v2/binary/results.csv
entity,NF-UNSW-NB15-v3,xgboost,disjoint_ip,drop,binary,42,skipped,"no entity-disjoint partition over 40 entities gives every split >= 3 entities, >= 5% of rows and >= 2 classes",,,,,,,,,,,,,,,,,,,,,,,,,,,,,,,,results_v2/binary/results.csv
entity,NF-UNSW-NB15-v3,mlp,disjoint_ip,drop,binary,42,skipped,"no entity-disjoint partition over 40 entities gives every split >= 3 entities, >= 5% of rows and >= 2 classes",,,,,,,,,,,,,,,,,,,,,,,,,,,,,,,,results_v2/binary/results.csv
entity,NF-UNSW-NB15-v3,transformer,disjoint_ip,drop,binary,42,skipped,"no entity-disjoint partition over 40 entities gives every split >= 3 entities, >= 5% of rows and >= 2 classes",,,,,,,,,,,,,,,,,,,,,,,,,,,,,,,,results_v2/binary/results.csv
entity,NF-UNSW-NB15-v3,autoencoder,disjoint_ip,drop,binary,42,skipped,"no entity-disjoint partition over 40 entities gives every split >= 3 entities, >= 5% of rows and >= 2 classes",,,,,,,,,,,,,,,,,,,,,,,,,,,,,,,,results_v2/binary/results.csv
entity,NF-BoT-IoT-v2,egraphsage,random,keep,binary,42,ok,,43.0,2.0,674497.0,144536.0,144534.0,0.0,0.0,0.0,18.0,14.0,18.0,79.0,90.0,0.9760323595421856,350.1,0.9883695185907814,0.9766263669947846,0.9885502847436886,0.993193808430608,0.9624804826738722,0.9921625639974512,0.0025672673413971,144534.0,2.0,0.9766263669947846,2.0,identity_in_features_and_topology,293.0,0.0001,False,False,results_v2/graph/results.csv
entity,NF-BoT-IoT-v2,egraphsage,random,drop,binary,42,ok,,39.0,2.0,674497.0,144536.0,144534.0,0.0,0.0,0.0,18.0,14.0,18.0,99.0,100.0,0.9015663514184896,385.3,0.9453415805277652,0.9017876173577052,0.9488593832257812,0.9671905109974084,0.8599279913160625,0.9669149641803882,0.0031103431251542,144534.0,2.0,0.9017876173577052,2.0,graph_topology_retains_identity,293.0,0.0001,False,False,results_v2/graph/results.csv
entity,NF-BoT-IoT-v2,egraphsage,temporal,keep,binary,42,skipped,dataset has no timestamp column,,,,,,,,,,,,,,,,,,,,,,,,,,,,,,,,results_v2/graph/results.csv
entity,NF-BoT-IoT-v2,egraphsage,temporal,drop,binary,42,skipped,dataset has no timestamp column,,,,,,,,,,,,,,,,,,,,,,,,,,,,,,,,results_v2/graph/results.csv
entity,NF-BoT-IoT-v2,egraphsage,disjoint_ip,keep,binary,42,ok,,43.0,2.0,512013.0,224758.0,226796.0,0.0,0.0,0.0,14.0,3.0,3.0,66.0,77.0,0.915621701027184,221.6,0.9735312792112736,0.931728817063364,0.9734462454369076,0.98515075581985,0.9345268580845032,0.9289786029214974,0.1280740591668343,226796.0,2.0,0.931728817063364,2.0,identity_in_features_and_topology,293.0,0.001,False,False,results_v2/graph/results.csv
entity,NF-BoT-IoT-v2,egraphsage,disjoint_ip,drop,binary,42,ok,,39.0,2.0,512013.0,224758.0,226796.0,0.0,0.0,0.0,14.0,3.0,3.0,4.0,15.0,0.7364483186830054,48.9,0.8971366338030653,0.7956824463240929,0.9081133528575902,0.9396576920987764,0.7508202010474517,0.8889588335658862,0.1215133829744415,226796.0,2.0,0.7956824463240929,2.0,graph_topology_retains_identity,293.0,0.001,False,True,results_v2/graph/results.csv
entity,NF-BoT-IoT-v2,egraphsage,random,keep,multiclass,42,ok,,43.0,5.0,674497.0,144536.0,144534.0,0.0,0.0,0.0,18.0,14.0,18.0,49.0,60.0,0.9259337718911984,235.0,0.96805595915148,0.9272425282512416,0.9683416491292804,,0.8981086369452292,0.9679657740523162,0.0270550481362626,144534.0,5.0,0.9272425282512416,5.0,identity_in_features_and_topology,293.0,0.0001,False,False,results_v2/graph/results.csv
entity,NF-BoT-IoT-v2,egraphsage,random,drop,multiclass,42,ok,,39.0,5.0,674497.0,144536.0,144534.0,0.0,0.0,0.0,18.0,14.0,18.0,97.0,100.0,0.8882781772119968,385.3,0.9484619535887748,0.8913338311474994,0.9497339602591665,,0.8629675837125592,0.9398187530426544,0.1773389286595902,144534.0,5.0,0.8913338311474994,5.0,graph_topology_retains_identity,293.0,0.0001,False,False,results_v2/graph/results.csv
entity,NF-BoT-IoT-v2,egraphsage,temporal,keep,multiclass,42,skipped,dataset has no timestamp column,,,,,,,,,,,,,,,,,,,,,,,,,,,,,,,,results_v2/graph/results.csv
entity,NF-BoT-IoT-v2,egraphsage,temporal,drop,multiclass,42,skipped,dataset has no timestamp column,,,,,,,,,,,,,,,,,,,,,,,,,,,,,,,,results_v2/graph/results.csv
entity,NF-BoT-IoT-v2,egraphsage,disjoint_ip,keep,multiclass,42,ok,,43.0,5.0,512013.0,224758.0,226796.0,0.0,0.0,0.0,14.0,3.0,3.0,22.0,33.0,0.6864147872408177,99.6,0.9069295754775216,0.723923419699026,0.911095143607084,,0.7076596710342304,0.7808855117576383,0.1419601529482793,226796.0,5.0,0.723923419699026,5.0,identity_in_features_and_topology,293.0,0.001,False,False,results_v2/graph/results.csv
entity,NF-BoT-IoT-v2,egraphsage,disjoint_ip,drop,multiclass,42,ok,,39.0,5.0,512013.0,224758.0,226796.0,0.0,0.0,0.0,14.0,3.0,3.0,4.0,15.0,0.6082862893841281,49.0,0.8307201185206088,0.5673260543664118,0.8315038606532759,,0.5703050724106178,0.6495087907048497,0.8169853089152747,226796.0,5.0,0.5673260543664118,5.0,graph_topology_retains_identity,293.0,0.001,False,True,results_v2/graph/results.csv
entity,NF-BoT-IoT-v3,egraphsage,random,keep,binary,42,ok,,52.0,2.0,700000.0,150000.0,150000.0,0.0,0.0,0.0,19.0,14.0,15.0,41.0,52.0,0.918380644405984,200.5,0.9826333333333334,0.9198905714267333,0.983839988533354,0.9907868816512172,0.8696809908858012,0.9891915077817068,0.0035378963124234,150000.0,2.0,0.9198905714267333,2.0,identity_in_features_and_topology,290.0,0.0001,False,False,results_v2/graph/results.csv
entity,NF-BoT-IoT-v3,egraphsage,random,drop,binary,42,ok,,48.0,2.0,700000.0,150000.0,150000.0,0.0,0.0,0.0,19.0,14.0,15.0,43.0,54.0,0.8570183194560073,205.3,0.96462,0.8575638035641644,0.9689494028671752,0.9810493388515336,0.7904028236447019,0.9798499044299178,0.003265750442237,150000.0,2.0,0.8575638035641644,2.0,graph_topology_retains_identity,290.0,0.0001,False,False,results_v2/graph/results.csv
entity,NF-BoT-IoT-v3,egraphsage,temporal,keep,binary,42,ok,,52.0,2.0,700000.0,150000.0,150000.0,0.0,0.0,0.0,17.0,13.0,14.0,6.0,17.0,0.9966932662776724,76.6,0.9986933333333332,0.9576467604289408,0.9986866621672736,0.9993415483021352,0.9623687921339426,0.9530217603194518,0.0933786078098472,150000.0,2.0,0.9576467604289408,2.0,identity_in_features_and_topology,290.0,0.0003,False,False,results_v2/graph/results.csv
entity,NF-BoT-IoT-v3,egraphsage,temporal,drop,binary,42,ok,,48.0,2.0,700000.0,150000.0,150000.0,0.0,0.0,0.0,17.0,13.0,14.0,8.0,19.0,0.9978003305487276,83.8,0.9986733333333332,0.9576648491876768,0.998676944433264,0.999331386851504,0.9551870990847852,0.9601701856474248,0.0789473684210526,150000.0,2.0,0.9576648491876768,2.0,graph_topology_retains_identity,290.0,0.0003,False,False,results_v2/graph/results.csv
entity,NF-BoT-IoT-v3,egraphsage,disjoint_ip,keep,binary,42,ok,,52.0,2.0,506030.0,247583.0,246387.0,0.0,0.0,0.0,14.0,3.0,3.0,23.0,34.0,0.8550157349646439,104.8,0.9700268277141244,0.8622084620575093,0.9718418734295892,0.9840955344740328,0.8238289240933365,0.9131801790237588,0.1500201857085183,246387.0,2.0,0.8622084620575093,2.0,identity_in_features_and_topology,290.0,0.0116,False,False,results_v2/graph/results.csv
entity,NF-BoT-IoT-v3,egraphsage,disjoint_ip,drop,binary,42,ok,,48.0,2.0,506030.0,247583.0,246387.0,0.0,0.0,0.0,14.0,3.0,3.0,37.0,48.0,0.7545393513136077,141.5,0.9491044576215466,0.7972181432109804,0.9550734372768624,0.972716829408386,0.7435243995514976,0.8936772162408185,0.16794509487283,246387.0,2.0,0.7972181432109804,2.0,graph_topology_retains_identity,290.0,0.0116,False,False,results_v2/graph/results.csv
entity,NF-BoT-IoT-v3,egraphsage,random,keep,multiclass,42,ok,,52.0,5.0,700000.0,150000.0,150000.0,0.0,0.0,0.0,19.0,14.0,15.0,99.0,100.0,0.9282155909047016,380.1,0.9225466666666666,0.9249728711200562,0.9228727703455882,,0.9099312727319387,0.945613689508812,0.0131990747040413,150000.0,5.0,0.9249728711200562,5.0,identity_in_features_and_topology,290.0,0.0001,False,False,results_v2/graph/results.csv
entity,NF-BoT-IoT-v3,egraphsage,random,drop,multiclass,42,ok,,48.0,5.0,700000.0,150000.0,150000.0,0.0,0.0,0.0,19.0,14.0,15.0,94.0,100.0,0.8893360726052932,374.3,0.91108,0.8911882583505504,0.9119878532781897,,0.8714315624462406,0.927693929560938,0.0160566063409987,150000.0,5.0,0.8911882583505504,5.0,graph_topology_retains_identity,290.0,0.0001,False,False,results_v2/graph/results.csv
entity,NF-BoT-IoT-v3,egraphsage,temporal,keep,multiclass,42,ok,,52.0,5.0,700000.0,150000.0,150000.0,1.0,3.0,2.0,17.0,13.0,14.0,15.0,26.0,0.3267809986679023,113.0,0.01314,0.1893574640034585,0.0194488261180301,,0.3414628743576112,0.1803608511200174,0.1044142614601018,150000.0,3.0,0.4733936600086463,2.0,identity_in_features_and_topology,290.0,0.0003,False,False,results_v2/graph/results.csv
entity,NF-BoT-IoT-v3,egraphsage,temporal,drop,multiclass,42,ok,,48.0,5.0,700000.0,150000.0,150000.0,1.0,3.0,2.0,17.0,13.0,14.0,17.0,28.0,0.3480362588036591,119.1,0.0126666666666666,0.1899179821797177,0.0184303061241337,,0.3691946739391994,0.18194866584914,0.0959252971137521,150000.0,3.0,0.4747949554492944,2.0,graph_topology_retains_identity,290.0,0.0003,False,False,results_v2/graph/results.csv
entity,NF-BoT-IoT-v3,egraphsage,disjoint_ip,keep,multiclass,42,ok,,52.0,5.0,506030.0,247583.0,246387.0,0.0,1.0,0.0,14.0,3.0,3.0,64.0,75.0,0.6961559738083094,219.7,0.8784107927772163,0.8119663801494724,0.8789862837574083,,0.7813038097198087,0.8887317362200251,0.1884537747274929,246387.0,5.0,0.8119663801494724,5.0,identity_in_features_and_topology,290.0,0.0116,False,False,results_v2/graph/results.csv
entity,NF-BoT-IoT-v3,egraphsage,disjoint_ip,drop,multiclass,42,ok,,48.0,5.0,506030.0,247583.0,246387.0,0.0,1.0,0.0,14.0,3.0,3.0,25.0,36.0,0.5888408444903359,107.8,0.7485662798767793,0.7207416629587419,0.7433941265662953,,0.7361526968397271,0.7493546048237774,0.657327412192168,246387.0,5.0,0.7207416629587419,5.0,graph_topology_retains_identity,290.0,0.0116,False,False,results_v2/graph/results.csv
entity,NF-CICIDS2018-v3,egraphsage,random,keep,binary,42,ok,,52.0,2.0,560255.0,120055.0,120055.0,0.0,0.0,0.0,153489.0,69885.0,69870.0,14.0,25.0,0.653758201122568,31.4,0.9903294323435092,0.6534632955393936,0.9931895843059326,0.3117960877296977,0.597368345159903,0.8811072180485681,0.0090465609703125,120055.0,2.0,0.6534632955393936,2.0,identity_in_features_and_topology,182381.0,0.1297,False,False,results_v2/graph/results.csv
entity,NF-CICIDS2018-v3,egraphsage,random,drop,binary,42,ok,,48.0,2.0,560255.0,120055.0,120055.0,0.0,0.0,0.0,153489.0,69885.0,69870.0,9.0,20.0,0.6502313864287383,25.0,0.989937945108492,0.6454850272060437,0.992947640281775,0.296037296037296,0.5919971045132825,0.8677520255141813,0.0093639841622533,120055.0,2.0,0.6454850272060437,2.0,graph_topology_retains_identity,182381.0,0.1297,False,False,results_v2/graph/results.csv
entity,NF-CICIDS2018-v3,egraphsage,temporal,keep,binary,42,ok,,52.0,2.0,560256.0,120055.0,120054.0,0.0,0.0,0.0,136330.0,34492.0,35563.0,18.0,29.0,0.6133447177196931,34.6,0.9971179635830544,0.8156248483650537,0.997008255876898,0.6326963906581741,0.8416551285965124,0.7933126051831858,0.0011459927894468,120054.0,2.0,0.8156248483650537,2.0,identity_in_features_and_topology,182381.0,0.7437,False,False,results_v2/graph/results.csv
entity,NF-CICIDS2018-v3,egraphsage,temporal,drop,binary,42,ok,,48.0,2.0,560256.0,120055.0,120054.0,0.0,0.0,0.0,136330.0,34492.0,35563.0,10.0,21.0,0.6094504808596538,25.5,0.9965598813867094,0.7956880434781041,0.9965615688323188,0.593103448275862,0.795398249492733,0.795978413184327,0.001731536550478,120054.0,2.0,0.7956880434781041,2.0,graph_topology_retains_identity,182381.0,0.7437,False,False,results_v2/graph/results.csv
entity,NF-CICIDS2018-v3,egraphsage,disjoint_ip,keep,binary,42,ok,,52.0,2.0,560255.0,120055.0,120055.0,0.0,0.0,0.0,80139.0,50868.0,50869.0,15.0,26.0,0.6247450728866648,35.4,0.9916454958144184,0.6147830419253069,0.9945494180122906,0.2337662337662337,0.5686100014836923,0.88432430575843,0.0080011346760333,120055.0,2.0,0.6147830419253069,2.0,identity_in_features_and_topology,182381.0,0.9974,False,False,results_v2/graph/results.csv
entity,NF-CICIDS2018-v3,egraphsage,disjoint_ip,drop,binary,42,ok,,48.0,2.0,560255.0,120055.0,120055.0,0.0,0.0,0.0,80139.0,50868.0,50869.0,4.0,15.0,0.6224904178855106,23.4,0.9931947857232102,0.625911671899578,0.9953652999300564,0.2552415679124886,0.5775385935219766,0.8521595309102235,0.0063408366567104,120055.0,2.0,0.625911671899578,2.0,graph_topology_retains_identity,182381.0,0.9974,False,True,results_v2/graph/results.csv
entity,NF-CICIDS2018-v3,egraphsage,random,keep,multiclass,42,ok,,52.0,15.0,560255.0,120053.0,120057.0,0.0,0.0,0.0,153493.0,69879.0,69870.0,62.0,73.0,0.7939901956009435,83.4,0.9814421483128848,0.7652228161621145,0.9891685727972432,,0.7200639767138789,0.9306056249704252,0.0185692567285363,120057.0,15.0,0.7652228161621145,15.0,identity_in_features_and_topology,182381.0,0.1298,False,False,results_v2/graph/results.csv
entity,NF-CICIDS2018-v3,egraphsage,random,drop,multiclass,42,ok,,48.0,15.0,560255.0,120053.0,120057.0,0.0,0.0,0.0,153493.0,69879.0,69870.0,87.0,98.0,0.7794779845277167,107.3,0.9825416260609544,0.7756864128308636,0.989751070891924,,0.7358806262383439,0.9317947812864608,0.0174916885243162,120057.0,15.0,0.7756864128308636,15.0,graph_topology_retains_identity,182381.0,0.1298,False,False,results_v2/graph/results.csv
entity,NF-CICIDS2018-v3,egraphsage,temporal,keep,multiclass,42,ok,,52.0,15.0,560256.0,120055.0,120054.0,1.0,13.0,12.0,136330.0,34492.0,35563.0,67.0,78.0,0.0721673203233888,90.1,0.9952104886134572,0.0733892836432553,0.9938178630860632,,0.0851761616545321,0.0708246287688092,0.0008113963545718,120054.0,3.0,0.5504196273244149,2.0,identity_in_features_and_topology,182381.0,0.7437,False,False,results_v2/graph/results.csv
entity,NF-CICIDS2018-v3,egraphsage,temporal,drop,multiclass,42,ok,,48.0,15.0,560256.0,120055.0,120054.0,1.0,13.0,12.0,136330.0,34492.0,35563.0,65.0,76.0,0.0722606901254601,84.7,0.9946524064171124,0.0748303774727914,0.9937212174196364,,0.0821821884712509,0.0722341217179821,0.0014554944917061,120054.0,3.0,0.561227831045936,2.0,graph_topology_retains_identity,182381.0,0.7437,False,False,results_v2/graph/results.csv
entity,NF-CICIDS2018-v3,egraphsage,disjoint_ip,keep,multiclass,42,ok,,52.0,15.0,560255.0,120055.0,120055.0,0.0,12.0,12.0,80139.0,50868.0,50869.0,15.0,26.0,0.1244946910402172,36.9,0.9797092999042104,0.1257049181800476,0.9887672396972323,,0.1162958940608463,0.1818438204928885,0.0200904403544193,120055.0,3.0,0.6285245909002383,3.0,identity_in_features_and_topology,182381.0,0.9974,False,False,results_v2/graph/results.csv
entity,NF-CICIDS2018-v3,egraphsage,disjoint_ip,drop,multiclass,42,ok,,48.0,15.0,560255.0,120055.0,120055.0,0.0,12.0,12.0,80139.0,50868.0,50869.0,18.0,29.0,0.1255337538926138,38.2,0.9836908083794929,0.1266504031904298,0.9908059543968863,,0.1167462315568327,0.1803095575009005,0.0160773582072118,120055.0,3.0,0.6332520159521492,3.0,graph_topology_retains_identity,182381.0,0.9974,False,False,results_v2/graph/results.csv
entity,NF-CSE-CIC-IDS2018-v2,egraphsage,random,keep,binary,42,ok,,43.0,2.0,577526.0,123755.0,123757.0,0.0,0.0,0.0,186547.0,79240.0,79411.0,45.0,56.0,0.6299689059154557,71.0,0.9948124146512924,0.6245727182456879,0.9964150926103302,0.2517482517482518,0.5774743771315365,0.8289136328118059,0.0047494214929527,123757.0,2.0,0.6245727182456879,2.0,identity_in_features_and_topology,225132.0,0.1703,False,False,results_v2/graph/results.csv
entity,NF-CSE-CIC-IDS2018-v2,egraphsage,random,drop,binary,42,ok,,39.0,2.0,577526.0,123755.0,123757.0,0.0,0.0,0.0,186547.0,79240.0,79411.0,17.0,28.0,0.6108201904001953,37.7,0.9932771479593072,0.5959911531147728,0.9955691265154862,0.195357833655706,0.5577270677705956,0.8067009129734195,0.0062300758936517,123757.0,2.0,0.5959911531147728,2.0,graph_topology_retains_identity,225132.0,0.1703,False,False,results_v2/graph/results.csv
entity,NF-CSE-CIC-IDS2018-v2,egraphsage,temporal,keep,binary,42,skipped,dataset has no timestamp column,,,,,,,,,,,,,,,,,,,,,,,,,,,,,,,,results_v2/graph/results.csv
entity,NF-CSE-CIC-IDS2018-v2,egraphsage,temporal,drop,binary,42,skipped,dataset has no timestamp column,,,,,,,,,,,,,,,,,,,,,,,,,,,,,,,,results_v2/graph/results.csv
entity,NF-CSE-CIC-IDS2018-v2,egraphsage,disjoint_ip,keep,binary,42,ok,,43.0,2.0,577526.0,123756.0,123756.0,0.0,0.0,0.0,99660.0,62454.0,62454.0,7.0,18.0,0.626584572744999,30.3,0.9980283784220564,0.6342369674878048,0.9982936571161634,0.2694610778443114,0.6058204456070345,0.6837508489494507,0.0013507611174919,123756.0,2.0,0.6342369674878048,2.0,identity_in_features_and_topology,225132.0,0.9985,False,False,results_v2/graph/results.csv
entity,NF-CSE-CIC-IDS2018-v2,egraphsage,disjoint_ip,drop,binary,42,ok,,39.0,2.0,577526.0,123756.0,123756.0,0.0,0.0,0.0,99660.0,62454.0,62454.0,7.0,18.0,0.6314570637343914,29.3,0.9979233330101168,0.6312852577699296,0.9982352845031456,0.2636103151862464,0.6010139658300644,0.6877925908757128,0.0014639985764433,123756.0,2.0,0.6312852577699296,2.0,graph_topology_retains_identity,225132.0,0.9985,False,False,results_v2/graph/results.csv
entity,NF-CSE-CIC-IDS2018-v2,egraphsage,random,keep,multiclass,42,ok,,43.0,15.0,577526.0,123754.0,123758.0,0.0,1.0,1.0,186550.0,79246.0,79406.0,26.0,37.0,0.6337999157099655,48.7,0.9132904539504516,0.6076779945465471,0.9537057440511012,,0.5539750743977007,0.8329407860314573,0.0865899639141058,123758.0,14.0,0.6510835655855862,14.0,identity_in_features_and_topology,225132.0,0.1703,False,False,results_v2/graph/results.csv
entity,NF-CSE-CIC-IDS2018-v2,egraphsage,random,drop,multiclass,42,ok,,39.0,15.0,577526.0,123754.0,123758.0,0.0,1.0,1.0,186550.0,79246.0,79406.0,55.0,66.0,0.6876257762438314,81.4,0.946427705683673,0.5919647697957531,0.9714994091941314,,0.5173007932409338,0.8380741471297222,0.0534491965629399,123758.0,14.0,0.6342479676383068,14.0,graph_topology_retains_identity,225132.0,0.1703,False,False,results_v2/graph/results.csv
entity,NF-CSE-CIC-IDS2018-v2,egraphsage,temporal,keep,multiclass,42,skipped,dataset has no timestamp column,,,,,,,,,,,,,,,,,,,,,,,,,,,,,,,,results_v2/graph/results.csv
entity,NF-CSE-CIC-IDS2018-v2,egraphsage,temporal,drop,multiclass,42,skipped,dataset has no timestamp column,,,,,,,,,,,,,,,,,,,,,,,,,,,,,,,,results_v2/graph/results.csv
entity,NF-CSE-CIC-IDS2018-v2,egraphsage,disjoint_ip,keep,multiclass,42,ok,,43.0,15.0,577526.0,123756.0,123756.0,0.0,10.0,9.0,99660.0,62454.0,62454.0,27.0,38.0,0.2675199125811104,53.1,0.9913539545557388,0.2576179375484874,0.9950771433846684,,0.2690965288863499,0.2781001072113719,0.0083229532329294,123756.0,6.0,0.6440448438712186,6.0,identity_in_features_and_topology,225132.0,0.9985,False,False,results_v2/graph/results.csv
entity,NF-CSE-CIC-IDS2018-v2,egraphsage,disjoint_ip,drop,multiclass,42,ok,,39.0,15.0,577526.0,123756.0,123756.0,0.0,10.0,9.0,99660.0,62454.0,62454.0,32.0,43.0,0.2638843033352318,58.2,0.9765021493907368,0.2471212599748734,0.9875032740394828,,0.2409220114496583,0.2936760537082966,0.0232217674749664,123756.0,6.0,0.6178031499371835,6.0,graph_topology_retains_identity,225132.0,0.9985,False,False,results_v2/graph/results.csv
entity,NF-ToN-IoT-v2,egraphsage,random,keep,binary,42,ok,,43.0,2.0,386470.0,82815.0,82816.0,0.0,0.0,0.0,16214.0,3632.0,3649.0,63.0,74.0,0.9431043618173768,73.4,0.9456868238021638,0.9438628217131876,0.9460746441820144,0.9337438133396182,0.9390188636089292,0.9517593157790132,0.0760221169662498,82816.0,2.0,0.9438628217131876,2.0,identity_in_features_and_topology,25570.0,0.0445,False,False,results_v2/graph/results.csv
entity,NF-ToN-IoT-v2,egraphsage,random,drop,binary,42,ok,,39.0,2.0,386470.0,82815.0,82816.0,0.0,0.0,0.0,16214.0,3632.0,3649.0,65.0,76.0,0.9416311938096896,74.7,0.9424386591962906,0.9406668839913478,0.9429080044413424,0.9304138384059558,0.9355843476793816,0.9500583668409768,0.0848015220277849,82816.0,2.0,0.9406668839913478,2.0,graph_topology_retains_identity,25570.0,0.0445,False,False,results_v2/graph/results.csv
entity,NF-ToN-IoT-v2,egraphsage,temporal,keep,binary,42,skipped,dataset has no timestamp column,,,,,,,,,,,,,,,,,,,,,,,,,,,,,,,,results_v2/graph/results.csv
entity,NF-ToN-IoT-v2,egraphsage,temporal,drop,binary,42,skipped,dataset has no timestamp column,,,,,,,,,,,,,,,,,,,,,,,,,,,,,,,,results_v2/graph/results.csv
entity,NF-ToN-IoT-v2,egraphsage,disjoint_ip,keep,binary,42,ok,,43.0,2.0,386471.0,82815.0,82815.0,0.0,0.0,0.0,7709.0,7682.0,7688.0,29.0,40.0,0.6784441748158978,46.4,0.6741290828956107,0.6598425096376412,0.6709177184730822,0.7295539499133153,0.6645579561400894,0.6581827989856885,0.4421889804473283,82815.0,2.0,0.6598425096376412,2.0,identity_in_features_and_topology,25570.0,0.0976,False,False,results_v2/graph/results.csv
entity,NF-ToN-IoT-v2,egraphsage,disjoint_ip,drop,binary,42,ok,,39.0,2.0,386471.0,82815.0,82815.0,0.0,0.0,0.0,7709.0,7682.0,7688.0,19.0,30.0,0.6322126186525074,35.6,0.5519169232626939,0.4566093369194306,0.4927642806531998,0.6841818584146113,0.4962940561382046,0.4979495336024348,0.8417410778374343,82815.0,2.0,0.4566093369194306,2.0,graph_topology_retains_identity,25570.0,0.0976,False,False,results_v2/graph/results.csv
entity,NF-ToN-IoT-v2,egraphsage,random,keep,multiclass,42,ok,,43.0,10.0,386470.0,82815.0,82816.0,0.0,0.0,0.0,16213.0,3634.0,3648.0,69.0,80.0,0.8428224049218912,79.3,0.8736113794435858,0.8405784072391229,0.8806986372634115,,0.8157422207612933,0.8783004249557461,0.1425513783467765,82816.0,10.0,0.8405784072391229,10.0,identity_in_features_and_topology,25570.0,0.0444,False,False,results_v2/graph/results.csv
entity,NF-ToN-IoT-v2,egraphsage,random,drop,multiclass,42,ok,,39.0,10.0,386470.0,82815.0,82816.0,0.0,0.0,0.0,16213.0,3634.0,3648.0,68.0,79.0,0.8296786630997899,77.7,0.8757607225656878,0.8288988910989106,0.8818883245573075,,0.8027405937266832,0.8830855219868343,0.1328207059196575,82816.0,10.0,0.8288988910989106,10.0,graph_topology_retains_identity,25570.0,0.0444,False,False,results_v2/graph/results.csv
entity,NF-ToN-IoT-v2,egraphsage,temporal,keep,multiclass,42,skipped,dataset has no timestamp column,,,,,,,,,,,,,,,,,,,,,,,,,,,,,,,,results_v2/graph/results.csv
entity,NF-ToN-IoT-v2,egraphsage,temporal,drop,multiclass,42,skipped,dataset has no timestamp column,,,,,,,,,,,,,,,,,,,,,,,,,,,,,,,,results_v2/graph/results.csv
entity,NF-ToN-IoT-v2,egraphsage,disjoint_ip,keep,multiclass,42,ok,,43.0,10.0,386471.0,82815.0,82815.0,0.0,2.0,2.0,7709.0,7682.0,7688.0,23.0,34.0,0.2865626927364942,40.3,0.3379218740566322,0.2935579584944123,0.382660038164393,,0.3556915072663004,0.3486882095918991,0.8412529788394728,82815.0,8.0,0.3669474481180154,8.0,identity_in_features_and_topology,25570.0,0.0976,False,False,results_v2/graph/results.csv
entity,NF-ToN-IoT-v2,egraphsage,disjoint_ip,drop,multiclass,42,ok,,39.0,10.0,386471.0,82815.0,82815.0,0.0,2.0,2.0,7709.0,7682.0,7688.0,10.0,21.0,0.2708765664659299,26.1,0.4037432832216386,0.3202305025836168,0.3938692495529698,,0.3591813527993654,0.3794923657433876,0.9446151195842544,82815.0,8.0,0.400288128229521,8.0,graph_topology_retains_identity,25570.0,0.0976,False,False,results_v2/graph/results.csv
entity,NF-ToN-IoT-v3,egraphsage,random,keep,binary,42,ok,,52.0,2.0,409983.0,87854.0,87853.0,0.0,0.0,0.0,10946.0,2598.0,2561.0,48.0,59.0,0.918581782085682,67.2,0.928380362651247,0.9172189388835292,0.9295719663418766,0.886822318955283,0.90533905747731,0.9332950126340792,0.078798277704037,87853.0,2.0,0.9172189388835292,2.0,identity_in_features_and_topology,16486.0,0.0255,False,False,results_v2/graph/results.csv
entity,NF-ToN-IoT-v3,egraphsage,random,drop,binary,42,ok,,48.0,2.0,409983.0,87854.0,87853.0,0.0,0.0,0.0,10946.0,2598.0,2561.0,71.0,82.0,0.9304103733369766,88.9,0.9384881563520882,0.9281974537630352,0.9392443569933474,0.9010147635271276,0.9187319889174644,0.9398614474175572,0.06351775713037,87853.0,2.0,0.9281974537630352,2.0,graph_topology_retains_identity,16486.0,0.0255,False,False,results_v2/graph/results.csv
entity,NF-ToN-IoT-v3,egraphsage,temporal,keep,binary,42,ok,,52.0,2.0,409983.0,87854.0,87853.0,0.0,0.0,0.0,15157.0,128.0,221.0,28.0,39.0,0.9411138148277112,54.6,0.7226161884056321,0.5741243521978238,0.7425702440422393,0.32265058231648,0.569614928090598,0.5932798991685475,0.2136332651670075,87853.0,2.0,0.5741243521978238,2.0,identity_in_features_and_topology,16486.0,0.2483,False,False,results_v2/graph/results.csv
entity,NF-ToN-IoT-v3,egraphsage,temporal,drop,binary,42,ok,,48.0,2.0,409983.0,87854.0,87853.0,0.0,0.0,0.0,15157.0,128.0,221.0,30.0,41.0,0.9386848632060416,55.9,0.5644087282164525,0.44290202010205,0.6171764419112152,0.1827268067657611,0.474115847897269,0.4563278993448972,0.3823176550783912,87853.0,2.0,0.44290202010205,2.0,graph_topology_retains_identity,16486.0,0.2483,False,False,results_v2/graph/results.csv
entity,NF-ToN-IoT-v3,egraphsage,disjoint_ip,keep,binary,42,ok,,52.0,2.0,409983.0,87854.0,87853.0,0.0,0.0,0.0,5098.0,5087.0,5085.0,4.0,15.0,0.7670501745083511,21.5,0.7760235848519687,0.7578495166634298,0.7734826284179305,0.8241884900956925,0.7650775085765578,0.7532971612978243,0.3431422189128816,87853.0,2.0,0.7578495166634298,2.0,identity_in_features_and_topology,16486.0,0.0593,False,True,results_v2/graph/results.csv
entity,NF-ToN-IoT-v3,egraphsage,disjoint_ip,drop,binary,42,ok,,48.0,2.0,409983.0,87854.0,87853.0,0.0,0.0,0.0,5098.0,5087.0,5085.0,11.0,22.0,0.7344957742209527,28.2,0.5807997450286274,0.577676536692703,0.5691179950409964,0.5413584398117014,0.6545071306905823,0.6364068812945198,0.1276247207743857,87853.0,2.0,0.577676536692703,2.0,graph_topology_retains_identity,16486.0,0.0593,False,False,results_v2/graph/results.csv
entity,NF-ToN-IoT-v3,egraphsage,random,keep,multiclass,42,ok,,52.0,10.0,409983.0,87854.0,87853.0,0.0,0.0,0.0,10898.0,2627.0,2567.0,62.0,73.0,0.8437356098276991,82.4,0.8493278544841952,0.842484643486425,0.8746674719947755,,0.7879381615583911,0.9616576667903676,0.2050406293502541,87853.0,10.0,0.842484643486425,10.0,identity_in_features_and_topology,16486.0,0.0257,False,False,results_v2/graph/results.csv
entity,NF-ToN-IoT-v3,egraphsage,random,drop,multiclass,42,ok,,48.0,10.0,409983.0,87854.0,87853.0,0.0,0.0,0.0,10898.0,2627.0,2567.0,65.0,76.0,0.8291184109543981,83.3,0.8438983301651622,0.8292418027730403,0.8701509610841838,,0.7725521693483219,0.961959863045376,0.2130693774482825,87853.0,10.0,0.8292418027730403,10.0,graph_topology_retains_identity,16486.0,0.0257,False,False,results_v2/graph/results.csv
entity,NF-ToN-IoT-v3,egraphsage,temporal,keep,multiclass,42,ok,,52.0,10.0,409983.0,87854.0,87853.0,3.0,7.0,6.0,15157.0,128.0,221.0,33.0,44.0,0.1721727245632059,61.2,0.6018235006203545,0.0835036404125274,0.6971864391948924,,0.0992267847759177,0.072081799591002,0.2791820040899795,87853.0,4.0,0.8350364041252745,1.0,identity_in_features_and_topology,16486.0,0.2483,False,False,results_v2/graph/results.csv
entity,NF-ToN-IoT-v3,egraphsage,temporal,drop,multiclass,42,ok,,48.0,10.0,409983.0,87854.0,87853.0,3.0,7.0,6.0,15157.0,128.0,221.0,25.0,36.0,0.1647616095868989,49.7,0.4071232627229577,0.0652010244911724,0.5443747107585964,,0.098360971316998,0.0487620995228357,0.5123790047716428,87853.0,4.0,0.6520102449117242,1.0,graph_topology_retains_identity,16486.0,0.2483,False,False,results_v2/graph/results.csv
entity,NF-ToN-IoT-v3,egraphsage,disjoint_ip,keep,multiclass,42,ok,,52.0,10.0,409983.0,87854.0,87853.0,0.0,1.0,2.0,5098.0,5087.0,5085.0,96.0,100.0,0.6113046129340514,115.3,0.4393247811685429,0.1333506283321385,0.3523823454510512,,0.2023316926056203,0.2230161860279187,0.1025167535368577,87853.0,8.0,0.1666882854151731,8.0,identity_in_features_and_topology,16486.0,0.0593,False,False,results_v2/graph/results.csv
entity,NF-ToN-IoT-v3,egraphsage,disjoint_ip,drop,multiclass,42,ok,,48.0,10.0,409983.0,87854.0,87853.0,0.0,1.0,2.0,5098.0,5087.0,5085.0,63.0,74.0,0.4893629256500502,84.5,0.3770616825834064,0.0962357165650504,0.2572740295146994,,0.2137636577307774,0.2006434247193259,0.1090096798212956,87853.0,8.0,0.120294645706313,8.0,graph_topology_retains_identity,16486.0,0.0593,False,False,results_v2/graph/results.csv
entity,NF-UNSW-NB15-v2,egraphsage,random,keep,binary,42,ok,,43.0,2.0,608758.0,130448.0,130448.0,0.0,0.0,0.0,39.0,38.0,39.0,68.0,79.0,0.967751982235482,124.8,0.9864620385134306,0.967002388189366,0.986803149617578,0.9416622621564482,0.9449950135933172,0.9922465550117914,0.0151562096565969,130448.0,2.0,0.967002388189366,2.0,identity_in_features_and_topology,44.0,0.0,False,False,results_v2/graph/results.csv
entity,NF-UNSW-NB15-v2,egraphsage,random,drop,binary,42,ok,,39.0,2.0,608758.0,130448.0,130448.0,0.0,0.0,0.0,39.0,38.0,39.0,74.0,85.0,0.9677127156505374,134.2,0.9864773702931436,0.9670359740272054,0.9868173715534544,0.9417206290471786,0.945070599422522,0.9922243968687844,0.015130389878647,130448.0,2.0,0.9670359740272054,2.0,graph_topology_retains_identity,44.0,0.0,False,False,results_v2/graph/results.csv
entity,NF-UNSW-NB15-v2,egraphsage,temporal,keep,binary,42,skipped,dataset has no timestamp column,,,,,,,,,,,,,,,,,,,,,,,,,,,,,,,,results_v2/graph/results.csv
entity,NF-UNSW-NB15-v2,egraphsage,temporal,drop,binary,42,skipped,dataset has no timestamp column,,,,,,,,,,,,,,,,,,,,,,,,,,,,,,,,results_v2/graph/results.csv
entity,NF-UNSW-NB15-v2,egraphsage,disjoint_ip,keep,binary,42,skipped,"no entity-disjoint partition over 40 entities gives every split >= 3 entities, >= 5% of rows and >= 2 classes",,,,,,,,,,,,,,,,,,,,,,,,,,,,,,,,results_v2/graph/results.csv
entity,NF-UNSW-NB15-v2,egraphsage,disjoint_ip,drop,binary,42,skipped,"no entity-disjoint partition over 40 entities gives every split >= 3 entities, >= 5% of rows and >= 2 classes",,,,,,,,,,,,,,,,,,,,,,,,,,,,,,,,results_v2/graph/results.csv
entity,NF-UNSW-NB15-v2,egraphsage,random,keep,multiclass,42,ok,,43.0,10.0,608758.0,130448.0,130448.0,0.0,0.0,0.0,39.0,38.0,39.0,83.0,94.0,0.5068114703117315,149.3,0.9389488531828776,0.5044339570716562,0.9484108589081992,,0.4777065496807697,0.6417864358400054,0.0222480420001721,130448.0,10.0,0.5044339570716562,10.0,identity_in_features_and_topology,44.0,0.0,False,False,results_v2/graph/results.csv
entity,NF-UNSW-NB15-v2,egraphsage,random,drop,multiclass,42,ok,,39.0,10.0,608758.0,130448.0,130448.0,0.0,0.0,0.0,39.0,38.0,39.0,57.0,68.0,0.4661618189089497,109.9,0.9308920029437016,0.4580954523322761,0.940760966407402,,0.4687962140615466,0.5399440394420584,0.0259488768396591,130448.0,10.0,0.4580954523322761,10.0,graph_topology_retains_identity,44.0,0.0,False,False,results_v2/graph/results.csv
entity,NF-UNSW-NB15-v2,egraphsage,temporal,keep,multiclass,42,skipped,dataset has no timestamp column,,,,,,,,,,,,,,,,,,,,,,,,,,,,,,,,results_v2/graph/results.csv
entity,NF-UNSW-NB15-v2,egraphsage,temporal,drop,multiclass,42,skipped,dataset has no timestamp column,,,,,,,,,,,,,,,,,,,,,,,,,,,,,,,,results_v2/graph/results.csv
entity,NF-UNSW-NB15-v2,egraphsage,disjoint_ip,keep,multiclass,42,skipped,"no entity-disjoint partition over 40 entities gives every split >= 3 entities, >= 5% of rows and >= 2 classes",,,,,,,,,,,,,,,,,,,,,,,,,,,,,,,,results_v2/graph/results.csv
entity,NF-UNSW-NB15-v2,egraphsage,disjoint_ip,drop,multiclass,42,skipped,"no entity-disjoint partition over 40 entities gives every split >= 3 entities, >= 5% of rows and >= 2 classes",,,,,,,,,,,,,,,,,,,,,,,,,,,,,,,,results_v2/graph/results.csv
entity,NF-UNSW-NB15-v3,egraphsage,random,keep,binary,42,ok,,52.0,2.0,595896.0,127692.0,127692.0,0.0,0.0,0.0,40.0,39.0,39.0,14.0,25.0,0.9993554038485856,37.3,0.9995771074147166,0.9991711979127582,0.9995772073454372,0.9985911818418992,0.9989354562918712,0.9994072787738528,0.0003501077963478,127692.0,2.0,0.9991711979127582,2.0,identity_in_features_and_topology,44.0,0.0,False,False,results_v2/graph/results.csv
entity,NF-UNSW-NB15-v3,egraphsage,random,drop,binary,42,ok,,48.0,2.0,595896.0,127692.0,127692.0,0.0,0.0,0.0,40.0,39.0,39.0,23.0,34.0,0.9994627788395132,47.9,0.9996084327914044,0.9992325247106332,0.9996085085063904,0.998695402598758,0.9990395710847824,0.9994257054999764,0.0003132543441006,127692.0,2.0,0.9992325247106332,2.0,graph_topology_retains_identity,44.0,0.0,False,False,results_v2/graph/results.csv
entity,NF-UNSW-NB15-v3,egraphsage,temporal,keep,binary,42,ok,,52.0,2.0,595896.0,127692.0,127692.0,0.0,0.0,0.0,40.0,38.0,38.0,12.0,23.0,0.958636369281311,35.8,0.941570341133352,0.9238670441972284,0.9437154373321408,0.8871545895911793,0.8985974068335644,0.9620745394656582,0.0758509210686836,127692.0,2.0,0.9238670441972284,2.0,identity_in_features_and_topology,44.0,0.0,False,False,results_v2/graph/results.csv
entity,NF-UNSW-NB15-v3,egraphsage,temporal,drop,binary,42,ok,,48.0,2.0,595896.0,127692.0,127692.0,0.0,0.0,0.0,40.0,38.0,38.0,8.0,19.0,0.9622546593404262,29.1,0.9480155373868372,0.9316972368206692,0.9497468762907554,0.8983118355341769,0.9077449947392836,0.9661622574117804,0.0674027083079175,127692.0,2.0,0.9316972368206692,2.0,graph_topology_retains_identity,44.0,0.0,False,False,results_v2/graph/results.csv
entity,NF-UNSW-NB15-v3,egraphsage,disjoint_ip,keep,binary,42,skipped,"no entity-disjoint partition over 40 entities gives every split >= 3 entities, >= 5% of rows and >= 2 classes",,,,,,,,,,,,,,,,,,,,,,,,,,,,,,,,results_v2/graph/results.csv
entity,NF-UNSW-NB15-v3,egraphsage,disjoint_ip,drop,binary,42,skipped,"no entity-disjoint partition over 40 entities gives every split >= 3 entities, >= 5% of rows and >= 2 classes",,,,,,,,,,,,,,,,,,,,,,,,,,,,,,,,results_v2/graph/results.csv
entity,NF-UNSW-NB15-v3,egraphsage,random,keep,multiclass,42,ok,,52.0,10.0,595897.0,127692.0,127691.0,0.0,0.0,0.0,40.0,39.0,39.0,98.0,100.0,0.5155725499542139,134.7,0.9335975127456124,0.5235976351764065,0.9372983709172708,,0.5102328650292851,0.6459746840540586,0.0005712285098306,127691.0,10.0,0.5235976351764065,10.0,identity_in_features_and_topology,44.0,0.0,False,False,results_v2/graph/results.csv
entity,NF-UNSW-NB15-v3,egraphsage,random,drop,multiclass,42,ok,,48.0,10.0,595897.0,127692.0,127691.0,0.0,0.0,0.0,40.0,39.0,39.0,77.0,88.0,0.4989911121305528,115.0,0.9314438762324676,0.5004735642606877,0.9355387118008812,,0.5048627733458462,0.5996263668045938,0.0007186423188192,127691.0,10.0,0.5004735642606877,10.0,graph_topology_retains_identity,44.0,0.0,False,False,results_v2/graph/results.csv
entity,NF-UNSW-NB15-v3,egraphsage,temporal,keep,multiclass,42,ok,,52.0,10.0,595896.0,127692.0,127692.0,0.0,0.0,0.0,40.0,38.0,38.0,4.0,15.0,0.3114329135656876,25.9,0.8075290542868778,0.3053000231591392,0.8327517850899134,,0.3137489020580801,0.3785176985994408,0.0793786344597617,127692.0,10.0,0.3053000231591392,10.0,identity_in_features_and_topology,44.0,0.0,False,True,results_v2/graph/results.csv
entity,NF-UNSW-NB15-v3,egraphsage,temporal,drop,multiclass,42,ok,,48.0,10.0,595896.0,127692.0,127692.0,0.0,0.0,0.0,40.0,38.0,38.0,4.0,15.0,0.2847441147977422,24.2,0.8042320583905022,0.2869736386443482,0.8287508509708814,,0.3014684494331766,0.3411251664663693,0.0793888007807734,127692.0,10.0,0.2869736386443482,10.0,graph_topology_retains_identity,44.0,0.0,False,True,results_v2/graph/results.csv
entity,NF-UNSW-NB15-v3,egraphsage,disjoint_ip,keep,multiclass,42,skipped,"no entity-disjoint partition over 40 entities gives every split >= 3 entities, >= 5% of rows and >= 2 classes",,,,,,,,,,,,,,,,,,,,,,,,,,,,,,,,results_v2/graph/results.csv
entity,NF-UNSW-NB15-v3,egraphsage,disjoint_ip,drop,multiclass,42,skipped,"no entity-disjoint partition over 40 entities gives every split >= 3 entities, >= 5% of rows and >= 2 classes",,,,,,,,,,,,,,,,,,,,,,,,,,,,,,,,results_v2/graph/results.csv
entity,NF-BoT-IoT-v2,xgboost,random,keep,multiclass,42,ok,,43.0,5.0,674497.0,144536.0,144534.0,0.0,0.0,0.0,18.0,14.0,18.0,599.0,599.0,0.9974161608296296,58.2,0.9975576680919368,0.9975309524858244,0.997558143213578,,0.9968301567504494,0.9982347562321436,0.0003949642063687,144534.0,5.0,0.9975309524858244,5.0,identity_features_keep,,,False,False,results_v2/multiclass/results.csv
entity,NF-BoT-IoT-v2,mlp,random,keep,multiclass,42,ok,,43.0,5.0,674497.0,144536.0,144534.0,0.0,0.0,0.0,18.0,14.0,18.0,27.0,38.0,0.9545858760675954,349.1,0.98351944871103,0.9533912492388206,0.9835708413598544,,0.9314222290145155,0.9838100951251876,0.0011848926191063,144534.0,5.0,0.9533912492388206,5.0,identity_features_keep,,,False,False,results_v2/multiclass/results.csv
entity,NF-BoT-IoT-v2,transformer,random,keep,multiclass,42,ok,,43.0,5.0,674497.0,144536.0,144534.0,0.0,0.0,0.0,18.0,14.0,18.0,13.0,24.0,0.956141210602491,666.2,0.9837823626274786,0.9536591383818548,0.9838281950749254,,0.9323776981338032,0.9831819963645974,0.00202419155764,144534.0,5.0,0.9536591383818548,5.0,identity_features_keep,,,False,False,results_v2/multiclass/results.csv
entity,NF-BoT-IoT-v2,autoencoder,random,keep,multiclass,42,ok,,43.0,5.0,674497.0,144536.0,144534.0,0.0,0.0,0.0,18.0,14.0,18.0,28.0,39.0,0.9559121617833496,364.3,0.983706255967454,0.9528537028123966,0.983752616104448,,0.9317758404396166,0.9823177623451702,0.0013823747222907,144534.0,5.0,0.9528537028123966,5.0,identity_features_keep,,,False,False,results_v2/multiclass/results.csv
entity,NF-BoT-IoT-v2,xgboost,random,drop,multiclass,42,ok,,39.0,5.0,674497.0,144536.0,144534.0,0.0,0.0,0.0,18.0,14.0,18.0,599.0,599.0,0.9626846437850792,51.0,0.9853044958279712,0.9570672022442066,0.9853493303491772,,0.9511189860673998,0.963251394907925,0.001530486299679,144534.0,5.0,0.9570672022442066,5.0,identity_features_drop,,,False,False,results_v2/multiclass/results.csv
entity,NF-BoT-IoT-v2,mlp,random,drop,multiclass,42,ok,,39.0,5.0,674497.0,144536.0,144534.0,0.0,0.0,0.0,18.0,14.0,18.0,23.0,34.0,0.9283576827185342,398.4,0.9784825715748544,0.9295929031686904,0.9786601338807104,,0.8993255771017381,0.9784557783952668,0.0036040483831152,144534.0,5.0,0.9295929031686904,5.0,identity_features_drop,,,False,False,results_v2/multiclass/results.csv
entity,NF-BoT-IoT-v2,transformer,random,drop,multiclass,42,ok,,39.0,5.0,674497.0,144536.0,144534.0,0.0,0.0,0.0,18.0,14.0,18.0,25.0,36.0,0.9297953573858854,948.6,0.9785448406603292,0.9301675012559104,0.9787178914253418,,0.9005654850960827,0.976984413735038,0.0045914588990372,144534.0,5.0,0.9301675012559104,5.0,identity_features_drop,,,False,False,results_v2/multiclass/results.csv
entity,NF-BoT-IoT-v2,autoencoder,random,drop,multiclass,42,ok,,39.0,5.0,674497.0,144536.0,144534.0,0.0,0.0,0.0,18.0,14.0,18.0,25.0,36.0,0.9324497575094652,393.8,0.9788561860877024,0.9339121851396336,0.9789978648980412,,0.9050110585015008,0.9785176379724108,0.0019254505060478,144534.0,5.0,0.9339121851396336,5.0,identity_features_drop,,,False,False,results_v2/multiclass/results.csv
entity,NF-BoT-IoT-v2,xgboost,temporal,keep,multiclass,42,skipped,dataset has no timestamp column,,,,,,,,,,,,,,,,,,,,,,,,,,,,,,,,results_v2/multiclass/results.csv
entity,NF-BoT-IoT-v2,mlp,temporal,keep,multiclass,42,skipped,dataset has no timestamp column,,,,,,,,,,,,,,,,,,,,,,,,,,,,,,,,results_v2/multiclass/results.csv
entity,NF-BoT-IoT-v2,transformer,temporal,keep,multiclass,42,skipped,dataset has no timestamp column,,,,,,,,,,,,,,,,,,,,,,,,,,,,,,,,results_v2/multiclass/results.csv
entity,NF-BoT-IoT-v2,autoencoder,temporal,keep,multiclass,42,skipped,dataset has no timestamp column,,,,,,,,,,,,,,,,,,,,,,,,,,,,,,,,results_v2/multiclass/results.csv
entity,NF-BoT-IoT-v2,xgboost,temporal,drop,multiclass,42,skipped,dataset has no timestamp column,,,,,,,,,,,,,,,,,,,,,,,,,,,,,,,,results_v2/multiclass/results.csv
entity,NF-BoT-IoT-v2,mlp,temporal,drop,multiclass,42,skipped,dataset has no timestamp column,,,,,,,,,,,,,,,,,,,,,,,,,,,,,,,,results_v2/multiclass/results.csv
entity,NF-BoT-IoT-v2,transformer,temporal,drop,multiclass,42,skipped,dataset has no timestamp column,,,,,,,,,,,,,,,,,,,,,,,,,,,,,,,,results_v2/multiclass/results.csv
entity,NF-BoT-IoT-v2,autoencoder,temporal,drop,multiclass,42,skipped,dataset has no timestamp column,,,,,,,,,,,,,,,,,,,,,,,,,,,,,,,,results_v2/multiclass/results.csv
entity,NF-BoT-IoT-v2,xgboost,disjoint_ip,keep,multiclass,42,ok,,43.0,5.0,512013.0,224758.0,226796.0,0.0,0.0,0.0,14.0,3.0,3.0,70.0,70.0,0.7649713299069234,13.0,0.9729977601015892,0.8342873277437619,0.9730991487589488,,0.8306030169010441,0.8393036378975298,0.0553833769370094,226796.0,5.0,0.8342873277437619,5.0,identity_features_keep,,,False,False,results_v2/multiclass/results.csv
entity,NF-BoT-IoT-v2,mlp,disjoint_ip,keep,multiclass,42,ok,,43.0,5.0,512013.0,224758.0,226796.0,0.0,0.0,0.0,14.0,3.0,3.0,5.0,16.0,0.7768998922213839,125.4,0.9341831425598336,0.7455630529015697,0.9372520537481775,,0.7784712674887496,0.7948267898059584,0.334352988528879,226796.0,5.0,0.7455630529015697,5.0,identity_features_keep,,,False,True,results_v2/multiclass/results.csv
entity,NF-BoT-IoT-v2,transformer,disjoint_ip,keep,multiclass,42,ok,,43.0,5.0,512013.0,224758.0,226796.0,0.0,0.0,0.0,14.0,3.0,3.0,9.0,20.0,0.5090521242527879,437.9,0.6969214624596554,0.5178935540664205,0.7345911008280593,,0.5662307164831717,0.6036604149311893,0.0586435902596095,226796.0,5.0,0.5178935540664205,5.0,identity_features_keep,,,False,False,results_v2/multiclass/results.csv
entity,NF-BoT-IoT-v2,autoencoder,disjoint_ip,keep,multiclass,42,ok,,43.0,5.0,512013.0,224758.0,226796.0,0.0,0.0,0.0,14.0,3.0,3.0,6.0,17.0,0.8007072634590987,133.5,0.9383322457186194,0.7635550499595458,0.9368750258642732,,0.7925414290249911,0.789527753281064,0.3721070637955323,226796.0,5.0,0.7635550499595458,5.0,identity_features_keep,,,False,False,results_v2/multiclass/results.csv
entity,NF-BoT-IoT-v2,xgboost,disjoint_ip,drop,multiclass,42,ok,,39.0,5.0,512013.0,224758.0,226796.0,0.0,0.0,0.0,14.0,3.0,3.0,54.0,54.0,0.7881702944244704,11.3,0.9314097250392424,0.7399769516972234,0.9322401761837033,,0.7521682505411381,0.7794535977974596,0.3721473133427249,226796.0,5.0,0.7399769516972234,5.0,identity_features_drop,,,False,False,results_v2/multiclass/results.csv
entity,NF-BoT-IoT-v2,mlp,disjoint_ip,drop,multiclass,42,ok,,39.0,5.0,512013.0,224758.0,226796.0,0.0,0.0,0.0,14.0,3.0,3.0,4.0,15.0,0.7785551835190365,113.8,0.9350429460837052,0.7500787186334248,0.9351631752118156,,0.7736762385354644,0.7924310394331682,0.3539545180116724,226796.0,5.0,0.7500787186334248,5.0,identity_features_drop,,,False,True,results_v2/multiclass/results.csv
entity,NF-BoT-IoT-v2,transformer,disjoint_ip,drop,multiclass,42,ok,,39.0,5.0,512013.0,224758.0,226796.0,0.0,0.0,0.0,14.0,3.0,3.0,8.0,19.0,0.8036642449619755,401.8,0.9404001834247516,0.7780317229656647,0.9395293103003864,,0.7887247334935302,0.8006813879496439,0.3020728516804186,226796.0,5.0,0.7780317229656647,5.0,identity_features_drop,,,False,False,results_v2/multiclass/results.csv
entity,NF-BoT-IoT-v2,autoencoder,disjoint_ip,drop,multiclass,42,ok,,39.0,5.0,512013.0,224758.0,226796.0,0.0,0.0,0.0,14.0,3.0,3.0,14.0,25.0,0.8021390324519583,192.1,0.93618053228452,0.7284045790251015,0.9355144547859396,,0.7463602082204137,0.7290607858326512,0.3420809015898571,226796.0,5.0,0.7284045790251015,5.0,identity_features_drop,,,False,False,results_v2/multiclass/results.csv
entity,NF-BoT-IoT-v3,xgboost,random,keep,multiclass,42,ok,,52.0,5.0,700000.0,150000.0,150000.0,0.0,0.0,0.0,19.0,14.0,15.0,277.0,277.0,0.9933577462481552,31.9,0.99758,0.9930867365853746,0.9975908896897496,,0.9914067466641856,0.9948791593742984,0.0088447407810586,150000.0,5.0,0.9930867365853746,5.0,identity_features_keep,,,False,False,results_v2/multiclass/results.csv
entity,NF-BoT-IoT-v3,mlp,random,keep,multiclass,42,ok,,52.0,5.0,700000.0,150000.0,150000.0,0.0,0.0,0.0,19.0,14.0,15.0,22.0,33.0,0.9687423928027286,334.4,0.9874,0.9679374780518716,0.9876839402252244,,0.961856839234034,0.9781045513420564,0.0106136889372703,150000.0,5.0,0.9679374780518716,5.0,identity_features_keep,,,False,False,results_v2/multiclass/results.csv
entity,NF-BoT-IoT-v3,transformer,random,keep,multiclass,42,ok,,52.0,5.0,700000.0,150000.0,150000.0,0.0,0.0,0.0,19.0,14.0,15.0,42.0,53.0,0.9740957143003576,1660.0,0.9906133333333332,0.9737833159143324,0.9908196537021968,,0.9671409758921228,0.983516114560512,0.0055789903388216,150000.0,5.0,0.9737833159143324,5.0,identity_features_keep,,,False,False,results_v2/multiclass/results.csv
entity,NF-BoT-IoT-v3,autoencoder,random,keep,multiclass,42,ok,,52.0,5.0,700000.0,150000.0,150000.0,0.0,0.0,0.0,19.0,14.0,15.0,96.0,100.0,0.97729184109996,915.6,0.99144,0.9776851202862208,0.9915863114272454,,0.9721452383863494,0.9853100873285427,0.0083004490406858,150000.0,5.0,0.9776851202862208,5.0,identity_features_keep,,,False,False,results_v2/multiclass/results.csv
entity,NF-BoT-IoT-v3,xgboost,random,drop,multiclass,42,ok,,48.0,5.0,700000.0,150000.0,150000.0,0.0,0.0,0.0,19.0,14.0,15.0,266.0,266.0,0.9807795120893784,30.4,0.9931066666666668,0.9802543827226272,0.993201861706784,,0.9762439582815792,0.9853720108770044,0.0182337733024901,150000.0,5.0,0.9802543827226272,5.0,identity_features_drop,,,False,False,results_v2/multiclass/results.csv
entity,NF-BoT-IoT-v3,mlp,random,drop,multiclass,42,ok,,48.0,5.0,700000.0,150000.0,150000.0,0.0,0.0,0.0,19.0,14.0,15.0,9.0,20.0,0.9594652393914714,221.9,0.98352,0.9589012297230636,0.9839155331899744,,0.9520945713840429,0.9705359417565418,0.0326575044223703,150000.0,5.0,0.9589012297230636,5.0,identity_features_drop,,,False,False,results_v2/multiclass/results.csv
entity,NF-BoT-IoT-v3,transformer,random,drop,multiclass,42,ok,,48.0,5.0,700000.0,150000.0,150000.0,0.0,0.0,0.0,19.0,14.0,15.0,24.0,35.0,0.959122153547452,1064.4,0.9848266666666666,0.958416665292098,0.9852933865670256,,0.9517439291732384,0.9718171752021962,0.0146958769900666,150000.0,5.0,0.958416665292098,5.0,identity_features_drop,,,False,False,results_v2/multiclass/results.csv
entity,NF-BoT-IoT-v3,autoencoder,random,drop,multiclass,42,ok,,48.0,5.0,700000.0,150000.0,150000.0,0.0,0.0,0.0,19.0,14.0,15.0,17.0,28.0,0.9605821682615784,274.7,0.98316,0.95922745122851,0.9834364292453812,,0.9530784374146232,0.9677043995809024,0.0631378418832494,150000.0,5.0,0.95922745122851,5.0,identity_features_drop,,,False,False,results_v2/multiclass/results.csv
entity,NF-BoT-IoT-v3,xgboost,temporal,keep,multiclass,42,ok,,52.0,5.0,700000.0,150000.0,150000.0,1.0,3.0,2.0,17.0,13.0,14.0,159.0,159.0,0.4,18.8,0.9887,0.3839818113624821,0.9837765461429804,,0.3715409152274683,0.3980781775859852,0.0084889643463497,150000.0,3.0,0.9599545284062054,2.0,identity_features_keep,,,False,False,results_v2/multiclass/results.csv
entity,NF-BoT-IoT-v3,mlp,temporal,keep,multiclass,42,ok,,52.0,5.0,700000.0,150000.0,150000.0,1.0,3.0,2.0,17.0,13.0,14.0,4.0,15.0,0.3438094927422616,142.2,0.00716,0.1780356402818068,0.0069908661417322,,0.1739271255060728,0.1823429541595925,0.0882852292020373,150000.0,3.0,0.4450891007045172,2.0,identity_features_keep,,,False,True,results_v2/multiclass/results.csv
entity,NF-BoT-IoT-v3,transformer,temporal,keep,multiclass,42,ok,,52.0,5.0,700000.0,150000.0,150000.0,1.0,3.0,2.0,17.0,13.0,14.0,10.0,21.0,0.3093352887316985,640.1,0.0077466666666666,0.1494235503168716,0.0058805202667876,,0.1205618218578737,0.1971151098770577,0.0144312393887945,150000.0,3.0,0.3735588757921791,2.0,identity_features_keep,,,False,False,results_v2/multiclass/results.csv
entity,NF-BoT-IoT-v3,autoencoder,temporal,keep,multiclass,42,ok,,52.0,5.0,700000.0,150000.0,150000.0,1.0,3.0,2.0,17.0,13.0,14.0,12.0,23.0,0.3497624029216925,217.7,0.0071866666666666,0.1777093251890156,0.007187871105685,,0.1776227353279109,0.1803273267935347,0.098471986417657,150000.0,3.0,0.4442733129725391,2.0,identity_features_keep,,,False,False,results_v2/multiclass/results.csv
entity,NF-BoT-IoT-v3,xgboost,temporal,drop,multiclass,42,ok,,48.0,5.0,700000.0,150000.0,150000.0,1.0,3.0,2.0,17.0,13.0,14.0,140.0,140.0,0.3993408197436029,18.1,0.98874,0.3619095347525758,0.9840473275528488,,0.336846350184196,0.3974126379864436,0.0118845500848896,150000.0,3.0,0.9047738368814396,2.0,identity_features_drop,,,False,False,results_v2/multiclass/results.csv
entity,NF-BoT-IoT-v3,mlp,temporal,drop,multiclass,42,ok,,48.0,5.0,700000.0,150000.0,150000.0,1.0,3.0,2.0,17.0,13.0,14.0,24.0,35.0,0.3811000137004576,343.7,0.0052133333333333,0.1400295746089808,0.0055115524620533,,0.1484430685480554,0.1325989808447996,0.3370118845500849,150000.0,3.0,0.3500739365224521,2.0,identity_features_drop,,,False,False,results_v2/multiclass/results.csv
entity,NF-BoT-IoT-v3,transformer,temporal,drop,multiclass,42,ok,,48.0,5.0,700000.0,150000.0,150000.0,1.0,3.0,2.0,17.0,13.0,14.0,12.0,23.0,0.383485840041698,693.7,0.0078066666666666,0.1690974729241877,0.0066398941034897,,0.1471105527638191,0.198811544991511,0.0059422750424448,150000.0,3.0,0.4227436823104693,2.0,identity_features_drop,,,False,False,results_v2/multiclass/results.csv
entity,NF-BoT-IoT-v3,autoencoder,temporal,drop,multiclass,42,ok,,48.0,5.0,700000.0,150000.0,150000.0,1.0,3.0,2.0,17.0,13.0,14.0,13.0,24.0,0.372316034847949,233.9,0.00718,0.1775762572135202,0.0069728276999175,,0.1725961538461538,0.1828522920203735,0.0857385398981324,150000.0,3.0,0.4439406430338005,2.0,identity_features_drop,,,False,False,results_v2/multiclass/results.csv
entity,NF-BoT-IoT-v3,xgboost,disjoint_ip,keep,multiclass,42,ok,,52.0,5.0,506030.0,247583.0,246387.0,0.0,1.0,0.0,14.0,3.0,3.0,124.0,124.0,0.7747058899881484,16.8,0.9854253674098066,0.9645573434035984,0.9854750407017532,,0.968052531376367,0.9620263806166168,0.1350827614049253,246387.0,5.0,0.9645573434035984,5.0,identity_features_keep,,,False,False,results_v2/multiclass/results.csv
entity,NF-BoT-IoT-v3,mlp,disjoint_ip,keep,multiclass,42,ok,,52.0,5.0,506030.0,247583.0,246387.0,0.0,1.0,0.0,14.0,3.0,3.0,4.0,15.0,0.6832482056106706,107.9,0.8608774001875099,0.8556605945282507,0.8582328635987744,,0.8422936746953201,0.8959532814570788,0.0670972951150585,246387.0,5.0,0.8556605945282507,5.0,identity_features_keep,,,False,True,results_v2/multiclass/results.csv
entity,NF-BoT-IoT-v3,transformer,disjoint_ip,keep,multiclass,42,ok,,52.0,5.0,506030.0,247583.0,246387.0,0.0,1.0,0.0,14.0,3.0,3.0,4.0,15.0,0.7281344408502675,360.0,0.9667799031604752,0.7580726554399604,0.9675606884856875,,0.9178383579714284,0.7553992385210168,0.1167541380702462,246387.0,5.0,0.7580726554399604,5.0,identity_features_keep,,,False,True,results_v2/multiclass/results.csv
entity,NF-BoT-IoT-v3,autoencoder,disjoint_ip,keep,multiclass,42,ok,,52.0,5.0,506030.0,247583.0,246387.0,0.0,1.0,0.0,14.0,3.0,3.0,4.0,15.0,0.7227605671189276,105.8,0.9219276991075016,0.9227033855352572,0.9224505804199696,,0.9198011982569164,0.9307860705555764,0.0775131207105369,246387.0,5.0,0.9227033855352572,5.0,identity_features_keep,,,False,True,results_v2/multiclass/results.csv
entity,NF-BoT-IoT-v3,xgboost,disjoint_ip,drop,multiclass,42,ok,,48.0,5.0,506030.0,247583.0,246387.0,0.0,1.0,0.0,14.0,3.0,3.0,78.0,78.0,0.771615307982567,14.8,0.986703843952806,0.968619406775342,0.9868898269434904,,0.9612686329454524,0.9770976769959104,0.0289059345983044,246387.0,5.0,0.968619406775342,5.0,identity_features_drop,,,False,False,results_v2/multiclass/results.csv
entity,NF-BoT-IoT-v3,mlp,disjoint_ip,drop,multiclass,42,ok,,48.0,5.0,506030.0,247583.0,246387.0,0.0,1.0,0.0,14.0,3.0,3.0,10.0,21.0,0.7399771847991831,150.3,0.9770767126512356,0.9483789000809824,0.9776994672947212,,0.9415588684924622,0.9637880619354188,0.0113847396043601,246387.0,5.0,0.9483789000809824,5.0,identity_features_drop,,,False,False,results_v2/multiclass/results.csv
entity,NF-BoT-IoT-v3,transformer,disjoint_ip,drop,multiclass,42,ok,,48.0,5.0,506030.0,247583.0,246387.0,0.0,1.0,0.0,14.0,3.0,3.0,6.0,17.0,0.7522600928006611,388.8,0.9839723686720484,0.9465309024916024,0.9843802309083426,,0.9311581237499268,0.9687112046709784,0.0327008477997577,246387.0,5.0,0.9465309024916024,5.0,identity_features_drop,,,False,False,results_v2/multiclass/results.csv
entity,NF-BoT-IoT-v3,autoencoder,disjoint_ip,drop,multiclass,42,ok,,48.0,5.0,506030.0,247583.0,246387.0,0.0,1.0,0.0,14.0,3.0,3.0,44.0,55.0,0.7430909063523904,367.1,0.974077366094802,0.9489710172884545,0.9745982239625778,,0.9452495489239904,0.960191654819759,0.0246265643924101,246387.0,5.0,0.9489710172884545,5.0,identity_features_drop,,,False,False,results_v2/multiclass/results.csv
entity,NF-CICIDS2018-v3,xgboost,random,keep,multiclass,42,ok,,52.0,15.0,560255.0,120053.0,120057.0,0.0,0.0,0.0,153493.0,69879.0,69870.0,598.0,598.0,0.9145986393998402,146.5,0.9990837685432752,0.8925022306298495,0.9991220381690872,,0.8770483040199648,0.9198848596604028,0.000609786658202,120057.0,15.0,0.8925022306298495,15.0,identity_features_keep,,,False,False,results_v2/multiclass/results.csv
entity,NF-CICIDS2018-v3,mlp,random,keep,multiclass,42,ok,,52.0,15.0,560255.0,120053.0,120057.0,0.0,0.0,0.0,153493.0,69879.0,69870.0,19.0,30.0,0.5818701954277608,226.6,0.882022705881373,0.6281561624687627,0.9350364857885064,,0.5476143624474491,0.9190177181720796,0.1181733130627996,120057.0,15.0,0.6281561624687627,15.0,identity_features_keep,,,False,False,results_v2/multiclass/results.csv
entity,NF-CICIDS2018-v3,transformer,random,keep,multiclass,42,ok,,52.0,15.0,560255.0,120053.0,120057.0,0.0,0.0,0.0,153493.0,69879.0,69870.0,15.0,26.0,0.6513649285731467,635.0,0.8651890352082761,0.6220781104151146,0.9256581992548296,,0.5678698481091111,0.8267743011152037,0.1349716825099821,120057.0,15.0,0.6220781104151146,15.0,identity_features_keep,,,False,False,results_v2/multiclass/results.csv
entity,NF-CICIDS2018-v3,autoencoder,random,keep,multiclass,42,ok,,52.0,15.0,560255.0,120053.0,120057.0,0.0,0.0,0.0,153493.0,69879.0,69870.0,6.0,17.0,0.5799784968944575,205.9,0.9511232164721756,0.6107502569617549,0.9727044554634388,,0.5445636181648923,0.8691534570565619,0.0486325743020866,120057.0,15.0,0.6107502569617549,15.0,identity_features_keep,,,False,False,results_v2/multiclass/results.csv
entity,NF-CICIDS2018-v3,xgboost,random,drop,multiclass,42,ok,,48.0,15.0,560255.0,120053.0,120057.0,0.0,0.0,0.0,153493.0,69879.0,69870.0,599.0,599.0,0.8645528920945694,109.5,0.9977260801119467,0.8613757428757085,0.9979829052780907,,0.8312541919295143,0.9110540492294624,0.0018126534908197,120057.0,15.0,0.8613757428757085,15.0,identity_features_drop,,,False,False,results_v2/multiclass/results.csv
entity,NF-CICIDS2018-v3,mlp,random,drop,multiclass,42,ok,,48.0,15.0,560255.0,120053.0,120057.0,0.0,0.0,0.0,153493.0,69879.0,69870.0,25.0,36.0,0.5906618923832928,288.3,0.9171476881814472,0.6544417988398409,0.9545430704716198,,0.5922898954513728,0.9169035017601465,0.0828474530965467,120057.0,15.0,0.6544417988398409,15.0,identity_features_drop,,,False,False,results_v2/multiclass/results.csv
entity,NF-CICIDS2018-v3,transformer,random,drop,multiclass,42,ok,,48.0,15.0,560255.0,120053.0,120057.0,0.0,0.0,0.0,153493.0,69879.0,69870.0,10.0,21.0,0.6532961096640129,508.0,0.907060812780596,0.5568121566695685,0.9491565767541132,,0.5151630500179667,0.7173486626648963,0.0929298160616135,120057.0,15.0,0.5568121566695685,15.0,identity_features_drop,,,False,False,results_v2/multiclass/results.csv
entity,NF-CICIDS2018-v3,autoencoder,random,drop,multiclass,42,ok,,48.0,15.0,560255.0,120053.0,120057.0,0.0,0.0,0.0,153493.0,69879.0,69870.0,13.0,24.0,0.5965893628394461,270.3,0.921603904811881,0.6740601193838066,0.9569597801841296,,0.6267570413403969,0.8486759112915034,0.078328349232337,120057.0,15.0,0.6740601193838066,15.0,identity_features_drop,,,False,False,results_v2/multiclass/results.csv
entity,NF-CICIDS2018-v3,xgboost,temporal,keep,multiclass,42,ok,,52.0,15.0,560256.0,120055.0,120054.0,1.0,13.0,12.0,136330.0,34492.0,35563.0,77.0,77.0,0.0681272580307053,23.6,0.9954270578239792,0.0681667708405676,0.9935895452366248,,0.0823883333333333,0.0675113586468657,0.0004015157218499,120054.0,3.0,0.5112507813042573,2.0,identity_features_keep,,,False,False,results_v2/multiclass/results.csv
entity,NF-CICIDS2018-v3,mlp,temporal,keep,multiclass,42,ok,,52.0,15.0,560256.0,120055.0,120054.0,1.0,13.0,12.0,136330.0,34492.0,35563.0,30.0,41.0,0.0685875901125603,312.4,0.9943692005264296,0.0678106594784598,0.9930582623242872,,0.0692071552132987,0.0674405357348172,0.001463859402578,120054.0,3.0,0.5085799460884491,2.0,identity_features_keep,,,False,False,results_v2/multiclass/results.csv
entity,NF-CICIDS2018-v3,transformer,temporal,keep,multiclass,42,ok,,52.0,15.0,560256.0,120055.0,120054.0,1.0,13.0,12.0,136330.0,34492.0,35563.0,28.0,39.0,0.075404733397073,937.2,0.9921951788361904,0.0824771014389731,0.9933975845738188,,0.081072599863714,0.0842232040331335,0.0046257957121466,120054.0,3.0,0.6185782607922989,2.0,identity_features_keep,,,False,False,results_v2/multiclass/results.csv
entity,NF-CICIDS2018-v3,autoencoder,temporal,keep,multiclass,42,ok,,52.0,15.0,560256.0,120055.0,120054.0,1.0,13.0,12.0,136330.0,34492.0,35563.0,26.0,37.0,0.0726999373393102,327.8,0.9920702350608892,0.0724519511028062,0.9921757492627492,,0.0845160647061355,0.0700356481884692,0.003931508109781,120054.0,3.0,0.543389633271047,2.0,identity_features_keep,,,False,False,results_v2/multiclass/results.csv
entity,NF-CICIDS2018-v3,xgboost,temporal,drop,multiclass,42,ok,,48.0,15.0,560256.0,120055.0,120054.0,1.0,13.0,12.0,136330.0,34492.0,35563.0,81.0,81.0,0.0718091423720518,23.2,0.9955769903543406,0.0730166011906729,0.9939420327041244,,0.0972630417826839,0.0702704233536064,0.0004098806327218,120054.0,3.0,0.5476245089300469,2.0,identity_features_drop,,,False,False,results_v2/multiclass/results.csv
entity,NF-CICIDS2018-v3,mlp,temporal,drop,multiclass,42,ok,,48.0,15.0,560256.0,120055.0,120054.0,1.0,13.0,12.0,136330.0,34492.0,35563.0,16.0,27.0,0.0704449371461732,214.6,0.9922534859313308,0.0721595684554179,0.9923910588316768,,0.0771344498448205,0.0703372879679614,0.0037642098923435,120054.0,3.0,0.5411967634156347,2.0,identity_features_drop,,,False,False,results_v2/multiclass/results.csv
entity,NF-CICIDS2018-v3,transformer,temporal,drop,multiclass,42,ok,,48.0,15.0,560256.0,120055.0,120054.0,1.0,13.0,12.0,136330.0,34492.0,35563.0,15.0,26.0,0.0848384992560778,636.1,0.9967681210122112,0.1038706858882597,0.9963021580534736,,0.1141854961097007,0.0972616944871027,0.0007695718002124,120054.0,3.0,0.7790301441619478,2.0,identity_features_drop,,,False,False,results_v2/multiclass/results.csv
entity,NF-CICIDS2018-v3,autoencoder,temporal,drop,multiclass,42,ok,,48.0,15.0,560256.0,120055.0,120054.0,1.0,13.0,12.0,136330.0,34492.0,35563.0,22.0,33.0,0.070561182702049,332.7,0.9873556899395272,0.0713855008560523,0.9898411039230004,,0.0703562339544518,0.0734818383843453,0.0088835353459308,120054.0,3.0,0.5353912564203925,2.0,identity_features_drop,,,False,False,results_v2/multiclass/results.csv
entity,NF-CICIDS2018-v3,xgboost,disjoint_ip,keep,multiclass,42,ok,,52.0,15.0,560255.0,120055.0,120055.0,0.0,12.0,12.0,80139.0,50868.0,50869.0,452.0,452.0,0.1682293989400684,100.4,0.9990920827953854,0.1672422899859096,0.9991017177152156,,0.1657239825395529,0.1688133293787969,0.0004839059553805,120055.0,3.0,0.8362114499295482,3.0,identity_features_keep,,,False,False,results_v2/multiclass/results.csv
entity,NF-CICIDS2018-v3,mlp,disjoint_ip,keep,multiclass,42,ok,,52.0,15.0,560255.0,120055.0,120055.0,0.0,12.0,12.0,80139.0,50868.0,50869.0,29.0,40.0,0.0788832317267929,303.6,0.9448419474407564,0.0781396129186424,0.9701519181634248,,0.0738956859514269,0.1827665896950985,0.0550651604398538,120055.0,3.0,0.3906980645932122,3.0,identity_features_keep,,,False,False,results_v2/multiclass/results.csv
entity,NF-CICIDS2018-v3,transformer,disjoint_ip,keep,multiclass,42,ok,,52.0,15.0,560255.0,120055.0,120055.0,0.0,12.0,12.0,80139.0,50868.0,50869.0,7.0,18.0,0.0971937771304909,442.5,0.9854733247261672,0.0973972082200456,0.9914012218177832,,0.0853815099483497,0.1746790013642223,0.0142168232408349,120055.0,3.0,0.4869860411002283,3.0,identity_features_keep,,,False,False,results_v2/multiclass/results.csv
entity,NF-CICIDS2018-v3,autoencoder,disjoint_ip,keep,multiclass,42,ok,,52.0,15.0,560255.0,120055.0,120055.0,0.0,12.0,12.0,80139.0,50868.0,50869.0,33.0,44.0,0.0901330556213828,370.4,0.9215942692932406,0.0888351994122847,0.9578317740071308,,0.0817355967179219,0.1840398258781329,0.0783927647716464,120055.0,3.0,0.4441759970614236,3.0,identity_features_keep,,,False,False,results_v2/multiclass/results.csv
entity,NF-CICIDS2018-v3,xgboost,disjoint_ip,drop,multiclass,42,ok,,48.0,15.0,560255.0,120055.0,120055.0,0.0,12.0,12.0,80139.0,50868.0,50869.0,594.0,594.0,0.1524085324618965,107.7,0.9985340052475948,0.1537429276530925,0.9986513102657224,,0.1448727579551486,0.1651757967369425,0.0009928415291428,120055.0,3.0,0.7687146382654628,3.0,identity_features_drop,,,False,False,results_v2/multiclass/results.csv
entity,NF-CICIDS2018-v3,mlp,disjoint_ip,drop,multiclass,42,ok,,48.0,15.0,560255.0,120055.0,120055.0,0.0,12.0,12.0,80139.0,50868.0,50869.0,9.0,20.0,0.0750460399607802,168.2,0.9554204323018616,0.0751077525065178,0.97568197619783,,0.0718604706743727,0.185447707505631,0.0444943182766273,120055.0,3.0,0.3755387625325891,3.0,identity_features_drop,,,False,False,results_v2/multiclass/results.csv
entity,NF-CICIDS2018-v3,transformer,disjoint_ip,drop,multiclass,42,ok,,48.0,15.0,560255.0,120055.0,120055.0,0.0,12.0,12.0,80139.0,50868.0,50869.0,19.0,30.0,0.0985863410072137,736.2,0.9705884802798718,0.1028978307742281,0.9838469839195196,,0.0912609252160201,0.1838858019841951,0.029267967094395,120055.0,3.0,0.5144891538711408,3.0,identity_features_drop,,,False,False,results_v2/multiclass/results.csv
entity,NF-CICIDS2018-v3,autoencoder,disjoint_ip,drop,multiclass,42,ok,,48.0,15.0,560255.0,120055.0,120055.0,0.0,12.0,12.0,80139.0,50868.0,50869.0,15.0,26.0,0.0935583842268282,321.2,0.9730623464245554,0.0933698031517468,0.9850210538849766,,0.0832782552116367,0.1758029056361152,0.0266899164010746,120055.0,3.0,0.4668490157587342,3.0,identity_features_drop,,,False,False,results_v2/multiclass/results.csv
entity,NF-CSE-CIC-IDS2018-v2,xgboost,random,keep,multiclass,42,ok,,43.0,15.0,577526.0,123754.0,123758.0,0.0,1.0,1.0,186550.0,79246.0,79406.0,598.0,598.0,0.7459532219413145,115.8,0.9987798768564456,0.7994312498441319,0.9988280339622978,,0.795200045307651,0.8042816363367439,0.0006877356505979,123758.0,14.0,0.8565334819758557,14.0,identity_features_keep,,,False,False,results_v2/multiclass/results.csv
entity,NF-CSE-CIC-IDS2018-v2,mlp,random,keep,multiclass,42,ok,,43.0,15.0,577526.0,123754.0,123758.0,0.0,1.0,1.0,186550.0,79246.0,79406.0,16.0,27.0,0.6029887834333285,211.2,0.9266229253866416,0.5739439025800287,0.9609144355615776,,0.5091092094844227,0.7992157684370642,0.0731669822159651,123758.0,14.0,0.6149398956214593,14.0,identity_features_keep,,,False,False,results_v2/multiclass/results.csv
entity,NF-CSE-CIC-IDS2018-v2,transformer,random,keep,multiclass,42,ok,,43.0,15.0,577526.0,123754.0,123758.0,0.0,1.0,1.0,186550.0,79246.0,79406.0,5.0,16.0,0.4642239318539768,389.0,0.9461368153977924,0.4219852294536652,0.9713127924366028,,0.3633480801233404,0.6608741524669483,0.0535543796624431,123758.0,14.0,0.4521270315574984,14.0,identity_features_keep,,,False,True,results_v2/multiclass/results.csv
entity,NF-CSE-CIC-IDS2018-v2,autoencoder,random,keep,multiclass,42,ok,,43.0,15.0,577526.0,123754.0,123758.0,0.0,1.0,1.0,186550.0,79246.0,79406.0,30.0,41.0,0.6056480184133672,417.8,0.9421936359669678,0.5612793211604462,0.969243509741271,,0.5166064622407981,0.7629463305009129,0.0575594284512193,123758.0,14.0,0.6013707012433352,14.0,identity_features_keep,,,False,False,results_v2/multiclass/results.csv
entity,NF-CSE-CIC-IDS2018-v2,xgboost,random,drop,multiclass,42,ok,,39.0,15.0,577526.0,123754.0,123758.0,0.0,1.0,1.0,186550.0,79246.0,79406.0,595.0,595.0,0.7208191306872469,120.8,0.997163819712665,0.7173630332755377,0.9978540812682828,,0.7121114434428804,0.761013703895806,0.0023383012120329,123758.0,14.0,0.7686032499380762,14.0,identity_features_drop,,,False,False,results_v2/multiclass/results.csv
entity,NF-CSE-CIC-IDS2018-v2,mlp,random,drop,multiclass,42,ok,,39.0,15.0,577526.0,123754.0,123758.0,0.0,1.0,1.0,186550.0,79246.0,79406.0,19.0,30.0,0.5441573540571533,247.0,0.947009486255434,0.4822656282884363,0.9717728031123448,,0.4037143004607808,0.7626835572839084,0.0527290968817256,123758.0,14.0,0.5167131731661817,14.0,identity_features_drop,,,False,False,results_v2/multiclass/results.csv
entity,NF-CSE-CIC-IDS2018-v2,transformer,random,drop,multiclass,42,ok,,39.0,15.0,577526.0,123754.0,123758.0,0.0,1.0,1.0,186550.0,79246.0,79406.0,15.0,26.0,0.5492779959422845,558.3,0.9582734045475848,0.5299450220368876,0.9777298568882424,,0.4639064657536922,0.6944328700450739,0.0414016861659951,123758.0,14.0,0.5677982378966653,14.0,identity_features_drop,,,False,False,results_v2/multiclass/results.csv
entity,NF-CSE-CIC-IDS2018-v2,autoencoder,random,drop,multiclass,42,ok,,39.0,15.0,577526.0,123754.0,123758.0,0.0,1.0,1.0,186550.0,79246.0,79406.0,40.0,51.0,0.6531274573378651,465.3,0.9531262625446436,0.621903638111275,0.975030345603542,,0.5685538657110272,0.8392306161458472,0.0466284771105393,123758.0,14.0,0.6663253265477946,14.0,identity_features_drop,,,False,False,results_v2/multiclass/results.csv
entity,NF-CSE-CIC-IDS2018-v2,xgboost,temporal,keep,multiclass,42,skipped,dataset has no timestamp column,,,,,,,,,,,,,,,,,,,,,,,,,,,,,,,,results_v2/multiclass/results.csv
entity,NF-CSE-CIC-IDS2018-v2,mlp,temporal,keep,multiclass,42,skipped,dataset has no timestamp column,,,,,,,,,,,,,,,,,,,,,,,,,,,,,,,,results_v2/multiclass/results.csv
entity,NF-CSE-CIC-IDS2018-v2,transformer,temporal,keep,multiclass,42,skipped,dataset has no timestamp column,,,,,,,,,,,,,,,,,,,,,,,,,,,,,,,,results_v2/multiclass/results.csv
entity,NF-CSE-CIC-IDS2018-v2,autoencoder,temporal,keep,multiclass,42,skipped,dataset has no timestamp column,,,,,,,,,,,,,,,,,,,,,,,,,,,,,,,,results_v2/multiclass/results.csv
entity,NF-CSE-CIC-IDS2018-v2,xgboost,temporal,drop,multiclass,42,skipped,dataset has no timestamp column,,,,,,,,,,,,,,,,,,,,,,,,,,,,,,,,results_v2/multiclass/results.csv
entity,NF-CSE-CIC-IDS2018-v2,mlp,temporal,drop,multiclass,42,skipped,dataset has no timestamp column,,,,,,,,,,,,,,,,,,,,,,,,,,,,,,,,results_v2/multiclass/results.csv
entity,NF-CSE-CIC-IDS2018-v2,transformer,temporal,drop,multiclass,42,skipped,dataset has no timestamp column,,,,,,,,,,,,,,,,,,,,,,,,,,,,,,,,results_v2/multiclass/results.csv
entity,NF-CSE-CIC-IDS2018-v2,autoencoder,temporal,drop,multiclass,42,skipped,dataset has no timestamp column,,,,,,,,,,,,,,,,,,,,,,,,,,,,,,,,results_v2/multiclass/results.csv
entity,NF-CSE-CIC-IDS2018-v2,xgboost,disjoint_ip,keep,multiclass,42,ok,,43.0,15.0,577526.0,123756.0,123756.0,0.0,10.0,9.0,99660.0,62454.0,62454.0,575.0,575.0,0.287850745093688,125.0,0.999167717120786,0.267132015911511,0.9991264894614632,,0.2920295274190695,0.2493144300479704,0.0003154472070789,123756.0,6.0,0.6678300397787775,6.0,identity_features_keep,,,False,False,results_v2/multiclass/results.csv
entity,NF-CSE-CIC-IDS2018-v2,mlp,disjoint_ip,keep,multiclass,42,ok,,43.0,15.0,577526.0,123756.0,123756.0,0.0,10.0,9.0,99660.0,62454.0,62454.0,8.0,19.0,0.2670978845722424,152.9,0.9687287889072044,0.2429298875746845,0.9835011890435296,,0.2332847418697803,0.2931573183011001,0.031002798582914,123756.0,6.0,0.6073247189367114,6.0,identity_features_keep,,,False,False,results_v2/multiclass/results.csv
entity,NF-CSE-CIC-IDS2018-v2,transformer,disjoint_ip,keep,multiclass,42,ok,,43.0,15.0,577526.0,123756.0,123756.0,0.0,10.0,9.0,99660.0,62454.0,62454.0,24.0,35.0,0.2679988426440471,801.2,0.977754613917709,0.2463573262990234,0.9881455047659604,,0.2390608037374193,0.2955129412504449,0.0219842438164259,123756.0,6.0,0.6158933157475585,6.0,identity_features_keep,,,False,False,results_v2/multiclass/results.csv
entity,NF-CSE-CIC-IDS2018-v2,autoencoder,disjoint_ip,keep,multiclass,42,ok,,43.0,15.0,577526.0,123756.0,123756.0,0.0,10.0,9.0,99660.0,62454.0,62454.0,12.0,23.0,0.266193180499127,226.0,0.9542890849736578,0.2622389934667782,0.9760030772836849,,0.2671827820374524,0.2957003364738675,0.0454891049387708,123756.0,6.0,0.6555974836669457,6.0,identity_features_keep,,,False,False,results_v2/multiclass/results.csv
entity,NF-CSE-CIC-IDS2018-v2,xgboost,disjoint_ip,drop,multiclass,42,ok,,39.0,15.0,577526.0,123756.0,123756.0,0.0,10.0,9.0,99660.0,62454.0,62454.0,599.0,599.0,0.2829898550822515,108.5,0.9978506092633892,0.2729964695162403,0.998421842940166,,0.2754423674952683,0.2820284703527944,0.0017632690036721,123756.0,6.0,0.6824911737906008,6.0,identity_features_drop,,,False,False,results_v2/multiclass/results.csv
entity,NF-CSE-CIC-IDS2018-v2,mlp,disjoint_ip,drop,multiclass,42,ok,,39.0,15.0,577526.0,123756.0,123756.0,0.0,10.0,9.0,99660.0,62454.0,62454.0,21.0,32.0,0.2673373929788862,249.9,0.9700862988461164,0.259906553043715,0.9842087395336064,,0.2600896674065622,0.298507830807028,0.0296924794150476,123756.0,6.0,0.6497663826092875,6.0,identity_features_drop,,,False,False,results_v2/multiclass/results.csv
entity,NF-CSE-CIC-IDS2018-v2,transformer,disjoint_ip,drop,multiclass,42,ok,,39.0,15.0,577526.0,123756.0,123756.0,0.0,10.0,9.0,99660.0,62454.0,62454.0,4.0,15.0,0.2512956890932545,333.2,0.9777142118361938,0.2417268362399356,0.9881263638771436,,0.2343189432567682,0.2937569376075475,0.0220085089862012,123756.0,6.0,0.6043170905998392,6.0,identity_features_drop,,,False,True,results_v2/multiclass/results.csv
entity,NF-CSE-CIC-IDS2018-v2,autoencoder,disjoint_ip,drop,multiclass,42,ok,,39.0,15.0,577526.0,123756.0,123756.0,0.0,10.0,9.0,99660.0,62454.0,62454.0,26.0,37.0,0.2667963924685376,361.4,0.962232134199554,0.2626477206732694,0.9801424073156284,,0.2672495623887624,0.2936004343575757,0.0375139524726208,123756.0,6.0,0.6566193016831735,6.0,identity_features_drop,,,False,False,results_v2/multiclass/results.csv
entity,NF-ToN-IoT-v2,xgboost,random,keep,multiclass,42,ok,,43.0,10.0,386470.0,82815.0,82816.0,0.0,0.0,0.0,16213.0,3634.0,3648.0,315.0,315.0,0.9490585787515928,38.2,0.9848579984544048,0.9501992701982468,0.984899723890908,,0.9473565292497858,0.9531395086274732,0.0056877861233873,82816.0,10.0,0.9501992701982468,10.0,identity_features_keep,,,False,False,results_v2/multiclass/results.csv
entity,NF-ToN-IoT-v2,mlp,random,keep,multiclass,42,ok,,43.0,10.0,386470.0,82815.0,82816.0,0.0,0.0,0.0,16213.0,3634.0,3648.0,27.0,38.0,0.8940909366674458,197.4,0.9585587326120556,0.8918885998016867,0.9588009121597364,,0.8730144022383328,0.9165029423684734,0.0296081967538001,82816.0,10.0,0.8918885998016867,10.0,identity_features_keep,,,False,False,results_v2/multiclass/results.csv
entity,NF-ToN-IoT-v2,transformer,random,keep,multiclass,42,ok,,43.0,10.0,386470.0,82815.0,82816.0,0.0,0.0,0.0,16213.0,3634.0,3648.0,39.0,50.0,0.9147020782498456,754.0,0.9672768547140648,0.9139322908956072,0.9672770909083364,,0.905673677719858,0.9253197234446846,0.020472066430171,82816.0,10.0,0.9139322908956072,10.0,identity_features_keep,,,False,False,results_v2/multiclass/results.csv
entity,NF-ToN-IoT-v2,autoencoder,random,keep,multiclass,42,ok,,43.0,10.0,386470.0,82815.0,82816.0,0.0,0.0,0.0,16213.0,3634.0,3648.0,47.0,58.0,0.8895686969337145,320.0,0.9571942619783615,0.888505794536856,0.9575010445895308,,0.8729669237838147,0.9078672758744616,0.02566440080065,82816.0,10.0,0.888505794536856,10.0,identity_features_keep,,,False,False,results_v2/multiclass/results.csv
entity,NF-ToN-IoT-v2,xgboost,random,drop,multiclass,42,ok,,39.0,10.0,386470.0,82815.0,82816.0,0.0,0.0,0.0,16213.0,3634.0,3648.0,423.0,423.0,0.908153928038526,50.5,0.9743527820710972,0.909066553773522,0.9747191298168276,,0.9004013227833656,0.9190698267689236,0.00967121821677,82816.0,10.0,0.909066553773522,10.0,identity_features_drop,,,False,False,results_v2/multiclass/results.csv
entity,NF-ToN-IoT-v2,mlp,random,drop,multiclass,42,ok,,39.0,10.0,386470.0,82815.0,82816.0,0.0,0.0,0.0,16213.0,3634.0,3648.0,54.0,65.0,0.8557689277877263,401.5,0.9417383114374034,0.8567715178234975,0.9444427679515176,,0.8270567852537996,0.9001375801065622,0.0505558968667631,82816.0,10.0,0.8567715178234975,10.0,identity_features_drop,,,False,False,results_v2/multiclass/results.csv
entity,NF-ToN-IoT-v2,transformer,random,drop,multiclass,42,ok,,39.0,10.0,386470.0,82815.0,82816.0,0.0,0.0,0.0,16213.0,3634.0,3648.0,12.0,23.0,0.8589607402379423,331.5,0.9429216576506956,0.8564462136004817,0.9448821370365238,,0.8297376823701207,0.8938450404231597,0.0442537505697695,82816.0,10.0,0.8564462136004817,10.0,identity_features_drop,,,False,False,results_v2/multiclass/results.csv
entity,NF-ToN-IoT-v2,autoencoder,random,drop,multiclass,42,ok,,39.0,10.0,386470.0,82815.0,82816.0,0.0,0.0,0.0,16213.0,3634.0,3648.0,24.0,35.0,0.8439037541791153,209.6,0.938188272797527,0.8443983945369545,0.941244540706882,,0.8136780476628713,0.8903530934382783,0.0475039140688479,82816.0,10.0,0.8443983945369545,10.0,identity_features_drop,,,False,False,results_v2/multiclass/results.csv
entity,NF-ToN-IoT-v2,xgboost,temporal,keep,multiclass,42,skipped,dataset has no timestamp column,,,,,,,,,,,,,,,,,,,,,,,,,,,,,,,,results_v2/multiclass/results.csv
entity,NF-ToN-IoT-v2,mlp,temporal,keep,multiclass,42,skipped,dataset has no timestamp column,,,,,,,,,,,,,,,,,,,,,,,,,,,,,,,,results_v2/multiclass/results.csv
entity,NF-ToN-IoT-v2,transformer,temporal,keep,multiclass,42,skipped,dataset has no timestamp column,,,,,,,,,,,,,,,,,,,,,,,,,,,,,,,,results_v2/multiclass/results.csv
entity,NF-ToN-IoT-v2,autoencoder,temporal,keep,multiclass,42,skipped,dataset has no timestamp column,,,,,,,,,,,,,,,,,,,,,,,,,,,,,,,,results_v2/multiclass/results.csv
entity,NF-ToN-IoT-v2,xgboost,temporal,drop,multiclass,42,skipped,dataset has no timestamp column,,,,,,,,,,,,,,,,,,,,,,,,,,,,,,,,results_v2/multiclass/results.csv
entity,NF-ToN-IoT-v2,mlp,temporal,drop,multiclass,42,skipped,dataset has no timestamp column,,,,,,,,,,,,,,,,,,,,,,,,,,,,,,,,results_v2/multiclass/results.csv
entity,NF-ToN-IoT-v2,transformer,temporal,drop,multiclass,42,skipped,dataset has no timestamp column,,,,,,,,,,,,,,,,,,,,,,,,,,,,,,,,results_v2/multiclass/results.csv
entity,NF-ToN-IoT-v2,autoencoder,temporal,drop,multiclass,42,skipped,dataset has no timestamp column,,,,,,,,,,,,,,,,,,,,,,,,,,,,,,,,results_v2/multiclass/results.csv
entity,NF-ToN-IoT-v2,xgboost,disjoint_ip,keep,multiclass,42,ok,,43.0,10.0,386471.0,82815.0,82815.0,0.0,2.0,2.0,7709.0,7682.0,7688.0,11.0,11.0,0.1740868123909326,7.8,0.5311477389361831,0.2075268675509653,0.3971608413258666,,0.3824254600011038,0.2277767699140496,0.00470871974504,82815.0,8.0,0.2594085844387067,8.0,identity_features_keep,,,False,False,results_v2/multiclass/results.csv
entity,NF-ToN-IoT-v2,mlp,disjoint_ip,keep,multiclass,42,ok,,43.0,10.0,386471.0,82815.0,82815.0,0.0,2.0,2.0,7709.0,7682.0,7688.0,9.0,20.0,0.2789237703484634,106.6,0.5948077039183722,0.2341115265681414,0.51000624776023,,0.529971661394717,0.263781946669113,0.0083838180826322,82815.0,8.0,0.2926394082101767,8.0,identity_features_keep,,,False,False,results_v2/multiclass/results.csv
entity,NF-ToN-IoT-v2,transformer,disjoint_ip,keep,multiclass,42,ok,,43.0,10.0,386471.0,82815.0,82815.0,0.0,2.0,2.0,7709.0,7682.0,7688.0,5.0,16.0,0.1419816376952584,248.1,0.5321982732596752,0.1716363702958818,0.4052107491254266,,0.2441675167587786,0.1957670498662389,0.0072927732636595,82815.0,8.0,0.2145454628698522,8.0,identity_features_keep,,,False,True,results_v2/multiclass/results.csv
entity,NF-ToN-IoT-v2,autoencoder,disjoint_ip,keep,multiclass,42,ok,,43.0,10.0,386471.0,82815.0,82815.0,0.0,2.0,2.0,7709.0,7682.0,7688.0,6.0,17.0,0.3964101321010868,125.3,0.7771901225623378,0.5363754729207871,0.7862570991233284,,0.582741913271837,0.5382848600501258,0.1374429354847971,82815.0,8.0,0.6704693411509839,8.0,identity_features_keep,,,False,False,results_v2/multiclass/results.csv
entity,NF-ToN-IoT-v2,xgboost,disjoint_ip,drop,multiclass,42,ok,,39.0,10.0,386471.0,82815.0,82815.0,0.0,2.0,2.0,7709.0,7682.0,7688.0,36.0,36.0,0.4854948729108169,9.4,0.9083499366056874,0.6675582910590467,0.905593740258696,,0.6849109283518804,0.6723148635560773,0.0377846047833701,82815.0,8.0,0.8344478638238083,8.0,identity_features_drop,,,False,False,results_v2/multiclass/results.csv
entity,NF-ToN-IoT-v2,mlp,disjoint_ip,drop,multiclass,42,ok,,39.0,10.0,386471.0,82815.0,82815.0,0.0,2.0,2.0,7709.0,7682.0,7688.0,29.0,40.0,0.4922948808521608,269.4,0.885600434703858,0.6365562498152758,0.885031020920314,,0.6571775551207274,0.6470660965359757,0.0575956817594533,82815.0,8.0,0.7956953122690948,8.0,identity_features_drop,,,False,False,results_v2/multiclass/results.csv
entity,NF-ToN-IoT-v2,transformer,disjoint_ip,drop,multiclass,42,ok,,39.0,10.0,386471.0,82815.0,82815.0,0.0,2.0,2.0,7709.0,7682.0,7688.0,10.0,21.0,0.4750442379015397,338.3,0.8809515184447262,0.6289900936795496,0.8933142705993254,,0.6439526709295373,0.6446899764192647,0.0623044015044933,82815.0,8.0,0.7862376170994372,8.0,identity_features_drop,,,False,False,results_v2/multiclass/results.csv
entity,NF-ToN-IoT-v2,autoencoder,disjoint_ip,drop,multiclass,42,ok,,39.0,10.0,386471.0,82815.0,82815.0,0.0,2.0,2.0,7709.0,7682.0,7688.0,31.0,42.0,0.4973257082954267,266.6,0.8748777395399384,0.6281240596786383,0.8760123317733793,,0.642223306784889,0.6403060467483654,0.0586005914611387,82815.0,8.0,0.7851550745982978,8.0,identity_features_drop,,,False,False,results_v2/multiclass/results.csv
entity,NF-ToN-IoT-v3,xgboost,random,keep,multiclass,42,ok,,52.0,10.0,409983.0,87854.0,87853.0,0.0,0.0,0.0,10898.0,2627.0,2567.0,599.0,599.0,0.963477143837936,69.6,0.9687432415512276,0.9632007905510802,0.9705755209428116,,0.9448764776011788,0.9884834438725576,0.0402084884586746,87853.0,10.0,0.9632007905510802,10.0,identity_features_keep,,,False,False,results_v2/multiclass/results.csv
entity,NF-ToN-IoT-v3,mlp,random,keep,multiclass,42,ok,,52.0,10.0,409983.0,87854.0,87853.0,0.0,0.0,0.0,10898.0,2627.0,2567.0,39.0,50.0,0.9056849286496392,271.4,0.916337518354524,0.9054338953144871,0.9283305969835072,,0.8630010085177504,0.984460140691328,0.1177441807763281,87853.0,10.0,0.9054338953144871,10.0,identity_features_keep,,,False,False,results_v2/multiclass/results.csv
entity,NF-ToN-IoT-v3,transformer,random,keep,multiclass,42,ok,,52.0,10.0,409983.0,87854.0,87853.0,0.0,0.0,0.0,10898.0,2627.0,2567.0,42.0,53.0,0.923007702018573,932.6,0.9178627935301016,0.9231302176256564,0.9311849201108258,,0.8944636319392659,0.98608136422907,0.1153970669170254,87853.0,10.0,0.9231302176256564,10.0,identity_features_keep,,,False,False,results_v2/multiclass/results.csv
entity,NF-ToN-IoT-v3,autoencoder,random,keep,multiclass,42,ok,,52.0,10.0,409983.0,87854.0,87853.0,0.0,0.0,0.0,10898.0,2627.0,2567.0,66.0,77.0,0.919899176366304,405.0,0.9188872320808624,0.9209821813986656,0.9309209408631206,,0.890302161804666,0.983956397194528,0.1137945546958464,87853.0,10.0,0.9209821813986656,10.0,identity_features_keep,,,False,False,results_v2/multiclass/results.csv
entity,NF-ToN-IoT-v3,xgboost,random,drop,multiclass,42,ok,,48.0,10.0,409983.0,87854.0,87853.0,0.0,0.0,0.0,10898.0,2627.0,2567.0,591.0,591.0,0.9431645172558636,68.8,0.9455112517500824,0.9429031419850408,0.951559532297743,,0.9183275617629798,0.9870069567774132,0.0747353426786234,87853.0,10.0,0.9429031419850408,10.0,identity_features_drop,,,False,False,results_v2/multiclass/results.csv
entity,NF-ToN-IoT-v3,mlp,random,drop,multiclass,42,ok,,48.0,10.0,409983.0,87854.0,87853.0,0.0,0.0,0.0,10898.0,2627.0,2567.0,50.0,61.0,0.8905565628495511,383.3,0.9060817501963508,0.8898679940609066,0.9193528276983776,,0.8392669028793123,0.9823660266019074,0.1314869370973485,87853.0,10.0,0.8898679940609066,10.0,identity_features_drop,,,False,False,results_v2/multiclass/results.csv
entity,NF-ToN-IoT-v3,transformer,random,drop,multiclass,42,ok,,48.0,10.0,409983.0,87854.0,87853.0,0.0,0.0,0.0,10898.0,2627.0,2567.0,25.0,36.0,0.896323497503609,623.8,0.9082672191046408,0.8956958513894582,0.921791557265742,,0.8550445029736673,0.9750292385867724,0.125303506102496,87853.0,10.0,0.8956958513894582,10.0,identity_features_drop,,,False,False,results_v2/multiclass/results.csv
entity,NF-ToN-IoT-v3,autoencoder,random,drop,multiclass,42,ok,,48.0,10.0,409983.0,87854.0,87853.0,0.0,0.0,0.0,10898.0,2627.0,2567.0,27.0,38.0,0.8905085211548345,210.9,0.907459050914596,0.8888879142249477,0.9212277170100478,,0.8400376802852525,0.980605045309923,0.127828676875263,87853.0,10.0,0.8888879142249477,10.0,identity_features_drop,,,False,False,results_v2/multiclass/results.csv
entity,NF-ToN-IoT-v3,xgboost,temporal,keep,multiclass,42,ok,,52.0,10.0,409983.0,87854.0,87853.0,3.0,7.0,6.0,15157.0,128.0,221.0,97.0,97.0,0.1784129042065566,11.9,0.7045860699122397,0.0855326792869973,0.7141272381934888,,0.0867068216837092,0.0843899113837764,0.1561008861622358,87853.0,4.0,0.8553267928699737,1.0,identity_features_keep,,,False,False,results_v2/multiclass/results.csv
entity,NF-ToN-IoT-v3,mlp,temporal,keep,multiclass,42,ok,,52.0,10.0,409983.0,87854.0,87853.0,3.0,7.0,6.0,15157.0,128.0,221.0,38.0,49.0,0.1871633824602004,321.1,0.6219252615163967,0.0835858798332504,0.6978730704436867,,0.0952130347651825,0.0744894342194955,0.2551056578050443,87853.0,4.0,0.8358587983325046,1.0,identity_features_keep,,,False,False,results_v2/multiclass/results.csv
entity,NF-ToN-IoT-v3,transformer,temporal,keep,multiclass,42,ok,,52.0,10.0,409983.0,87854.0,87853.0,3.0,7.0,6.0,15157.0,128.0,221.0,13.0,24.0,0.1877949831791981,426.9,0.6666704608835213,0.0834601573187414,0.6968233912706094,,0.0874138085430285,0.0798486707566462,0.2015132924335378,87853.0,4.0,0.8346015731874145,1.0,identity_features_keep,,,False,False,results_v2/multiclass/results.csv
entity,NF-ToN-IoT-v3,autoencoder,temporal,keep,multiclass,42,ok,,52.0,10.0,409983.0,87854.0,87853.0,3.0,7.0,6.0,15157.0,128.0,221.0,40.0,51.0,0.187656843463906,271.3,0.664132129807747,0.0832164989623966,0.6947890452109543,,0.0872437459814285,0.0795446489434219,0.2045535105657805,87853.0,4.0,0.8321649896239669,1.0,identity_features_keep,,,False,False,results_v2/multiclass/results.csv
entity,NF-ToN-IoT-v3,xgboost,temporal,drop,multiclass,42,ok,,48.0,10.0,409983.0,87854.0,87853.0,3.0,7.0,6.0,15157.0,128.0,221.0,227.0,227.0,0.1871441890686525,18.5,0.7870989038507507,0.0902616516228405,0.7536102519589942,,0.086578021510223,0.0942726653033401,0.0572733469665985,87853.0,4.0,0.9026165162284052,1.0,identity_features_drop,,,False,False,results_v2/multiclass/results.csv
entity,NF-ToN-IoT-v3,mlp,temporal,drop,multiclass,42,ok,,48.0,10.0,409983.0,87854.0,87853.0,3.0,7.0,6.0,15157.0,128.0,221.0,23.0,34.0,0.1807722811389507,199.2,0.1526185787622505,0.0303712596552427,0.2535749371919061,,0.0897216274089935,0.0182794819359236,0.8172051806407634,87853.0,4.0,0.3037125965524271,1.0,identity_features_drop,,,False,False,results_v2/multiclass/results.csv
entity,NF-ToN-IoT-v3,transformer,temporal,drop,multiclass,42,ok,,48.0,10.0,409983.0,87854.0,87853.0,3.0,7.0,6.0,15157.0,128.0,221.0,18.0,29.0,0.1856336702215579,499.1,0.2817661320615118,0.0463792554287748,0.3872284823171246,,0.0741226494190921,0.0337477845944103,0.6625221540558964,87853.0,4.0,0.4637925542877484,1.0,identity_features_drop,,,False,False,results_v2/multiclass/results.csv
entity,NF-ToN-IoT-v3,autoencoder,temporal,drop,multiclass,42,ok,,48.0,10.0,409983.0,87854.0,87853.0,3.0,7.0,6.0,15157.0,128.0,221.0,15.0,26.0,0.181928783580799,149.2,0.0970598613593161,0.0206167869534206,0.1721331454854589,,0.0910129149322232,0.0116250852079072,0.8837491479209271,87853.0,4.0,0.2061678695342061,1.0,identity_features_drop,,,False,False,results_v2/multiclass/results.csv
entity,NF-ToN-IoT-v3,xgboost,disjoint_ip,keep,multiclass,42,ok,,52.0,10.0,409983.0,87854.0,87853.0,0.0,1.0,2.0,5098.0,5087.0,5085.0,31.0,31.0,0.1802103951372137,10.4,0.3888427259171571,0.1077842410749809,0.24213050126424,,0.2851089162912448,0.1296977826858047,0.0363961280714817,87853.0,8.0,0.1347303013437261,8.0,identity_features_keep,,,False,False,results_v2/multiclass/results.csv
entity,NF-ToN-IoT-v3,mlp,disjoint_ip,keep,multiclass,42,ok,,52.0,10.0,409983.0,87854.0,87853.0,0.0,1.0,2.0,5098.0,5087.0,5085.0,12.0,23.0,0.520489846223863,124.3,0.8633512799790559,0.6469322111827005,0.8690840824426045,,0.6458131367505737,0.7131487390931784,0.2926284437825763,87853.0,8.0,0.8086652639783756,8.0,identity_features_keep,,,False,False,results_v2/multiclass/results.csv
entity,NF-ToN-IoT-v3,transformer,disjoint_ip,keep,multiclass,42,ok,,52.0,10.0,409983.0,87854.0,87853.0,0.0,1.0,2.0,5098.0,5087.0,5085.0,4.0,15.0,0.3522179128092118,267.0,0.7939171115385929,0.5060420961551622,0.786317041652958,,0.4964014663583124,0.5745438505119973,0.2870290394638868,87853.0,8.0,0.6325526201939526,8.0,identity_features_keep,,,False,True,results_v2/multiclass/results.csv
entity,NF-ToN-IoT-v3,autoencoder,disjoint_ip,keep,multiclass,42,ok,,52.0,10.0,409983.0,87854.0,87853.0,0.0,1.0,2.0,5098.0,5087.0,5085.0,9.0,20.0,0.5584245529466971,108.3,0.8774430013773007,0.653059949017066,0.8846165709180992,,0.633837119432121,0.7468892123894629,0.3003723008190618,87853.0,8.0,0.8163249362713325,8.0,identity_features_keep,,,False,False,results_v2/multiclass/results.csv
entity,NF-ToN-IoT-v3,xgboost,disjoint_ip,drop,multiclass,42,ok,,48.0,10.0,409983.0,87854.0,87853.0,0.0,1.0,2.0,5098.0,5087.0,5085.0,45.0,45.0,0.5643228602518069,11.5,0.8854563873743639,0.6761601753377595,0.8902441105104537,,0.6745256506649854,0.7469411797557385,0.2960833953834698,87853.0,8.0,0.8452002191721993,8.0,identity_features_drop,,,False,False,results_v2/multiclass/results.csv
entity,NF-ToN-IoT-v3,mlp,disjoint_ip,drop,multiclass,42,ok,,48.0,10.0,409983.0,87854.0,87853.0,0.0,1.0,2.0,5098.0,5087.0,5085.0,13.0,24.0,0.5448508675409724,139.7,0.8702377835702821,0.6298826449591488,0.8763760585628241,,0.6092210801267882,0.722388804736985,0.3219061801935964,87853.0,8.0,0.7873533061989361,8.0,identity_features_drop,,,False,False,results_v2/multiclass/results.csv
entity,NF-ToN-IoT-v3,transformer,disjoint_ip,drop,multiclass,42,ok,,48.0,10.0,409983.0,87854.0,87853.0,0.0,1.0,2.0,5098.0,5087.0,5085.0,6.0,17.0,0.4853001339187449,293.9,0.8557818173539891,0.617024568855525,0.8626137246177924,,0.5984676650263051,0.7088094644191257,0.3206850335070737,87853.0,8.0,0.7712807110694062,8.0,identity_features_drop,,,False,False,results_v2/multiclass/results.csv
entity,NF-ToN-IoT-v3,autoencoder,disjoint_ip,drop,multiclass,42,ok,,48.0,10.0,409983.0,87854.0,87853.0,0.0,1.0,2.0,5098.0,5087.0,5085.0,10.0,21.0,0.5277099287369943,118.6,0.8588209850545798,0.6084222727024222,0.8643632035993493,,0.5756214888543133,0.7447918064646206,0.3462695457930007,87853.0,8.0,0.7605278408780278,8.0,identity_features_drop,,,False,False,results_v2/multiclass/results.csv
entity,NF-UNSW-NB15-v2,xgboost,random,keep,multiclass,42,ok,,43.0,10.0,608758.0,130448.0,130448.0,0.0,0.0,0.0,39.0,38.0,39.0,341.0,341.0,0.6767780164507545,69.7,0.9697503986262724,0.6888297508409142,0.9747132871042063,,0.6767078541816024,0.7324048608260184,0.0095619244341165,130448.0,10.0,0.6888297508409142,10.0,identity_features_keep,,,False,False,results_v2/multiclass/results.csv
entity,NF-UNSW-NB15-v2,mlp,random,keep,multiclass,42,ok,,43.0,10.0,608758.0,130448.0,130448.0,0.0,0.0,0.0,39.0,38.0,39.0,34.0,45.0,0.6193121231976225,371.2,0.9587345149024898,0.6200842973495783,0.9653225030102108,,0.593652175962762,0.7281723495530311,0.0150615371374472,130448.0,10.0,0.6200842973495783,10.0,identity_features_keep,,,False,False,results_v2/multiclass/results.csv
entity,NF-UNSW-NB15-v2,transformer,random,keep,multiclass,42,ok,,43.0,10.0,608758.0,130448.0,130448.0,0.0,0.0,0.0,39.0,38.0,39.0,9.0,20.0,0.6071260449212552,476.8,0.9560361216730038,0.6039681467368547,0.9635128848128376,,0.5772289790529352,0.7192944322933859,0.0166365435923917,130448.0,10.0,0.6039681467368547,10.0,identity_features_keep,,,False,False,results_v2/multiclass/results.csv
entity,NF-UNSW-NB15-v2,autoencoder,random,keep,multiclass,42,ok,,43.0,10.0,608758.0,130448.0,130448.0,0.0,0.0,0.0,39.0,38.0,39.0,67.0,78.0,0.624559938616599,635.4,0.9590948117257452,0.627229720633349,0.9656891295797468,,0.5987631321124068,0.7400446624036537,0.0147516998020483,130448.0,10.0,0.627229720633349,10.0,identity_features_keep,,,False,False,results_v2/multiclass/results.csv
entity,NF-UNSW-NB15-v2,xgboost,random,drop,multiclass,42,ok,,39.0,10.0,608758.0,130448.0,130448.0,0.0,0.0,0.0,39.0,38.0,39.0,596.0,596.0,0.6452563918525703,101.1,0.96763461302588,0.6556547760753613,0.9725905025455168,,0.631041216273087,0.7370385344713604,0.0101299595490145,130448.0,10.0,0.6556547760753613,10.0,identity_features_drop,,,False,False,results_v2/multiclass/results.csv
entity,NF-UNSW-NB15-v2,mlp,random,drop,multiclass,42,ok,,39.0,10.0,608758.0,130448.0,130448.0,0.0,0.0,0.0,39.0,38.0,39.0,39.0,50.0,0.5499759023355201,423.0,0.9538130136146205,0.5519695602996504,0.9620530826739,,0.5335482452798789,0.699470589542136,0.016550477665892,130448.0,10.0,0.5519695602996504,10.0,identity_features_drop,,,False,False,results_v2/multiclass/results.csv
entity,NF-UNSW-NB15-v2,transformer,random,drop,multiclass,42,ok,,39.0,10.0,608758.0,130448.0,130448.0,0.0,0.0,0.0,39.0,38.0,39.0,6.0,17.0,0.5317248084297341,386.3,0.9505396786458972,0.5371488937816906,0.9587280111262256,,0.5177430228597194,0.6855841427262421,0.0167570358894913,130448.0,10.0,0.5371488937816906,10.0,identity_features_drop,,,False,False,results_v2/multiclass/results.csv
entity,NF-UNSW-NB15-v2,autoencoder,random,drop,multiclass,42,ok,,39.0,10.0,608758.0,130448.0,130448.0,0.0,0.0,0.0,39.0,38.0,39.0,14.0,25.0,0.5432003738924149,205.0,0.9532227400956704,0.551803249744098,0.9604291604153062,,0.5252517099051357,0.68978600133399,0.0174713830794388,130448.0,10.0,0.551803249744098,10.0,identity_features_drop,,,False,False,results_v2/multiclass/results.csv
entity,NF-UNSW-NB15-v2,xgboost,temporal,keep,multiclass,42,skipped,dataset has no timestamp column,,,,,,,,,,,,,,,,,,,,,,,,,,,,,,,,results_v2/multiclass/results.csv
entity,NF-UNSW-NB15-v2,mlp,temporal,keep,multiclass,42,skipped,dataset has no timestamp column,,,,,,,,,,,,,,,,,,,,,,,,,,,,,,,,results_v2/multiclass/results.csv
entity,NF-UNSW-NB15-v2,transformer,temporal,keep,multiclass,42,skipped,dataset has no timestamp column,,,,,,,,,,,,,,,,,,,,,,,,,,,,,,,,results_v2/multiclass/results.csv
entity,NF-UNSW-NB15-v2,autoencoder,temporal,keep,multiclass,42,skipped,dataset has no timestamp column,,,,,,,,,,,,,,,,,,,,,,,,,,,,,,,,results_v2/multiclass/results.csv
entity,NF-UNSW-NB15-v2,xgboost,temporal,drop,multiclass,42,skipped,dataset has no timestamp column,,,,,,,,,,,,,,,,,,,,,,,,,,,,,,,,results_v2/multiclass/results.csv
entity,NF-UNSW-NB15-v2,mlp,temporal,drop,multiclass,42,skipped,dataset has no timestamp column,,,,,,,,,,,,,,,,,,,,,,,,,,,,,,,,results_v2/multiclass/results.csv
entity,NF-UNSW-NB15-v2,transformer,temporal,drop,multiclass,42,skipped,dataset has no timestamp column,,,,,,,,,,,,,,,,,,,,,,,,,,,,,,,,results_v2/multiclass/results.csv
entity,NF-UNSW-NB15-v2,autoencoder,temporal,drop,multiclass,42,skipped,dataset has no timestamp column,,,,,,,,,,,,,,,,,,,,,,,,,,,,,,,,results_v2/multiclass/results.csv
entity,NF-UNSW-NB15-v2,xgboost,disjoint_ip,keep,multiclass,42,skipped,"no entity-disjoint partition over 40 entities gives every split >= 3 entities, >= 5% of rows and >= 2 classes",,,,,,,,,,,,,,,,,,,,,,,,,,,,,,,,results_v2/multiclass/results.csv
entity,NF-UNSW-NB15-v2,mlp,disjoint_ip,keep,multiclass,42,skipped,"no entity-disjoint partition over 40 entities gives every split >= 3 entities, >= 5% of rows and >= 2 classes",,,,,,,,,,,,,,,,,,,,,,,,,,,,,,,,results_v2/multiclass/results.csv
entity,NF-UNSW-NB15-v2,transformer,disjoint_ip,keep,multiclass,42,skipped,"no entity-disjoint partition over 40 entities gives every split >= 3 entities, >= 5% of rows and >= 2 classes",,,,,,,,,,,,,,,,,,,,,,,,,,,,,,,,results_v2/multiclass/results.csv
entity,NF-UNSW-NB15-v2,autoencoder,disjoint_ip,keep,multiclass,42,skipped,"no entity-disjoint partition over 40 entities gives every split >= 3 entities, >= 5% of rows and >= 2 classes",,,,,,,,,,,,,,,,,,,,,,,,,,,,,,,,results_v2/multiclass/results.csv
entity,NF-UNSW-NB15-v2,xgboost,disjoint_ip,drop,multiclass,42,skipped,"no entity-disjoint partition over 40 entities gives every split >= 3 entities, >= 5% of rows and >= 2 classes",,,,,,,,,,,,,,,,,,,,,,,,,,,,,,,,results_v2/multiclass/results.csv
entity,NF-UNSW-NB15-v2,mlp,disjoint_ip,drop,multiclass,42,skipped,"no entity-disjoint partition over 40 entities gives every split >= 3 entities, >= 5% of rows and >= 2 classes",,,,,,,,,,,,,,,,,,,,,,,,,,,,,,,,results_v2/multiclass/results.csv
entity,NF-UNSW-NB15-v2,transformer,disjoint_ip,drop,multiclass,42,skipped,"no entity-disjoint partition over 40 entities gives every split >= 3 entities, >= 5% of rows and >= 2 classes",,,,,,,,,,,,,,,,,,,,,,,,,,,,,,,,results_v2/multiclass/results.csv
entity,NF-UNSW-NB15-v2,autoencoder,disjoint_ip,drop,multiclass,42,skipped,"no entity-disjoint partition over 40 entities gives every split >= 3 entities, >= 5% of rows and >= 2 classes",,,,,,,,,,,,,,,,,,,,,,,,,,,,,,,,results_v2/multiclass/results.csv
entity,NF-UNSW-NB15-v3,xgboost,random,keep,multiclass,42,ok,,52.0,10.0,595897.0,127692.0,127691.0,0.0,0.0,0.0,40.0,39.0,39.0,520.0,520.0,0.8095309157589448,115.8,0.9767798826855456,0.8086198181565797,0.9768260283657556,,0.8100700794915339,0.8152207105822404,9.213363061784812e-06,127691.0,10.0,0.8086198181565797,10.0,identity_features_keep,,,False,False,results_v2/multiclass/results.csv
entity,NF-UNSW-NB15-v3,mlp,random,keep,multiclass,42,ok,,52.0,10.0,595897.0,127692.0,127691.0,0.0,0.0,0.0,40.0,39.0,39.0,24.0,35.0,0.5694354083484593,291.9,0.9453446209991307,0.572682612800078,0.948891775357383,,0.5546749205506721,0.6814734288406363,0.0008844828539313,127691.0,10.0,0.572682612800078,10.0,identity_features_keep,,,False,False,results_v2/multiclass/results.csv
entity,NF-UNSW-NB15-v3,transformer,random,keep,multiclass,42,ok,,52.0,10.0,595897.0,127692.0,127691.0,0.0,0.0,0.0,40.0,39.0,39.0,27.0,38.0,0.5693765179309789,986.4,0.945532574731187,0.5648703660510568,0.9488601559882096,,0.5437586310181686,0.6870674758622004,0.0013451510070205,127691.0,10.0,0.5648703660510568,10.0,identity_features_keep,,,False,False,results_v2/multiclass/results.csv
entity,NF-UNSW-NB15-v3,autoencoder,random,keep,multiclass,42,ok,,52.0,10.0,595897.0,127692.0,127691.0,0.0,0.0,0.0,40.0,39.0,39.0,25.0,36.0,0.5671210826910302,281.5,0.9436843630326336,0.5657322774408855,0.9475644080175896,,0.5517656452529385,0.6777397558946961,0.0006725755035102,127691.0,10.0,0.5657322774408855,10.0,identity_features_keep,,,False,False,results_v2/multiclass/results.csv
entity,NF-UNSW-NB15-v3,xgboost,random,drop,multiclass,42,ok,,48.0,10.0,595897.0,127692.0,127691.0,0.0,0.0,0.0,40.0,39.0,39.0,571.0,571.0,0.7934546497477554,118.7,0.9754877007776586,0.7929499721117463,0.9756098366951292,,0.7878727249685318,0.8072058146980254,1.8426726123569624e-05,127691.0,10.0,0.7929499721117463,10.0,identity_features_drop,,,False,False,results_v2/multiclass/results.csv
entity,NF-UNSW-NB15-v3,mlp,random,drop,multiclass,42,ok,,48.0,10.0,595897.0,127692.0,127691.0,0.0,0.0,0.0,40.0,39.0,39.0,45.0,56.0,0.5651409288158671,535.7,0.9442717184453092,0.5560563747507723,0.9484475201770776,,0.5382459434553734,0.6853650803822531,0.0009674031214874,127691.0,10.0,0.5560563747507723,10.0,identity_features_drop,,,False,False,results_v2/multiclass/results.csv
entity,NF-UNSW-NB15-v3,transformer,random,drop,multiclass,42,ok,,48.0,10.0,595897.0,127692.0,127691.0,0.0,0.0,0.0,40.0,39.0,39.0,15.0,26.0,0.5665008141084682,673.9,0.939572875143902,0.5624310652151661,0.9452619500317524,,0.5542220307370305,0.6729584717216219,0.0010871768412906,127691.0,10.0,0.5624310652151661,10.0,identity_features_drop,,,False,False,results_v2/multiclass/results.csv
entity,NF-UNSW-NB15-v3,autoencoder,random,drop,multiclass,42,ok,,48.0,10.0,595897.0,127692.0,127691.0,0.0,0.0,0.0,40.0,39.0,39.0,27.0,38.0,0.5668559757604129,317.1,0.9417656686845588,0.5606286150201801,0.9465203607631862,,0.5423414577606442,0.6722947787739948,0.001326724280897,127691.0,10.0,0.5606286150201801,10.0,identity_features_drop,,,False,False,results_v2/multiclass/results.csv
entity,NF-UNSW-NB15-v3,xgboost,temporal,keep,multiclass,42,ok,,52.0,10.0,595896.0,127692.0,127692.0,0.0,0.0,0.0,40.0,38.0,38.0,114.0,114.0,0.5989103871458129,33.9,0.9225793315164614,0.5684347465225296,0.9239124573825496,,0.6351664550743272,0.676835251209931,0.0,127692.0,10.0,0.5684347465225296,10.0,identity_features_keep,,,False,False,results_v2/multiclass/results.csv
entity,NF-UNSW-NB15-v3,mlp,temporal,keep,multiclass,42,ok,,52.0,10.0,595896.0,127692.0,127692.0,0.0,0.0,0.0,40.0,38.0,38.0,20.0,31.0,0.5166997417583105,245.2,0.8945509507251824,0.499766519360135,0.9025891182264136,,0.4865830643334536,0.6384796054821155,0.0006099792607051,127692.0,10.0,0.499766519360135,10.0,identity_features_keep,,,False,False,results_v2/multiclass/results.csv
entity,NF-UNSW-NB15-v3,transformer,temporal,keep,multiclass,42,ok,,52.0,10.0,595896.0,127692.0,127692.0,0.0,0.0,0.0,40.0,38.0,38.0,9.0,20.0,0.5082145235720763,530.2,0.8903925069698964,0.4905468902433106,0.900489754076528,,0.489351588558331,0.6425176117794337,0.0022162579805619,127692.0,10.0,0.4905468902433106,10.0,identity_features_keep,,,False,False,results_v2/multiclass/results.csv
entity,NF-UNSW-NB15-v3,autoencoder,temporal,keep,multiclass,42,ok,,52.0,10.0,595896.0,127692.0,127692.0,0.0,0.0,0.0,40.0,38.0,38.0,26.0,37.0,0.5217374320358419,297.6,0.8941672148607587,0.5106287611746947,0.903655753066124,,0.4999237251209341,0.6389511411823641,0.0014639502256923,127692.0,10.0,0.5106287611746947,10.0,identity_features_keep,,,False,False,results_v2/multiclass/results.csv
entity,NF-UNSW-NB15-v3,xgboost,temporal,drop,multiclass,42,ok,,48.0,10.0,595896.0,127692.0,127692.0,0.0,0.0,0.0,40.0,38.0,38.0,87.0,87.0,0.6462419119137378,26.7,0.9282883814177866,0.5867096834994892,0.9278299696077394,,0.6127921639406868,0.6988450992733997,0.0001423284941645,127692.0,10.0,0.5867096834994892,10.0,identity_features_drop,,,False,False,results_v2/multiclass/results.csv
entity,NF-UNSW-NB15-v3,mlp,temporal,drop,multiclass,42,ok,,48.0,10.0,595896.0,127692.0,127692.0,0.0,0.0,0.0,40.0,38.0,38.0,6.0,17.0,0.4938774323251572,148.4,0.8837828524888012,0.4805849987801535,0.8967530097142866,,0.5027136568644038,0.5965614550776583,0.0013724533365865,127692.0,10.0,0.4805849987801535,10.0,identity_features_drop,,,False,False,results_v2/multiclass/results.csv
entity,NF-UNSW-NB15-v3,transformer,temporal,drop,multiclass,42,ok,,48.0,10.0,595896.0,127692.0,127692.0,0.0,0.0,0.0,40.0,38.0,38.0,27.0,38.0,0.5196875099211097,989.9,0.8941358894840711,0.4967453257431756,0.902574915559426,,0.4891215128705173,0.6482338101299825,0.0028160709202553,127692.0,10.0,0.4967453257431756,10.0,identity_features_drop,,,False,False,results_v2/multiclass/results.csv
entity,NF-UNSW-NB15-v3,autoencoder,temporal,drop,multiclass,42,ok,,48.0,10.0,595896.0,127692.0,127692.0,0.0,0.0,0.0,40.0,38.0,38.0,50.0,61.0,0.5239211441192116,506.5,0.8950208313754973,0.5099927780051565,0.9029799829149168,,0.5003799060833901,0.6449187560250504,0.0007828067179049,127692.0,10.0,0.5099927780051565,10.0,identity_features_drop,,,False,False,results_v2/multiclass/results.csv
entity,NF-UNSW-NB15-v3,xgboost,disjoint_ip,keep,multiclass,42,skipped,"no entity-disjoint partition over 40 entities gives every split >= 3 entities, >= 5% of rows and >= 2 classes",,,,,,,,,,,,,,,,,,,,,,,,,,,,,,,,results_v2/multiclass/results.csv
entity,NF-UNSW-NB15-v3,mlp,disjoint_ip,keep,multiclass,42,skipped,"no entity-disjoint partition over 40 entities gives every split >= 3 entities, >= 5% of rows and >= 2 classes",,,,,,,,,,,,,,,,,,,,,,,,,,,,,,,,results_v2/multiclass/results.csv
entity,NF-UNSW-NB15-v3,transformer,disjoint_ip,keep,multiclass,42,skipped,"no entity-disjoint partition over 40 entities gives every split >= 3 entities, >= 5% of rows and >= 2 classes",,,,,,,,,,,,,,,,,,,,,,,,,,,,,,,,results_v2/multiclass/results.csv
entity,NF-UNSW-NB15-v3,autoencoder,disjoint_ip,keep,multiclass,42,skipped,"no entity-disjoint partition over 40 entities gives every split >= 3 entities, >= 5% of rows and >= 2 classes",,,,,,,,,,,,,,,,,,,,,,,,,,,,,,,,results_v2/multiclass/results.csv
entity,NF-UNSW-NB15-v3,xgboost,disjoint_ip,drop,multiclass,42,skipped,"no entity-disjoint partition over 40 entities gives every split >= 3 entities, >= 5% of rows and >= 2 classes",,,,,,,,,,,,,,,,,,,,,,,,,,,,,,,,results_v2/multiclass/results.csv
entity,NF-UNSW-NB15-v3,mlp,disjoint_ip,drop,multiclass,42,skipped,"no entity-disjoint partition over 40 entities gives every split >= 3 entities, >= 5% of rows and >= 2 classes",,,,,,,,,,,,,,,,,,,,,,,,,,,,,,,,results_v2/multiclass/results.csv
entity,NF-UNSW-NB15-v3,transformer,disjoint_ip,drop,multiclass,42,skipped,"no entity-disjoint partition over 40 entities gives every split >= 3 entities, >= 5% of rows and >= 2 classes",,,,,,,,,,,,,,,,,,,,,,,,,,,,,,,,results_v2/multiclass/results.csv
entity,NF-UNSW-NB15-v3,autoencoder,disjoint_ip,drop,multiclass,42,skipped,"no entity-disjoint partition over 40 entities gives every split >= 3 entities, >= 5% of rows and >= 2 classes",,,,,,,,,,,,,,,,,,,,,,,,,,,,,,,,results_v2/multiclass/results.csv
flow,NF-BoT-IoT-v2,xgboost,random,keep,binary,42,ok,,43.0,2.0,700655.0,150140.0,150141.0,0.0,0.0,0.0,13.0,10.0,10.0,309.0,309.0,0.9881168396270394,10.3,0.999800187823446,0.9863134996575512,0.9998025405578768,0.9998997265878294,0.9751265294449344,0.9980442222215252,0.0037243947858473,150141.0,2.0,0.9863134996575512,2.0,identity_features_keep,,,False,False,results_v2/sampling_check/results.csv
flow,NF-BoT-IoT-v2,mlp,random,keep,binary,42,ok,,43.0,2.0,700655.0,150140.0,150141.0,0.0,0.0,0.0,13.0,10.0,10.0,8.0,19.0,0.9490852281987178,186.6,0.9992806761644054,0.9539790533192696,0.9993123039429538,0.9996389215791164,0.917310003704496,0.9977835340046326,0.0037243947858473,150141.0,2.0,0.9539790533192696,2.0,identity_features_keep,,,False,False,results_v2/sampling_check/results.csv
flow,NF-BoT-IoT-v2,egraphsage,random,keep,binary,42,ok,,43.0,2.0,700655.0,150140.0,150141.0,0.0,0.0,0.0,13.0,10.0,10.0,46.0,57.0,0.85102079208771,137.2,0.9970361193811152,0.851218043598457,0.9974569804967838,0.998510604828318,0.7737827096650627,0.9910906879823816,0.0148975791433892,150141.0,2.0,0.851218043598457,2.0,identity_in_features_and_topology,57.0,0.0,False,False,results_v2/sampling_check/results.csv
flow,NF-BoT-IoT-v2,xgboost,random,drop,binary,42,ok,,39.0,2.0,700655.0,150140.0,150141.0,0.0,0.0,0.0,13.0,10.0,10.0,445.0,445.0,0.9880952346099152,11.3,0.9997802066057906,0.9849038292100408,0.9997825022814304,0.9998897003526246,0.9749832866473682,0.9952509261321396,0.0093109869646182,150141.0,2.0,0.9849038292100408,2.0,identity_features_drop,,,False,False,results_v2/sampling_check/results.csv
flow,NF-BoT-IoT-v2,mlp,random,drop,binary,42,ok,,39.0,2.0,700655.0,150140.0,150141.0,0.0,0.0,0.0,13.0,10.0,10.0,48.0,59.0,0.9608547610299124,600.4,0.9993939030644527,0.9604539513013172,0.9994150737522544,0.9996957813905132,0.9304039921383656,0.9950570810477836,0.0093109869646182,150141.0,2.0,0.9604539513013172,2.0,identity_features_drop,,,False,False,results_v2/sampling_check/results.csv
flow,NF-BoT-IoT-v2,egraphsage,random,drop,binary,42,ok,,39.0,2.0,700655.0,150140.0,150141.0,0.0,0.0,0.0,13.0,10.0,10.0,22.0,33.0,0.785526782244653,82.2,0.9961236437748516,0.7949589657292864,0.9965997891984608,0.9980525738148138,0.736960077364569,0.8913628627621614,0.2141527001862197,150141.0,2.0,0.7949589657292864,2.0,graph_topology_retains_identity,57.0,0.0,False,False,results_v2/sampling_check/results.csv
flow,NF-BoT-IoT-v2,xgboost,random,keep,multiclass,42,ok,,43.0,5.0,700655.0,150140.0,150141.0,0.0,0.0,0.0,13.0,10.0,10.0,599.0,599.0,0.9934548471915734,75.6,0.9974690457636488,0.9931353113804812,0.9974718451588916,,0.988472788993372,0.9979274143036668,0.0018621973929236,150141.0,5.0,0.9931353113804812,5.0,identity_features_keep,,,False,False,results_v2/sampling_check/results.csv
flow,NF-BoT-IoT-v2,mlp,random,keep,multiclass,42,ok,,43.0,5.0,700655.0,150140.0,150141.0,0.0,0.0,0.0,13.0,10.0,10.0,22.0,33.0,0.9700839302826358,335.0,0.9872719643535076,0.9674090933862792,0.9873218928138184,,0.9498042513728594,0.9864276268183474,0.0037243947858473,150141.0,5.0,0.9674090933862792,5.0,identity_features_keep,,,False,False,results_v2/sampling_check/results.csv
flow,NF-BoT-IoT-v2,egraphsage,random,keep,multiclass,42,ok,,43.0,5.0,700655.0,150140.0,150141.0,0.0,0.0,0.0,13.0,10.0,10.0,98.0,100.0,0.9375813837458524,236.2,0.9842015172404608,0.9342326490459312,0.9843391083192984,,0.9002760103324551,0.9773181612931786,0.0037243947858473,150141.0,5.0,0.9342326490459312,5.0,identity_in_features_and_topology,57.0,0.0,False,False,results_v2/sampling_check/results.csv
flow,NF-BoT-IoT-v2,xgboost,random,drop,multiclass,42,ok,,39.0,5.0,700655.0,150140.0,150141.0,0.0,0.0,0.0,13.0,10.0,10.0,599.0,599.0,0.9712293086557696,65.3,0.9856201836939944,0.9693532097311875,0.9857921814748972,,0.9558077889618044,0.9838852911203309,0.0093109869646182,150141.0,5.0,0.9693532097311875,5.0,identity_features_drop,,,False,False,results_v2/sampling_check/results.csv
flow,NF-BoT-IoT-v2,mlp,random,drop,multiclass,42,ok,,39.0,5.0,700655.0,150140.0,150141.0,0.0,0.0,0.0,13.0,10.0,10.0,21.0,32.0,0.9576425305650142,333.6,0.9847410101171564,0.9530589375579284,0.984822372464888,,0.9278327617608416,0.9815783606262524,0.0074487895716946,150141.0,5.0,0.9530589375579284,5.0,identity_features_drop,,,False,False,results_v2/sampling_check/results.csv
flow,NF-BoT-IoT-v2,egraphsage,random,drop,multiclass,42,ok,,39.0,5.0,700655.0,150140.0,150141.0,0.0,0.0,0.0,13.0,10.0,10.0,48.0,59.0,0.9017652584595666,141.1,0.981097768097988,0.9027981761324668,0.9813114677186132,,0.8807053168996577,0.927789083615173,0.1694599627560521,150141.0,5.0,0.9027981761324668,5.0,graph_topology_retains_identity,57.0,0.0,False,False,results_v2/sampling_check/results.csv
flow,NF-BoT-IoT-v3,xgboost,random,keep,binary,42,ok,,52.0,2.0,700633.0,150135.0,150136.0,0.0,0.0,0.0,13.0,12.0,13.0,413.0,413.0,0.9480363983566508,19.1,0.9992273671870836,0.9419219635377556,0.9992581075433536,0.9996123901493634,0.909366824622414,0.9801498474460392,0.0390455531453362,150136.0,2.0,0.9419219635377556,2.0,identity_features_keep,,,False,False,results_v2/sampling_check/results.csv
flow,NF-BoT-IoT-v3,mlp,random,keep,binary,42,ok,,52.0,2.0,700633.0,150135.0,150136.0,0.0,0.0,0.0,13.0,12.0,13.0,10.0,21.0,0.6721612859878389,218.8,0.9881241008152608,0.6654683102015382,0.9919907972011788,0.9940083942967172,0.6016336383881503,0.9853936964652624,0.0173535791757049,150136.0,2.0,0.6654683102015382,2.0,identity_features_keep,,,False,False,results_v2/sampling_check/results.csv
flow,NF-BoT-IoT-v3,egraphsage,random,keep,binary,42,ok,,52.0,2.0,700633.0,150135.0,150136.0,0.0,0.0,0.0,13.0,12.0,13.0,29.0,40.0,0.663292242047288,97.9,0.987777748174988,0.661204698471903,0.9917900396006192,0.9938327412540876,0.5987710418900352,0.9808949542519276,0.0260303687635574,150136.0,2.0,0.661204698471903,2.0,identity_in_features_and_topology,87.0,0.0,False,False,results_v2/sampling_check/results.csv
flow,NF-BoT-IoT-v3,xgboost,random,drop,binary,42,ok,,48.0,2.0,700633.0,150135.0,150136.0,0.0,0.0,0.0,13.0,12.0,13.0,175.0,175.0,0.7358107088989442,8.9,0.9929663771513828,0.7302096771278738,0.9948248940960572,0.9964599633928032,0.6514113281203688,0.9921473242640326,0.0086767895878524,150136.0,2.0,0.7302096771278738,2.0,identity_features_drop,,,False,False,results_v2/sampling_check/results.csv
flow,NF-BoT-IoT-v3,mlp,random,drop,binary,42,ok,,48.0,2.0,700633.0,150135.0,150136.0,0.0,0.0,0.0,13.0,12.0,13.0,32.0,43.0,0.6610771405113407,418.8,0.9870850428944424,0.6554873405658248,0.9914051894762586,0.993480840934536,0.5947140595863132,0.9827100510976964,0.0216919739696312,150136.0,2.0,0.6554873405658248,2.0,identity_features_drop,,,False,False,results_v2/sampling_check/results.csv
flow,NF-BoT-IoT-v3,egraphsage,random,drop,binary,42,ok,,48.0,2.0,700633.0,150135.0,150136.0,0.0,0.0,0.0,13.0,12.0,13.0,20.0,31.0,0.5683863943128828,75.8,0.9683620184366176,0.5694920617730289,0.9813343864862104,0.9838791786865771,0.5421536542306518,0.9571008334399153,0.054229934924078,150136.0,2.0,0.5694920617730289,2.0,graph_topology_retains_identity,87.0,0.0,False,False,results_v2/sampling_check/results.csv
flow,NF-BoT-IoT-v3,xgboost,random,keep,multiclass,42,ok,,52.0,5.0,700633.0,150135.0,150136.0,0.0,0.0,0.0,13.0,12.0,13.0,219.0,219.0,0.970128102981162,26.7,0.9988743539191134,0.9665871172937924,0.998939196258554,,0.9495338710442642,0.9884976198923606,0.0477223427331887,150136.0,5.0,0.9665871172937924,5.0,identity_features_keep,,,False,False,results_v2/sampling_check/results.csv
flow,NF-BoT-IoT-v3,mlp,random,keep,multiclass,42,ok,,52.0,5.0,700633.0,150135.0,150136.0,0.0,0.0,0.0,13.0,12.0,13.0,14.0,25.0,0.8659758298866379,243.8,0.988224010230724,0.8627953880681588,0.9908671120051188,,0.841214599256263,0.9724041070259748,0.0390455531453362,150136.0,5.0,0.8627953880681588,5.0,identity_features_keep,,,False,False,results_v2/sampling_check/results.csv
flow,NF-BoT-IoT-v3,egraphsage,random,keep,multiclass,42,ok,,52.0,5.0,700633.0,150135.0,150136.0,0.0,0.0,0.0,13.0,12.0,13.0,53.0,64.0,0.8022117448222715,152.1,0.903207758299142,0.802733109672214,0.906310031643475,,0.773380051171641,0.9291578278899648,0.0520607375271149,150136.0,5.0,0.802733109672214,5.0,identity_in_features_and_topology,87.0,0.0,False,False,results_v2/sampling_check/results.csv
flow,NF-BoT-IoT-v3,xgboost,random,drop,multiclass,42,ok,,48.0,5.0,700633.0,150135.0,150136.0,0.0,0.0,0.0,13.0,12.0,13.0,185.0,185.0,0.8964841687091664,28.7,0.9943584483401716,0.8971282975244883,0.9956093357811466,,0.8697798675413155,0.9836724558157488,0.0260303687635574,150136.0,5.0,0.8971282975244883,5.0,identity_features_drop,,,False,False,results_v2/sampling_check/results.csv
flow,NF-BoT-IoT-v3,mlp,random,drop,multiclass,42,ok,,48.0,5.0,700633.0,150135.0,150136.0,0.0,0.0,0.0,13.0,12.0,13.0,10.0,21.0,0.8599378011052285,237.0,0.987597911227154,0.8583283615398747,0.9906514135335258,,0.8411932180889228,0.9691080339099664,0.0455531453362256,150136.0,5.0,0.8583283615398747,5.0,identity_features_drop,,,False,False,results_v2/sampling_check/results.csv
flow,NF-BoT-IoT-v3,egraphsage,random,drop,multiclass,42,ok,,48.0,5.0,700633.0,150135.0,150136.0,0.0,0.0,0.0,13.0,12.0,13.0,42.0,53.0,0.799971521786955,125.8,0.8973131027868066,0.7964571947183756,0.8980769923144232,,0.7618370259553628,0.8504921794548924,0.4837310195227766,150136.0,5.0,0.7964571947183756,5.0,graph_topology_retains_identity,87.0,0.0,False,False,results_v2/sampling_check/results.csv
flow,NF-CICIDS2018-v3,xgboost,random,keep,binary,42,ok,,52.0,2.0,701836.0,150393.0,150395.0,0.0,0.0,0.0,29970.0,10142.0,10090.0,408.0,408.0,0.9932844914918656,20.8,0.9964958941454172,0.9923796753568264,0.996506432892926,0.9867790572238528,0.9894432514499256,0.9953670146511556,0.0031009295131923,150395.0,2.0,0.9923796753568264,2.0,identity_features_keep,,,False,False,results_v2/sampling_check/results.csv
flow,NF-CICIDS2018-v3,mlp,random,keep,binary,42,ok,,52.0,2.0,701836.0,150393.0,150395.0,0.0,0.0,0.0,29970.0,10142.0,10090.0,12.0,23.0,0.9828407440474998,239.6,0.9919944147079358,0.9822622270709108,0.9919433954389882,0.969123454890496,0.9885219132123212,0.9762249178722976,0.0023735509854064,150395.0,2.0,0.9822622270709108,2.0,identity_features_keep,,,False,False,results_v2/sampling_check/results.csv
flow,NF-CICIDS2018-v3,egraphsage,random,keep,binary,42,ok,,52.0,2.0,701836.0,150393.0,150395.0,0.0,0.0,0.0,29970.0,10142.0,10090.0,37.0,48.0,0.9873749664178018,107.7,0.9936766514844244,0.9863964091397406,0.9937292572602148,0.976444653605132,0.9784937723055722,0.9946870952261656,0.0066842258395479,150395.0,2.0,0.9863964091397406,2.0,identity_in_features_and_topology,47758.0,0.0325,False,False,results_v2/sampling_check/results.csv
flow,NF-CICIDS2018-v3,xgboost,random,drop,binary,42,ok,,48.0,2.0,701836.0,150393.0,150395.0,0.0,0.0,0.0,29970.0,10142.0,10090.0,599.0,599.0,0.9783402184570846,21.0,0.9897270520961468,0.9775063674399886,0.98972297316952,0.9609266331149946,0.9778859912004484,0.977127605011952,0.0057730885257951,150395.0,2.0,0.9775063674399886,2.0,identity_features_drop,,,False,False,results_v2/sampling_check/results.csv
flow,NF-CICIDS2018-v3,mlp,random,drop,binary,42,ok,,48.0,2.0,701836.0,150393.0,150395.0,0.0,0.0,0.0,29970.0,10142.0,10090.0,5.0,16.0,0.9818036132116768,169.9,0.9916154127464344,0.9813487429392286,0.9915450250279626,0.9675108855280448,0.9896264243563092,0.9734555520652846,0.0018988407883251,150395.0,2.0,0.9813487429392286,2.0,identity_features_drop,,,False,True,results_v2/sampling_check/results.csv
flow,NF-CICIDS2018-v3,egraphsage,random,drop,binary,42,ok,,48.0,2.0,701836.0,150393.0,150395.0,0.0,0.0,0.0,29970.0,10142.0,10090.0,4.0,15.0,0.9747978698007818,38.2,0.9883639748661855,0.9743680979144288,0.9883241784320326,0.9554276399572106,0.9776447966182632,0.9711547443494348,0.0054897937307627,150395.0,2.0,0.9743680979144288,2.0,graph_topology_retains_identity,47758.0,0.0325,False,True,results_v2/sampling_check/results.csv
flow,NF-CICIDS2018-v3,xgboost,random,keep,multiclass,42,ok,,52.0,15.0,701836.0,150394.0,150394.0,0.0,0.0,0.0,29983.0,10137.0,10072.0,599.0,599.0,0.9027743954680636,209.1,0.9917682886285356,0.9063673126572428,0.9927089932839572,,0.8961682308418129,0.922890459434414,0.0079245976448248,150394.0,15.0,0.9063673126572428,15.0,identity_features_keep,,,False,False,results_v2/sampling_check/results.csv
flow,NF-CICIDS2018-v3,mlp,random,keep,multiclass,42,ok,,52.0,15.0,701836.0,150394.0,150394.0,0.0,0.0,0.0,29983.0,10137.0,10072.0,56.0,67.0,0.8234548231824844,679.3,0.9225833477399364,0.8188304410442017,0.9512574012089964,,0.7956509111712212,0.9123547818559504,0.0882042172641379,150394.0,15.0,0.8188304410442017,15.0,identity_features_keep,,,False,False,results_v2/sampling_check/results.csv
flow,NF-CICIDS2018-v3,egraphsage,random,keep,multiclass,42,ok,,52.0,15.0,701836.0,150394.0,150394.0,0.0,0.0,0.0,29983.0,10137.0,10072.0,35.0,46.0,0.864687989699378,103.0,0.968363099591739,0.8679380701897377,0.9775335235675512,,0.8625331959780032,0.925011465000542,0.0355956081650153,150394.0,15.0,0.8679380701897377,15.0,identity_in_features_and_topology,47758.0,0.0325,False,False,results_v2/sampling_check/results.csv
flow,NF-CICIDS2018-v3,xgboost,random,drop,multiclass,42,ok,,48.0,15.0,701836.0,150394.0,150394.0,0.0,0.0,0.0,29983.0,10137.0,10072.0,599.0,599.0,0.8735307018901571,153.9,0.9643469819274704,0.8619366320233699,0.9746576963128992,,0.8479014890855865,0.9007641332886352,0.0372111541583081,150394.0,15.0,0.8619366320233699,15.0,identity_features_drop,,,False,False,results_v2/sampling_check/results.csv
flow,NF-CICIDS2018-v3,mlp,random,drop,multiclass,42,ok,,48.0,15.0,701836.0,150394.0,150394.0,0.0,0.0,0.0,29983.0,10137.0,10072.0,38.0,49.0,0.7923889585565138,493.8,0.8782930170086573,0.7883775474459214,0.9253458685889924,,0.7680037611462766,0.9020879141408906,0.1391513406734759,150394.0,15.0,0.7883775474459214,15.0,identity_features_drop,,,False,False,results_v2/sampling_check/results.csv
flow,NF-CICIDS2018-v3,egraphsage,random,drop,multiclass,42,ok,,48.0,15.0,701836.0,150394.0,150394.0,0.0,0.0,0.0,29983.0,10137.0,10072.0,35.0,46.0,0.8588334166098136,101.6,0.9719669667672912,0.8686761555467395,0.9795095497490296,,0.8662809531784358,0.9238113318513268,0.0312849333108739,150394.0,15.0,0.8686761555467395,15.0,graph_topology_retains_identity,47758.0,0.0325,False,False,results_v2/sampling_check/results.csv
flow,NF-CSE-CIC-IDS2018-v2,xgboost,random,keep,binary,42,ok,,43.0,2.0,702668.0,150572.0,150572.0,0.0,0.0,0.0,35036.0,11835.0,12001.0,575.0,575.0,0.986684137435259,21.9,0.9943150120872406,0.9867986015849116,0.9943122335240006,0.9768373200562832,0.9872750957217514,0.986323394326626,0.0030816290990588,150572.0,2.0,0.9867986015849116,2.0,identity_features_keep,,,False,False,results_v2/sampling_check/results.csv
flow,NF-CSE-CIC-IDS2018-v2,mlp,random,keep,binary,42,ok,,43.0,2.0,702668.0,150572.0,150572.0,0.0,0.0,0.0,35036.0,11835.0,12001.0,15.0,26.0,0.9882713330129332,269.0,0.9951983104428446,0.9886975866684202,0.9951630723107668,0.9801258968085984,0.996017449637454,0.9816670237073322,0.0003937216539338,150572.0,2.0,0.9886975866684202,2.0,identity_features_keep,,,False,False,results_v2/sampling_check/results.csv
flow,NF-CSE-CIC-IDS2018-v2,egraphsage,random,keep,binary,42,ok,,43.0,2.0,702668.0,150572.0,150572.0,0.0,0.0,0.0,35036.0,11835.0,12001.0,4.0,15.0,0.9779229045934013,41.4,0.9905161650240416,0.9778064025223874,0.990474671407323,0.9610113034456396,0.9820384530559,0.9736754662255174,0.0039977891014817,150572.0,2.0,0.9778064025223874,2.0,identity_in_features_and_topology,54819.0,0.039,False,True,results_v2/sampling_check/results.csv
flow,NF-CSE-CIC-IDS2018-v2,xgboost,random,drop,binary,42,ok,,39.0,2.0,702668.0,150572.0,150572.0,0.0,0.0,0.0,35036.0,11835.0,12001.0,599.0,599.0,0.9884681772891226,18.0,0.9949725048481788,0.9882052062557998,0.9949440835350546,0.9792710643774474,0.9938120136497098,0.9827701702660744,0.0010524482672461,150572.0,2.0,0.9882052062557998,2.0,identity_features_drop,,,False,False,results_v2/sampling_check/results.csv
flow,NF-CSE-CIC-IDS2018-v2,mlp,random,drop,binary,42,ok,,39.0,2.0,702668.0,150572.0,150572.0,0.0,0.0,0.0,35036.0,11835.0,12001.0,19.0,30.0,0.9875578775447618,312.8,0.994673644502298,0.987473594444175,0.9946369365838894,0.9779767135325133,0.9943220200975846,0.9808798499210074,0.0008328727294753,150572.0,2.0,0.987473594444175,2.0,identity_features_drop,,,False,False,results_v2/sampling_check/results.csv
flow,NF-CSE-CIC-IDS2018-v2,egraphsage,random,drop,binary,42,ok,,39.0,2.0,702668.0,150572.0,150572.0,0.0,0.0,0.0,35036.0,11835.0,12001.0,8.0,19.0,0.9841267388766954,49.5,0.993239114842069,0.984156893468552,0.9932048585423724,0.9721614526361848,0.9891325057277344,0.9793183538395112,0.0022260416587796,150572.0,2.0,0.984156893468552,2.0,graph_topology_retains_identity,54819.0,0.039,False,False,results_v2/sampling_check/results.csv
flow,NF-CSE-CIC-IDS2018-v2,xgboost,random,keep,multiclass,42,ok,,43.0,15.0,702668.0,150572.0,150572.0,0.0,0.0,0.0,35034.0,11837.0,12003.0,599.0,599.0,0.8591063635661998,198.5,0.9865579257763728,0.8559899234480127,0.9886881361814632,,0.8463405515354006,0.8776279361518476,0.0100323306050441,150572.0,15.0,0.8559899234480127,15.0,identity_features_keep,,,False,False,results_v2/sampling_check/results.csv
flow,NF-CSE-CIC-IDS2018-v2,mlp,random,keep,multiclass,42,ok,,43.0,15.0,702668.0,150572.0,150572.0,0.0,0.0,0.0,35034.0,11837.0,12003.0,15.0,26.0,0.758915622096274,285.2,0.6599367744334936,0.7543713483089711,0.7817233999411485,,0.8050842588747458,0.799841751133545,0.384075473412431,150572.0,15.0,0.7543713483089711,15.0,identity_features_keep,,,False,False,results_v2/sampling_check/results.csv
flow,NF-CSE-CIC-IDS2018-v2,egraphsage,random,keep,multiclass,42,ok,,43.0,15.0,702668.0,150572.0,150572.0,0.0,0.0,0.0,35034.0,11837.0,12003.0,24.0,35.0,0.78894927368254,86.9,0.9632268947745928,0.782965103367524,0.974568284356154,,0.8866194917267346,0.8132169429416573,0.0386150083665851,150572.0,15.0,0.782965103367524,15.0,identity_in_features_and_topology,54819.0,0.039,False,False,results_v2/sampling_check/results.csv
flow,NF-CSE-CIC-IDS2018-v2,xgboost,random,drop,multiclass,42,ok,,39.0,15.0,702668.0,150572.0,150572.0,0.0,0.0,0.0,35034.0,11837.0,12003.0,599.0,599.0,0.7363711206224174,182.9,0.9235315995005712,0.7356374327878646,0.9516044053631368,,0.7403530648903504,0.8003451215263375,0.060201555200533,150572.0,15.0,0.7356374327878646,15.0,identity_features_drop,,,False,False,results_v2/sampling_check/results.csv
flow,NF-CSE-CIC-IDS2018-v2,mlp,random,drop,multiclass,42,ok,,39.0,15.0,702668.0,150572.0,150572.0,0.0,0.0,0.0,35034.0,11837.0,12003.0,32.0,43.0,0.7422877332974243,456.7,0.6468068432377866,0.7338430916591153,0.7715286662307339,,0.7752030040514818,0.784459108805934,0.3986886040295897,150572.0,15.0,0.7338430916591153,15.0,identity_features_drop,,,False,False,results_v2/sampling_check/results.csv
flow,NF-CSE-CIC-IDS2018-v2,egraphsage,random,drop,multiclass,42,ok,,39.0,15.0,702668.0,150572.0,150572.0,0.0,0.0,0.0,35034.0,11837.0,12003.0,39.0,50.0,0.7859805221504629,119.2,0.954241160375103,0.7787079778963404,0.9702594931961634,,0.8116687727447668,0.8693366236376545,0.0444148311918408,150572.0,15.0,0.7787079778963404,15.0,graph_topology_retains_identity,54819.0,0.039,False,False,results_v2/sampling_check/results.csv
flow,NF-ToN-IoT-v2,xgboost,random,keep,binary,42,ok,,43.0,2.0,700945.0,150203.0,150202.0,0.0,0.0,0.0,1040.0,270.0,291.0,592.0,592.0,0.9961683151977634,13.8,0.9962650297599231,0.9959440671647032,0.996264520813958,0.9970850328648256,0.9960794789969044,0.9958091593973613,0.005813953488372,150202.0,2.0,0.9959440671647032,2.0,identity_features_keep,,,False,False,results_v2/sampling_check/results.csv
flow,NF-ToN-IoT-v2,mlp,random,keep,binary,42,ok,,43.0,2.0,700945.0,150203.0,150202.0,0.0,0.0,0.0,1040.0,270.0,291.0,61.0,72.0,0.989788938656823,699.8,0.9904129106137068,0.989591545579602,0.9904127548825536,0.9925154369113705,0.9896074548384688,0.9895756434497786,0.013405421419049,150202.0,2.0,0.989591545579602,2.0,identity_features_keep,,,False,False,results_v2/sampling_check/results.csv
flow,NF-ToN-IoT-v2,egraphsage,random,keep,binary,42,ok,,43.0,2.0,700945.0,150203.0,150202.0,0.0,0.0,0.0,1040.0,270.0,291.0,96.0,100.0,0.9721931825550444,177.5,0.9737287120011716,0.9715367656738614,0.973755216030464,0.9794354922765838,0.970599069338136,0.9725020048484516,0.0318656495334024,150202.0,2.0,0.9715367656738614,2.0,identity_in_features_and_topology,3568.0,0.0029,False,False,results_v2/sampling_check/results.csv
flow,NF-ToN-IoT-v2,xgboost,random,drop,binary,42,ok,,39.0,2.0,700945.0,150203.0,150202.0,0.0,0.0,0.0,1040.0,270.0,291.0,561.0,561.0,0.9941659311843296,11.9,0.9944940813038442,0.9940227308386804,0.9944941595288674,0.9957012386878122,0.9940086959821308,0.9940367711805128,0.0075914679306769,150202.0,2.0,0.9940227308386804,2.0,identity_features_drop,,,False,False,results_v2/sampling_check/results.csv
flow,NF-ToN-IoT-v2,mlp,random,drop,binary,42,ok,,39.0,2.0,700945.0,150203.0,150202.0,0.0,0.0,0.0,1040.0,270.0,291.0,35.0,46.0,0.9829617640757355,468.1,0.9837152634452272,0.9823268225437776,0.983718099690299,0.9872804235005356,0.9821592206284598,0.982495240486758,0.021848615019997,150202.0,2.0,0.9823268225437776,2.0,identity_features_drop,,,False,False,results_v2/sampling_check/results.csv
flow,NF-ToN-IoT-v2,egraphsage,random,drop,binary,42,ok,,39.0,2.0,700945.0,150203.0,150202.0,0.0,0.0,0.0,1040.0,270.0,291.0,96.0,100.0,0.9756330556745796,176.5,0.9772839243152556,0.9753648692915255,0.9772960093905444,0.9822406362557516,0.9748628760880328,0.9758744743158968,0.0291438305436231,150202.0,2.0,0.9753648692915255,2.0,graph_topology_retains_identity,3568.0,0.0029,False,False,results_v2/sampling_check/results.csv
flow,NF-ToN-IoT-v2,xgboost,random,keep,multiclass,42,ok,,43.0,10.0,700945.0,150203.0,150202.0,0.0,0.0,0.0,1040.0,270.0,291.0,473.0,473.0,0.922250678527656,80.6,0.9850268305348796,0.9140761385308768,0.9850486103798336,,0.9125353424933496,0.9157188782887395,0.0073322470745074,150202.0,10.0,0.9140761385308768,10.0,identity_features_keep,,,False,False,results_v2/sampling_check/results.csv
flow,NF-ToN-IoT-v2,mlp,random,keep,multiclass,42,ok,,43.0,10.0,700945.0,150203.0,150202.0,0.0,0.0,0.0,1040.0,270.0,291.0,43.0,54.0,0.8872836396279482,524.1,0.9660790135950252,0.8809690840983071,0.9662883064746371,,0.8646390186909775,0.9013703939050494,0.0332543326914531,150202.0,10.0,0.8809690840983071,10.0,identity_features_keep,,,False,False,results_v2/sampling_check/results.csv
flow,NF-ToN-IoT-v2,egraphsage,random,keep,multiclass,42,ok,,43.0,10.0,700945.0,150203.0,150202.0,0.0,0.0,0.0,1040.0,270.0,291.0,55.0,66.0,0.8117710566448985,120.5,0.8870587608686968,0.8111163393712827,0.8886488604081789,,0.784155467691247,0.852266723234153,0.1119093467634424,150202.0,10.0,0.8111163393712827,10.0,identity_in_features_and_topology,3568.0,0.003,False,False,results_v2/sampling_check/results.csv
flow,NF-ToN-IoT-v2,xgboost,random,drop,multiclass,42,ok,,39.0,10.0,700945.0,150203.0,150202.0,0.0,0.0,0.0,1040.0,270.0,291.0,506.0,506.0,0.8671976044285626,90.4,0.9662720869229438,0.8633671439714863,0.9685392721986356,,0.8629262231418446,0.8871347505526961,0.0115168123241001,150202.0,10.0,0.8633671439714863,10.0,identity_features_drop,,,False,False,results_v2/sampling_check/results.csv
flow,NF-ToN-IoT-v2,mlp,random,drop,multiclass,42,ok,,39.0,10.0,700945.0,150203.0,150202.0,0.0,0.0,0.0,1040.0,270.0,291.0,22.0,33.0,0.8301796799990976,337.3,0.9395813637634652,0.8280131218248243,0.9407897255191782,,0.801446807471278,0.8776284788764555,0.0686194637831432,150202.0,10.0,0.8280131218248243,10.0,identity_features_drop,,,False,False,results_v2/sampling_check/results.csv
flow,NF-ToN-IoT-v2,egraphsage,random,drop,multiclass,42,ok,,39.0,10.0,700945.0,150203.0,150202.0,0.0,0.0,0.0,1040.0,270.0,291.0,54.0,65.0,0.7826842233556317,117.7,0.849369515718832,0.7842243152674101,0.851121548060528,,0.7541509350786026,0.8382748039512122,0.19819286031699,150202.0,10.0,0.7842243152674101,10.0,graph_topology_retains_identity,3568.0,0.003,False,False,results_v2/sampling_check/results.csv
flow,NF-ToN-IoT-v3,xgboost,random,keep,binary,42,ok,,52.0,2.0,701145.0,150245.0,150246.0,0.0,0.0,0.0,544.0,162.0,146.0,400.0,400.0,0.9792253581311304,13.5,0.980132582564594,0.9791371340131592,0.9801322489184114,0.9745799517998416,0.9791532329748198,0.979121047155172,0.0162465720497776,150246.0,2.0,0.9791371340131592,2.0,identity_features_keep,,,False,False,results_v2/sampling_check/results.csv
flow,NF-ToN-IoT-v3,mlp,random,keep,binary,42,ok,,52.0,2.0,701145.0,150245.0,150246.0,0.0,0.0,0.0,544.0,162.0,146.0,50.0,61.0,0.9631303462891136,590.6,0.9647045512026944,0.9628948481582136,0.9646842076556164,0.9547003801306966,0.963435319084638,0.9623680853297564,0.0269319435794902,150246.0,2.0,0.9628948481582136,2.0,identity_features_keep,,,False,False,results_v2/sampling_check/results.csv
flow,NF-ToN-IoT-v3,egraphsage,random,keep,binary,42,ok,,52.0,2.0,701145.0,150245.0,150246.0,0.0,0.0,0.0,544.0,162.0,146.0,54.0,65.0,0.94474342909217,118.4,0.9458221849500154,0.9428363622623384,0.9456891454977424,0.9297718880491423,0.9451258818230576,0.9407745580875811,0.0361095632982617,150246.0,2.0,0.9428363622623384,2.0,identity_in_features_and_topology,2310.0,0.0017,False,False,results_v2/sampling_check/results.csv
flow,NF-ToN-IoT-v3,xgboost,random,drop,binary,42,ok,,48.0,2.0,701145.0,150245.0,150246.0,0.0,0.0,0.0,544.0,162.0,146.0,400.0,400.0,0.9775162432229167,12.8,0.9782157262090172,0.9770875666827724,0.9781977576824136,0.97200338730786,0.9778887766072104,0.976314626864333,0.0149791864695663,150246.0,2.0,0.9770875666827724,2.0,identity_features_drop,,,False,False,results_v2/sampling_check/results.csv
flow,NF-ToN-IoT-v3,mlp,random,drop,binary,42,ok,,48.0,2.0,701145.0,150245.0,150246.0,0.0,0.0,0.0,544.0,162.0,146.0,8.0,19.0,0.9553971669128524,200.2,0.9573632575908844,0.9553420291886598,0.9574166275311756,0.9458412945334032,0.9542364003392751,0.9565165199178428,0.0396057993816032,150246.0,2.0,0.9553420291886598,2.0,identity_features_drop,,,False,False,results_v2/sampling_check/results.csv
flow,NF-ToN-IoT-v3,egraphsage,random,drop,binary,42,ok,,48.0,2.0,701145.0,150245.0,150246.0,0.0,0.0,0.0,544.0,162.0,146.0,56.0,67.0,0.945010685384284,118.9,0.9464877600734796,0.9434386991089924,0.946306305808995,0.9303063400426484,0.9466588768755216,0.9406401904362622,0.0325805500016388,150246.0,2.0,0.9434386991089924,2.0,graph_topology_retains_identity,2310.0,0.0017,False,False,results_v2/sampling_check/results.csv
flow,NF-ToN-IoT-v3,xgboost,random,keep,multiclass,42,ok,,52.0,10.0,701145.0,150244.0,150247.0,0.0,0.0,0.0,555.0,155.0,141.0,599.0,599.0,0.9731546537960916,94.9,0.9693504695601244,0.9707676152114736,0.9703663957548808,,0.958486449184775,0.9862118870132056,0.0420859418532236,150247.0,10.0,0.9707676152114736,10.0,identity_features_keep,,,False,False,results_v2/sampling_check/results.csv
flow,NF-ToN-IoT-v3,mlp,random,keep,multiclass,42,ok,,52.0,10.0,701145.0,150244.0,150247.0,0.0,0.0,0.0,555.0,155.0,141.0,44.0,55.0,0.9186702462665556,541.1,0.921609083708826,0.9118430615552005,0.931677955186977,,0.8725125903476115,0.9810577429061872,0.1203032984802298,150247.0,10.0,0.9118430615552005,10.0,identity_features_keep,,,False,False,results_v2/sampling_check/results.csv
flow,NF-ToN-IoT-v3,egraphsage,random,keep,multiclass,42,ok,,52.0,10.0,701145.0,150244.0,150247.0,0.0,0.0,0.0,555.0,155.0,141.0,99.0,100.0,0.8022704250945456,179.1,0.8603566127776262,0.8008496802667844,0.8828631608115705,,0.7426079346322438,0.9609138235365988,0.2101237886088258,150247.0,10.0,0.8008496802667844,10.0,identity_in_features_and_topology,2310.0,0.0016,False,False,results_v2/sampling_check/results.csv
flow,NF-ToN-IoT-v3,xgboost,random,drop,multiclass,42,ok,,48.0,10.0,701145.0,150244.0,150247.0,0.0,0.0,0.0,555.0,155.0,141.0,525.0,525.0,0.9557682871635343,86.0,0.9510672426071736,0.9546369408108256,0.9544935636119244,,0.9359004329860976,0.9827017138825302,0.0720989434811585,150247.0,10.0,0.9546369408108256,10.0,identity_features_drop,,,False,False,results_v2/sampling_check/results.csv
flow,NF-ToN-IoT-v3,mlp,random,drop,multiclass,42,ok,,48.0,10.0,701145.0,150244.0,150247.0,0.0,0.0,0.0,555.0,155.0,141.0,41.0,52.0,0.8974433660237866,537.4,0.8957583179697431,0.8944345306333549,0.9116524138860584,,0.8519360882538786,0.9758044479122574,0.162105171151682,150247.0,10.0,0.8944345306333549,10.0,identity_features_drop,,,False,False,results_v2/sampling_check/results.csv
flow,NF-ToN-IoT-v3,egraphsage,random,drop,multiclass,42,ok,,48.0,10.0,701145.0,150244.0,150247.0,0.0,0.0,0.0,555.0,155.0,141.0,67.0,78.0,0.7877305870873634,138.6,0.8411615539744554,0.7844280453453456,0.8692798647291843,,0.7289773665377118,0.949162531500394,0.2338981939755482,150247.0,10.0,0.7844280453453456,10.0,graph_topology_retains_identity,2310.0,0.0016,False,False,results_v2/sampling_check/results.csv
flow,NF-UNSW-NB15-v2,xgboost,random,keep,binary,42,ok,,43.0,2.0,700440.0,150094.0,150095.0,0.0,0.0,0.0,39.0,38.0,38.0,411.0,411.0,0.9842195455051008,13.1,0.9972550717878677,0.9827086559012632,0.997287616232746,0.9668490505310589,0.9715527698327298,0.9944598747027132,0.0024993925087652,150095.0,2.0,0.9827086559012632,2.0,identity_features_keep,,,False,False,results_v2/sampling_check/results.csv
flow,NF-UNSW-NB15-v2,mlp,random,keep,binary,42,ok,,43.0,2.0,700440.0,150094.0,150095.0,0.0,0.0,0.0,39.0,38.0,38.0,20.0,31.0,0.9741359488077884,301.5,0.9956427595855958,0.9732393806695908,0.9957474901985154,0.9487541137752704,0.9516353004999109,0.9972554972371608,0.0044989065157774,150095.0,2.0,0.9732393806695908,2.0,identity_features_keep,,,False,False,results_v2/sampling_check/results.csv
flow,NF-UNSW-NB15-v2,egraphsage,random,keep,binary,42,ok,,43.0,2.0,700440.0,150094.0,150095.0,0.0,0.0,0.0,39.0,38.0,38.0,82.0,93.0,0.968849790650361,97.0,0.9948032912488756,0.9683865215239286,0.994951543227216,0.939487975174554,0.9432475571409074,0.9968971404204676,0.005380636650814,150095.0,2.0,0.9683865215239286,2.0,identity_in_features_and_topology,43.0,0.0,False,False,results_v2/sampling_check/results.csv
flow,NF-UNSW-NB15-v2,xgboost,random,drop,binary,42,ok,,39.0,2.0,700440.0,150094.0,150095.0,0.0,0.0,0.0,39.0,38.0,38.0,434.0,434.0,0.980067541839571,11.5,0.996548852393484,0.9784391149627488,0.9966036190810232,0.9586790044671346,0.963766239355216,0.9941709454557076,0.003242267504426,150095.0,2.0,0.9784391149627488,2.0,identity_features_drop,,,False,False,results_v2/sampling_check/results.csv
flow,NF-UNSW-NB15-v2,mlp,random,drop,binary,42,ok,,39.0,2.0,700440.0,150094.0,150095.0,0.0,0.0,0.0,39.0,38.0,38.0,23.0,34.0,0.9734110099697852,345.8,0.9954695359605584,0.9722420063426012,0.9955835581087036,0.946850085977802,0.9497222366360416,0.9974023520135886,0.0047002464678723,150095.0,2.0,0.9722420063426012,2.0,identity_features_drop,,,False,False,results_v2/sampling_check/results.csv
flow,NF-UNSW-NB15-v2,egraphsage,random,drop,binary,42,ok,,39.0,2.0,700440.0,150094.0,150095.0,0.0,0.0,0.0,39.0,38.0,38.0,97.0,100.0,0.9688115433834484,102.3,0.9948832406142776,0.9688451790879392,0.9950270773884162,0.940363410467464,0.9440277258197703,0.9969387969622804,0.0052973235671885,150095.0,2.0,0.9688451790879392,2.0,graph_topology_retains_identity,43.0,0.0,False,False,results_v2/sampling_check/results.csv
flow,NF-UNSW-NB15-v2,xgboost,random,keep,multiclass,42,ok,,43.0,10.0,700441.0,150095.0,150093.0,0.0,0.0,0.0,38.0,38.0,38.0,369.0,369.0,0.7055515475729325,68.6,0.9888202647691764,0.6874793144918528,0.990091768655533,,0.670233209061718,0.7304262495376588,0.0033533516159266,150093.0,10.0,0.6874793144918528,10.0,identity_features_keep,,,False,False,results_v2/sampling_check/results.csv
flow,NF-UNSW-NB15-v2,mlp,random,keep,multiclass,42,ok,,43.0,10.0,700441.0,150095.0,150093.0,0.0,0.0,0.0,38.0,38.0,38.0,55.0,66.0,0.637891369998123,627.4,0.9845495792608584,0.6364546905093025,0.98689032976117,,0.603726356475731,0.730157022644058,0.0057416600131912,150093.0,10.0,0.6364546905093025,10.0,identity_features_keep,,,False,False,results_v2/sampling_check/results.csv
flow,NF-UNSW-NB15-v2,egraphsage,random,keep,multiclass,42,ok,,43.0,10.0,700441.0,150095.0,150093.0,0.0,0.0,0.0,38.0,38.0,38.0,52.0,63.0,0.4395915334051413,68.5,0.9706981671363756,0.4645103681102266,0.9744689150134712,,0.4504837237407986,0.5456566648024165,0.013538376089145,150093.0,10.0,0.4645103681102266,10.0,identity_in_features_and_topology,43.0,0.0,False,False,results_v2/sampling_check/results.csv
flow,NF-UNSW-NB15-v2,xgboost,random,drop,multiclass,42,ok,,39.0,10.0,700441.0,150095.0,150093.0,0.0,0.0,0.0,38.0,38.0,38.0,463.0,463.0,0.6738200997099185,79.4,0.9880607356772134,0.6809798330378495,0.9895518081743888,,0.6549341892003009,0.749827891597797,0.0038254590898045,150093.0,10.0,0.6809798330378495,10.0,identity_features_drop,,,False,False,results_v2/sampling_check/results.csv
flow,NF-UNSW-NB15-v2,mlp,random,drop,multiclass,42,ok,,39.0,10.0,700441.0,150095.0,150093.0,0.0,0.0,0.0,38.0,38.0,38.0,23.0,34.0,0.5800052849309335,342.0,0.9823242922721246,0.5686249233786328,0.9851234008209612,,0.5415040933434081,0.659157857062761,0.006283195056757,150093.0,10.0,0.5686249233786328,10.0,identity_features_drop,,,False,False,results_v2/sampling_check/results.csv
flow,NF-UNSW-NB15-v2,egraphsage,random,drop,multiclass,42,ok,,39.0,10.0,700441.0,150095.0,150093.0,0.0,0.0,0.0,38.0,38.0,38.0,40.0,51.0,0.3970558709659501,55.6,0.9703117400544996,0.422348467817883,0.973518146619064,,0.481216981752904,0.4840656620047388,0.0136425174436768,150093.0,10.0,0.422348467817883,10.0,graph_topology_retains_identity,43.0,0.0,False,False,results_v2/sampling_check/results.csv
flow,NF-UNSW-NB15-v3,xgboost,random,keep,binary,42,ok,,52.0,2.0,700402.0,150087.0,150085.0,0.0,0.0,0.0,39.0,39.0,39.0,211.0,211.0,1.0,8.9,1.0,1.0,1.0,1.0,1.0,1.0,0.0,150085.0,2.0,1.0,2.0,identity_features_keep,,,False,False,results_v2/sampling_check/results.csv
flow,NF-UNSW-NB15-v3,mlp,random,keep,binary,42,ok,,52.0,2.0,700402.0,150087.0,150085.0,0.0,0.0,0.0,39.0,39.0,39.0,21.0,32.0,0.9994834694780456,312.3,0.9998534163973748,0.9992900150056054,0.9998535091057424,0.9986575543080304,0.9986593540524072,0.9999224817127312,0.0001550365745373,150085.0,2.0,0.9992900150056054,2.0,identity_features_keep,,,False,False,results_v2/sampling_check/results.csv
flow,NF-UNSW-NB15-v3,egraphsage,random,keep,binary,42,ok,,52.0,2.0,700402.0,150087.0,150085.0,0.0,0.0,0.0,39.0,39.0,39.0,12.0,23.0,0.9992573592256112,30.1,0.9997734617050338,0.9989031288517494,0.9997736439859646,0.9979260705136024,0.998101715631872,0.999707462830445,0.0002184606277571,150085.0,2.0,0.9989031288517494,2.0,identity_in_features_and_topology,43.0,0.0,False,False,results_v2/sampling_check/results.csv
flow,NF-UNSW-NB15-v3,xgboost,random,drop,binary,42,ok,,48.0,2.0,700402.0,150087.0,150085.0,0.0,0.0,0.0,39.0,39.0,39.0,374.0,374.0,0.9999676926835463,10.0,0.9999866742179432,0.9999353815974974,0.9999866749851248,0.9998778103616812,0.999877825290165,0.9999929528829756,1.4094234048850615e-05,150085.0,2.0,0.9999353815974974,2.0,identity_features_drop,,,False,False,results_v2/sampling_check/results.csv
flow,NF-UNSW-NB15-v3,mlp,random,drop,binary,42,ok,,48.0,2.0,700402.0,150087.0,150085.0,0.0,0.0,0.0,39.0,39.0,39.0,10.0,21.0,0.999354262562787,219.4,0.999840090615318,0.9992253818389863,0.9998401825694502,0.9985353350421092,0.9986519790747744,0.9998002771422804,0.0001550365745373,150085.0,2.0,0.9992253818389863,2.0,identity_features_drop,,,False,False,results_v2/sampling_check/results.csv
flow,NF-UNSW-NB15-v3,egraphsage,random,drop,binary,42,ok,,48.0,2.0,700402.0,150087.0,150085.0,0.0,0.0,0.0,39.0,39.0,39.0,11.0,22.0,0.9992250259117724,27.8,0.9997934503781192,0.9989997391311504,0.9997935987975032,0.9981087181990116,0.998283774440373,0.9997180335059817,0.0001973192766839,150085.0,2.0,0.9989997391311504,2.0,graph_topology_retains_identity,43.0,0.0,False,False,results_v2/sampling_check/results.csv
flow,NF-UNSW-NB15-v3,xgboost,random,keep,multiclass,42,ok,,52.0,10.0,700403.0,150087.0,150084.0,0.0,0.0,0.0,39.0,39.0,39.0,291.0,291.0,0.8101459229405666,60.9,0.9901788331867488,0.8210244964924904,0.9901789823659678,,0.8141402421201299,0.8371321014861346,2.114135107327592e-05,150084.0,10.0,0.8210244964924904,10.0,identity_features_keep,,,False,False,results_v2/sampling_check/results.csv
flow,NF-UNSW-NB15-v3,mlp,random,keep,multiclass,42,ok,,52.0,10.0,700403.0,150087.0,150084.0,0.0,0.0,0.0,39.0,39.0,39.0,40.0,51.0,0.6125363161779456,495.8,0.9808040830468272,0.6086101445521997,0.9813576505287048,,0.5884653077938301,0.6899300272195833,0.0005355808938563,150084.0,10.0,0.6086101445521997,10.0,identity_features_keep,,,False,False,results_v2/sampling_check/results.csv
flow,NF-UNSW-NB15-v3,egraphsage,random,keep,multiclass,42,ok,,52.0,10.0,700403.0,150087.0,150084.0,0.0,0.0,0.0,39.0,39.0,39.0,69.0,80.0,0.4808321843911184,85.2,0.97419445110738,0.4778554434059138,0.9754928837934528,,0.5146251877534116,0.5474567201847375,0.000415779904441,150084.0,10.0,0.4778554434059138,10.0,identity_in_features_and_topology,43.0,0.0,False,False,results_v2/sampling_check/results.csv
flow,NF-UNSW-NB15-v3,xgboost,random,drop,multiclass,42,ok,,48.0,10.0,700403.0,150087.0,150084.0,0.0,0.0,0.0,39.0,39.0,39.0,325.0,325.0,0.7976972091426242,65.4,0.990045574478292,0.8148217552171044,0.9900683121544404,,0.8017383317701228,0.8373948388525658,2.114135107327592e-05,150084.0,10.0,0.8148217552171044,10.0,identity_features_drop,,,False,False,results_v2/sampling_check/results.csv
flow,NF-UNSW-NB15-v3,mlp,random,drop,multiclass,42,ok,,48.0,10.0,700403.0,150087.0,150084.0,0.0,0.0,0.0,39.0,39.0,39.0,33.0,44.0,0.5908503388192606,443.1,0.9791583379973882,0.588975437030835,0.979988097994022,,0.5601526511427286,0.6824546800803084,0.0008667953940043,150084.0,10.0,0.588975437030835,10.0,identity_features_drop,,,False,False,results_v2/sampling_check/results.csv
flow,NF-UNSW-NB15-v3,egraphsage,random,drop,multiclass,42,ok,,48.0,10.0,700403.0,150087.0,150084.0,0.0,0.0,0.0,39.0,39.0,39.0,69.0,80.0,0.4721159185794558,82.0,0.9745609125556356,0.4669886825335129,0.9757195386579148,,0.500285493033659,0.5252975122123013,0.0004016856703922,150084.0,10.0,0.4669886825335129,10.0,graph_topology_retains_identity,43.0,0.0,False,False,results_v2/sampling_check/results.csv
entity,NF-BoT-IoT-v2,xgboost,random,keep,binary,1,ok,,43.0,2.0,674497.0,144536.0,144534.0,0.0,0.0,0.0,19.0,15.0,17.0,599.0,599.0,0.9990680741363588,15.8,0.9995433600398522,0.9990537541954548,0.9995436331785608,0.9997344064386318,0.9984577833824833,0.9996518201856242,0.0001974821031843,144534.0,2.0,0.9990537541954548,2.0,identity_features_keep,,,False,False,results_v2_seeds/binary/results.csv
entity,NF-BoT-IoT-v2,mlp,random,keep,binary,1,ok,,43.0,2.0,674497.0,144536.0,144534.0,0.0,0.0,0.0,19.0,15.0,17.0,50.0,61.0,0.9885063495000346,564.1,0.9947417216710256,0.9892562321627016,0.9947814515807064,0.9969331342560832,0.9820258979051018,0.9968183912106934,0.0002962231547765,144534.0,2.0,0.9892562321627016,2.0,identity_features_keep,,,False,False,results_v2_seeds/binary/results.csv
entity,NF-BoT-IoT-v2,transformer,random,keep,binary,1,ok,,43.0,2.0,674497.0,144536.0,144534.0,0.0,0.0,0.0,19.0,15.0,17.0,38.0,49.0,0.9889384906349664,904.2,0.9948731786292498,0.989520379929345,0.9949108514044016,0.9970100592742636,0.9824804889279796,0.9968741700648224,0.0003455936805726,144534.0,2.0,0.989520379929345,2.0,identity_features_keep,,,False,False,results_v2_seeds/binary/results.csv
entity,NF-BoT-IoT-v2,autoencoder,random,keep,binary,1,ok,,43.0,2.0,674497.0,144536.0,144534.0,0.0,0.0,0.0,19.0,15.0,17.0,59.0,70.0,0.9897999547723496,691.1,0.9954059252494224,0.9905950910586756,0.995436268706958,0.997321565432059,0.9842393772119638,0.9972046189724232,0.0002962231547765,144534.0,2.0,0.9905950910586756,2.0,identity_features_keep,,,False,False,results_v2_seeds/binary/results.csv
entity,NF-BoT-IoT-v2,xgboost,random,drop,binary,1,ok,,39.0,2.0,674497.0,144536.0,144534.0,0.0,0.0,0.0,19.0,15.0,17.0,596.0,596.0,0.9954214896786522,13.2,0.9978482571574856,0.9955624771001303,0.9978546694081356,0.998747316397266,0.992634646747591,0.998542162409763,0.0004937052579609,144534.0,2.0,0.9955624771001303,2.0,identity_features_drop,,,False,False,results_v2_seeds/binary/results.csv
entity,NF-BoT-IoT-v2,mlp,random,drop,binary,1,ok,,39.0,2.0,674497.0,144536.0,144534.0,0.0,0.0,0.0,19.0,15.0,17.0,41.0,52.0,0.9870208917568448,527.3,0.9939529799216792,0.9876700620300454,0.994004741801687,0.9964716521065126,0.979529688038961,0.9962357734013592,0.0005924463095531,144534.0,2.0,0.9876700620300454,2.0,identity_features_drop,,,False,False,results_v2_seeds/binary/results.csv
entity,NF-BoT-IoT-v2,transformer,random,drop,binary,1,ok,,39.0,2.0,674497.0,144536.0,144534.0,0.0,0.0,0.0,19.0,15.0,17.0,16.0,27.0,0.9864042535922916,472.2,0.993627796919756,0.9869983675162566,0.9936802763428828,0.9962824078372172,0.9791696290843632,0.9952202004444776,0.0025672673413971,144534.0,2.0,0.9869983675162566,2.0,identity_features_drop,,,False,False,results_v2_seeds/binary/results.csv
entity,NF-BoT-IoT-v2,autoencoder,random,drop,binary,1,ok,,39.0,2.0,674497.0,144536.0,144534.0,0.0,0.0,0.0,19.0,15.0,17.0,16.0,27.0,0.9867379768112938,256.7,0.9938215229634548,0.9874032884174851,0.99387471326807,0.9963948761218072,0.9792219400256224,0.9960146980908566,0.0009380399901258,144534.0,2.0,0.9874032884174851,2.0,identity_features_drop,,,False,False,results_v2_seeds/binary/results.csv
entity,NF-BoT-IoT-v2,xgboost,temporal,keep,binary,1,skipped,dataset has no timestamp column,,,,,,,,,,,,,,,,,,,,,,,,,,,,,,,,results_v2_seeds/binary/results.csv
entity,NF-BoT-IoT-v2,mlp,temporal,keep,binary,1,skipped,dataset has no timestamp column,,,,,,,,,,,,,,,,,,,,,,,,,,,,,,,,results_v2_seeds/binary/results.csv
entity,NF-BoT-IoT-v2,transformer,temporal,keep,binary,1,skipped,dataset has no timestamp column,,,,,,,,,,,,,,,,,,,,,,,,,,,,,,,,results_v2_seeds/binary/results.csv
entity,NF-BoT-IoT-v2,autoencoder,temporal,keep,binary,1,skipped,dataset has no timestamp column,,,,,,,,,,,,,,,,,,,,,,,,,,,,,,,,results_v2_seeds/binary/results.csv
entity,NF-BoT-IoT-v2,xgboost,temporal,drop,binary,1,skipped,dataset has no timestamp column,,,,,,,,,,,,,,,,,,,,,,,,,,,,,,,,results_v2_seeds/binary/results.csv
entity,NF-BoT-IoT-v2,mlp,temporal,drop,binary,1,skipped,dataset has no timestamp column,,,,,,,,,,,,,,,,,,,,,,,,,,,,,,,,results_v2_seeds/binary/results.csv
entity,NF-BoT-IoT-v2,transformer,temporal,drop,binary,1,skipped,dataset has no timestamp column,,,,,,,,,,,,,,,,,,,,,,,,,,,,,,,,results_v2_seeds/binary/results.csv
entity,NF-BoT-IoT-v2,autoencoder,temporal,drop,binary,1,skipped,dataset has no timestamp column,,,,,,,,,,,,,,,,,,,,,,,,,,,,,,,,results_v2_seeds/binary/results.csv
entity,NF-BoT-IoT-v2,xgboost,disjoint_ip,keep,binary,1,ok,,43.0,2.0,512013.0,224753.0,226801.0,0.0,0.0,0.0,14.0,3.0,3.0,-1.0,0.0,0.8611346599968313,6.3,0.9379941005551122,0.8628861801472202,0.9442354944653332,0.9643668870245604,0.807697721876992,0.964455924485583,0.0025337837837837,226801.0,2.0,0.8628861801472202,2.0,identity_features_keep,,,False,False,results_v2_seeds/binary/results.csv
entity,NF-BoT-IoT-v2,mlp,disjoint_ip,keep,binary,1,ok,,43.0,2.0,512013.0,224753.0,226801.0,0.0,0.0,0.0,14.0,3.0,3.0,4.0,15.0,0.9021181505258804,108.0,0.9749560187124396,0.9224032395075404,0.9735938197711584,0.9862618757376984,0.9755063203372192,0.8820822310305872,0.233774893314367,226801.0,2.0,0.9224032395075404,2.0,identity_features_keep,,,False,True,results_v2_seeds/binary/results.csv
entity,NF-BoT-IoT-v2,transformer,disjoint_ip,keep,binary,1,ok,,43.0,2.0,512013.0,224753.0,226801.0,0.0,0.0,0.0,14.0,3.0,3.0,8.0,19.0,0.9472115614488508,263.3,0.9889286202441788,0.9704300967742532,0.9891784832344211,0.9938181182558772,0.9503906442153086,0.9929845064537746,0.0019559032716927,226801.0,2.0,0.9704300967742532,2.0,identity_features_keep,,,False,False,results_v2_seeds/binary/results.csv
entity,NF-BoT-IoT-v2,autoencoder,disjoint_ip,keep,binary,1,ok,,43.0,2.0,512013.0,224753.0,226801.0,0.0,0.0,0.0,14.0,3.0,3.0,13.0,24.0,0.9090643267311618,174.9,0.9653043857831316,0.886703604377856,0.9623506360891214,0.9810708933412556,0.9697968587029132,0.8327170984703615,0.3326813655761024,226801.0,2.0,0.886703604377856,2.0,identity_features_keep,,,False,False,results_v2_seeds/binary/results.csv
entity,NF-BoT-IoT-v2,xgboost,disjoint_ip,drop,binary,1,ok,,39.0,2.0,512013.0,224753.0,226801.0,0.0,0.0,0.0,14.0,3.0,3.0,30.0,30.0,0.8685223980140021,6.2,0.9683422912597388,0.8973689529567836,0.9657849104527246,0.9827157046359464,0.9773340312816122,0.8442136135786722,0.3106330014224751,226801.0,2.0,0.8973689529567836,2.0,identity_features_drop,,,False,False,results_v2_seeds/binary/results.csv
entity,NF-BoT-IoT-v2,mlp,disjoint_ip,drop,binary,1,ok,,39.0,2.0,512013.0,224753.0,226801.0,0.0,0.0,0.0,14.0,3.0,3.0,31.0,42.0,0.9192802550060512,282.5,0.9745680133685476,0.9215676575352368,0.9732518099588092,0.986042009486013,0.971634229892933,0.8830535978749103,0.2311077524893314,226801.0,2.0,0.9215676575352368,2.0,identity_features_drop,,,False,False,results_v2_seeds/binary/results.csv
entity,NF-BoT-IoT-v2,transformer,disjoint_ip,drop,binary,1,ok,,39.0,2.0,512013.0,224753.0,226801.0,0.0,0.0,0.0,14.0,3.0,3.0,8.0,19.0,0.980334726691476,266.0,0.99308645023611,0.9812197013321174,0.9931867632146144,0.996148234034086,0.967764238882814,0.9957274652872872,0.0009779516358463,226801.0,2.0,0.9812197013321174,2.0,identity_features_drop,,,False,False,results_v2_seeds/binary/results.csv
entity,NF-BoT-IoT-v2,autoencoder,disjoint_ip,drop,binary,1,ok,,39.0,2.0,512013.0,224753.0,226801.0,0.0,0.0,0.0,14.0,3.0,3.0,17.0,28.0,0.9036996261056698,257.2,0.9748325624666558,0.9217213620261386,0.973408811460023,0.9861998268934136,0.9771941242349188,0.8800555996698101,0.2381756756756756,226801.0,2.0,0.9217213620261386,2.0,identity_features_drop,,,False,False,results_v2_seeds/binary/results.csv
entity,NF-BoT-IoT-v3,xgboost,random,keep,binary,1,ok,,52.0,2.0,700000.0,150000.0,150000.0,0.0,0.0,0.0,19.0,16.0,14.0,454.0,454.0,0.9872506141197044,16.4,0.9974066666666668,0.9863946923273096,0.9974346558121838,0.9986348434281224,0.9761436895776664,0.9971533290631076,0.0031275496328528,150000.0,2.0,0.9863946923273096,2.0,identity_features_keep,,,False,False,results_v2_seeds/binary/results.csv
entity,NF-BoT-IoT-v3,mlp,random,keep,binary,1,ok,,52.0,2.0,700000.0,150000.0,150000.0,0.0,0.0,0.0,19.0,16.0,14.0,26.0,37.0,0.9383759137590436,355.7,0.98596,0.9336403634138548,0.9867857067054888,0.9925632967265792,0.8887407697313066,0.992489119478829,0.0002719608376393,150000.0,2.0,0.9336403634138548,2.0,identity_features_keep,,,False,False,results_v2_seeds/binary/results.csv
entity,NF-BoT-IoT-v3,transformer,random,keep,binary,1,ok,,52.0,2.0,700000.0,150000.0,150000.0,0.0,0.0,0.0,19.0,16.0,14.0,39.0,50.0,0.9468377276055032,921.4,0.9879866666666668,0.9422355911503304,0.9886028773860878,0.9936436044501824,0.901653739308516,0.9935546943985604,0.0002719608376393,150000.0,2.0,0.9422355911503304,2.0,identity_features_keep,,,False,False,results_v2_seeds/binary/results.csv
entity,NF-BoT-IoT-v3,autoencoder,random,keep,binary,1,ok,,52.0,2.0,700000.0,150000.0,150000.0,0.0,0.0,0.0,19.0,16.0,14.0,9.0,20.0,0.9373506411209068,189.8,0.98586,0.9332162954386116,0.986696041021703,0.9925099849210918,0.8881506948752247,0.992372056740221,0.000407941256459,150000.0,2.0,0.9332162954386116,2.0,identity_features_keep,,,False,False,results_v2_seeds/binary/results.csv
entity,NF-BoT-IoT-v3,xgboost,random,drop,binary,1,ok,,48.0,2.0,700000.0,150000.0,150000.0,0.0,0.0,0.0,19.0,16.0,14.0,351.0,351.0,0.9588859406629716,12.8,0.9911333333333332,0.9561580031845348,0.9914768839280356,0.9953165056201932,0.9236776574103114,0.9948867145249054,0.0009518629317378,150000.0,2.0,0.9561580031845348,2.0,identity_features_drop,,,False,False,results_v2_seeds/binary/results.csv
entity,NF-BoT-IoT-v3,mlp,random,drop,binary,1,ok,,48.0,2.0,700000.0,150000.0,150000.0,0.0,0.0,0.0,19.0,16.0,14.0,21.0,32.0,0.9256066497569994,321.0,0.98324,0.9222529707084226,0.984360106219488,0.9911119596113868,0.873413078863849,0.9888020297644192,0.0050312754963285,150000.0,2.0,0.9222529707084226,2.0,identity_features_drop,,,False,False,results_v2_seeds/binary/results.csv
entity,NF-BoT-IoT-v3,transformer,random,drop,binary,1,ok,,48.0,2.0,700000.0,150000.0,150000.0,0.0,0.0,0.0,19.0,16.0,14.0,9.0,20.0,0.9231895416010611,377.4,0.9824,0.9188363337917458,0.9836200944788362,0.9906629318394023,0.8688521895365169,0.9877800117428605,0.0062550992657057,150000.0,2.0,0.9188363337917458,2.0,identity_features_drop,,,False,False,results_v2_seeds/binary/results.csv
entity,NF-BoT-IoT-v3,autoencoder,random,drop,binary,1,ok,,48.0,2.0,700000.0,150000.0,150000.0,0.0,0.0,0.0,19.0,16.0,14.0,17.0,28.0,0.9239966929698517,275.5,0.9825133333333332,0.9196082683222746,0.9837483276760632,0.9907211863297568,0.868729790441307,0.9902255458778844,0.0012238237693772,150000.0,2.0,0.9196082683222746,2.0,identity_features_drop,,,False,False,results_v2_seeds/binary/results.csv
entity,NF-BoT-IoT-v3,xgboost,temporal,keep,binary,1,ok,,52.0,2.0,700000.0,150000.0,150000.0,0.0,0.0,0.0,17.0,13.0,14.0,443.0,443.0,1.0,14.9,0.99894,0.967970884677376,0.998972964406772,0.9994655408289832,0.940598140606106,0.9990429248797206,0.000852514919011,150000.0,2.0,0.967970884677376,2.0,identity_features_keep,,,False,False,results_v2_seeds/binary/results.csv
entity,NF-BoT-IoT-v3,mlp,temporal,keep,binary,1,ok,,52.0,2.0,700000.0,150000.0,150000.0,0.0,0.0,0.0,17.0,13.0,14.0,4.0,15.0,1.0,148.8,0.9959666666666668,0.891215844377863,0.9962947402100766,0.9979642858344576,0.8366606615803773,0.9675187932118512,0.0613810741687979,150000.0,2.0,0.891215844377863,2.0,identity_features_keep,,,False,True,results_v2_seeds/binary/results.csv
entity,NF-BoT-IoT-v3,transformer,temporal,keep,binary,1,ok,,52.0,2.0,700000.0,150000.0,150000.0,0.0,0.0,0.0,17.0,13.0,14.0,6.0,17.0,0.9994589538415884,320.0,0.9909866666666668,0.8138231746713619,0.9925969797004396,0.9954374266006129,0.7320841653608827,0.9908059370397566,0.0093776641091219,150000.0,2.0,0.8138231746713619,2.0,identity_features_keep,,,False,False,results_v2_seeds/binary/results.csv
entity,NF-BoT-IoT-v3,autoencoder,temporal,keep,binary,1,ok,,52.0,2.0,700000.0,150000.0,150000.0,0.0,0.0,0.0,17.0,13.0,14.0,4.0,15.0,0.9994589538415884,147.3,0.99832,0.9497346585709928,0.9983799607528212,0.9991528614457832,0.919808469099525,0.9843519545351038,0.0298380221653878,150000.0,2.0,0.9497346585709928,2.0,identity_features_keep,,,False,True,results_v2_seeds/binary/results.csv
entity,NF-BoT-IoT-v3,xgboost,temporal,drop,binary,1,ok,,48.0,2.0,700000.0,150000.0,150000.0,0.0,0.0,0.0,17.0,13.0,14.0,386.0,386.0,1.0,11.2,0.9968733333333332,0.9140931211638984,0.9971032705588916,0.9984221769920436,0.8611505143696812,0.9857374094231898,0.0255754475703324,150000.0,2.0,0.9140931211638984,2.0,identity_features_drop,,,False,False,results_v2_seeds/binary/results.csv
entity,NF-BoT-IoT-v3,mlp,temporal,drop,binary,1,ok,,48.0,2.0,700000.0,150000.0,150000.0,0.0,0.0,0.0,17.0,13.0,14.0,4.0,15.0,0.9994589538415884,150.0,0.9953866666666666,0.8808270979652322,0.9958431351523944,0.9976705670082272,0.8181839431226872,0.9752615667649752,0.0451832907075873,150000.0,2.0,0.8808270979652322,2.0,identity_features_drop,,,False,True,results_v2_seeds/binary/results.csv
entity,NF-BoT-IoT-v3,transformer,temporal,drop,binary,1,ok,,48.0,2.0,700000.0,150000.0,150000.0,0.0,0.0,0.0,17.0,13.0,14.0,6.0,17.0,1.0,314.4,0.9960266666666666,0.8968021293169885,0.9964111951421588,0.9979938333939222,0.832715767081531,0.9925000030502812,0.011082693947144,150000.0,2.0,0.8968021293169885,2.0,identity_features_drop,,,False,False,results_v2_seeds/binary/results.csv
entity,NF-BoT-IoT-v3,autoencoder,temporal,drop,binary,1,ok,,48.0,2.0,700000.0,150000.0,150000.0,0.0,0.0,0.0,17.0,13.0,14.0,7.0,18.0,0.9994589538415884,178.1,0.9978133333333332,0.9364685159968869,0.9979207104865316,0.998897093437706,0.8975062487465149,0.9840966245210608,0.0298380221653878,150000.0,2.0,0.9364685159968869,2.0,identity_features_drop,,,False,False,results_v2_seeds/binary/results.csv
entity,NF-BoT-IoT-v3,xgboost,disjoint_ip,keep,binary,1,ok,,52.0,2.0,505784.0,247799.0,246417.0,0.0,0.0,0.0,14.0,3.0,3.0,155.0,155.0,0.9465251239690284,8.7,0.9864700893201362,0.9247757263068664,0.9860189078735548,0.9928999778523604,0.9553797833793448,0.8984224669890585,0.1995178786661309,246417.0,2.0,0.9247757263068664,2.0,identity_features_keep,,,False,False,results_v2_seeds/binary/results.csv
entity,NF-BoT-IoT-v3,mlp,disjoint_ip,keep,binary,1,ok,,52.0,2.0,505784.0,247799.0,246417.0,0.0,0.0,0.0,14.0,3.0,3.0,4.0,15.0,0.8593409461785866,107.5,0.9745553269457872,0.8916195330357835,0.9768515002350252,0.9864278663826692,0.8335090870410783,0.9808569555324538,0.0121333869023704,246417.0,2.0,0.8916195330357835,2.0,identity_features_keep,,,False,True,results_v2_seeds/binary/results.csv
entity,NF-BoT-IoT-v3,transformer,disjoint_ip,keep,binary,1,ok,,52.0,2.0,505784.0,247799.0,246417.0,0.0,0.0,0.0,14.0,3.0,3.0,11.0,22.0,0.9133600474337072,306.7,0.9795428075173384,0.9046461813570176,0.980618638444876,0.9891546383767886,0.8667288336172927,0.9530134824262948,0.076496584973885,246417.0,2.0,0.9046461813570176,2.0,identity_features_keep,,,False,False,results_v2_seeds/binary/results.csv
entity,NF-BoT-IoT-v3,autoencoder,disjoint_ip,keep,binary,1,ok,,52.0,2.0,505784.0,247799.0,246417.0,0.0,0.0,0.0,14.0,3.0,3.0,18.0,29.0,0.8914112838400685,198.3,0.9794657024474772,0.9002243664423177,0.9801606847706268,0.9891420503070696,0.8750940452335443,0.9295784207423748,0.12591402169546,246417.0,2.0,0.9002243664423177,2.0,identity_features_keep,,,False,False,results_v2_seeds/binary/results.csv
entity,NF-BoT-IoT-v3,xgboost,disjoint_ip,drop,binary,1,ok,,48.0,2.0,505784.0,247799.0,246417.0,0.0,0.0,0.0,14.0,3.0,3.0,38.0,38.0,0.8748615842709768,6.5,0.983970261792003,0.9226175439220944,0.9845608182268012,0.99152054818046,0.89391021135481,0.956600270396659,0.0738449176376054,246417.0,2.0,0.9226175439220944,2.0,identity_features_drop,,,False,False,results_v2_seeds/binary/results.csv
entity,NF-BoT-IoT-v3,mlp,disjoint_ip,drop,binary,1,ok,,48.0,2.0,505784.0,247799.0,246417.0,0.0,0.0,0.0,14.0,3.0,3.0,26.0,37.0,0.8864923930809716,264.1,0.979080177098171,0.9029387499802162,0.9802227241255124,0.9889060815333064,0.8638978101608907,0.9532263407714304,0.075532342306147,246417.0,2.0,0.9029387499802162,2.0,identity_features_drop,,,False,False,results_v2_seeds/binary/results.csv
entity,NF-BoT-IoT-v3,transformer,disjoint_ip,drop,binary,1,ok,,48.0,2.0,505784.0,247799.0,246417.0,0.0,0.0,0.0,14.0,3.0,3.0,10.0,21.0,0.8950813779791202,291.9,0.978029113251115,0.90272205669448,0.979667167034,0.9883124508881156,0.8516658569104383,0.9751543597944508,0.0280433909200482,246417.0,2.0,0.90272205669448,2.0,identity_features_drop,,,False,False,results_v2_seeds/binary/results.csv
entity,NF-BoT-IoT-v3,autoencoder,disjoint_ip,drop,binary,1,ok,,48.0,2.0,505784.0,247799.0,246417.0,0.0,0.0,0.0,14.0,3.0,3.0,14.0,25.0,0.8852522102723634,177.3,0.9774853196005144,0.8945288580521897,0.9786195515092648,0.988067688125328,0.8589541205829773,0.939452974895912,0.1028525512253917,246417.0,2.0,0.8945288580521897,2.0,identity_features_drop,,,False,False,results_v2_seeds/binary/results.csv
entity,NF-CICIDS2018-v3,xgboost,random,keep,binary,1,ok,,52.0,2.0,560255.0,120055.0,120055.0,0.0,0.0,0.0,153509.0,69979.0,69856.0,476.0,476.0,0.9550855357664484,13.9,0.9993169797176294,0.9404084629642409,0.9993209278442498,0.881159420289855,0.9353755406572272,0.9455598526439136,0.000375895885193,120055.0,2.0,0.9404084629642409,2.0,identity_features_keep,,,False,False,results_v2_seeds/binary/results.csv
entity,NF-CICIDS2018-v3,mlp,random,keep,binary,1,ok,,52.0,2.0,560255.0,120055.0,120055.0,0.0,0.0,0.0,153509.0,69979.0,69856.0,5.0,16.0,0.5921019627536077,126.2,0.9826412894090208,0.5975987328340002,0.9889888833489991,0.2039724980901451,0.5583156256704206,0.8831005930703759,0.0167900162052892,120055.0,2.0,0.5975987328340002,2.0,identity_features_keep,,,False,True,results_v2_seeds/binary/results.csv
entity,NF-CICIDS2018-v3,transformer,random,keep,binary,1,ok,,52.0,2.0,560255.0,120055.0,120055.0,0.0,0.0,0.0,153509.0,69979.0,69856.0,21.0,32.0,0.7003174911417417,505.4,0.993594602473866,0.710805540320651,0.995154827845843,0.4248317127898279,0.6423309040089502,0.9134485332760578,0.0059475082279432,120055.0,2.0,0.710805540320651,2.0,identity_features_keep,,,False,False,results_v2_seeds/binary/results.csv
entity,NF-CICIDS2018-v3,autoencoder,random,keep,binary,1,ok,,52.0,2.0,560255.0,120055.0,120055.0,0.0,0.0,0.0,153509.0,69979.0,69856.0,11.0,22.0,0.6098893293863604,236.3,0.9854899837574445,0.6139848098410544,0.9905242625858284,0.2352941176470588,0.568870129983769,0.8859910964729869,0.0139415607197153,120055.0,2.0,0.6139848098410544,2.0,identity_features_keep,,,False,False,results_v2_seeds/binary/results.csv
entity,NF-CICIDS2018-v3,xgboost,random,drop,binary,1,ok,,48.0,2.0,560255.0,120055.0,120055.0,0.0,0.0,0.0,153509.0,69979.0,69856.0,589.0,589.0,0.8814300302673532,14.3,0.9985173462163176,0.873922025676312,0.9985444895742072,0.748587570621469,0.8607179301970773,0.8881370345168202,0.0008520306731042,120055.0,2.0,0.873922025676312,2.0,identity_features_drop,,,False,False,results_v2_seeds/binary/results.csv
entity,NF-CICIDS2018-v3,mlp,random,drop,binary,1,ok,,48.0,2.0,560255.0,120055.0,120055.0,0.0,0.0,0.0,153509.0,69979.0,69856.0,5.0,16.0,0.5863210927106258,126.3,0.9815084752821625,0.5922733714093033,0.9883839080169604,0.1938997821350762,0.5550108076528766,0.8825325726216398,0.0179260571027615,120055.0,2.0,0.5922733714093033,2.0,identity_features_drop,,,False,True,results_v2_seeds/binary/results.csv
entity,NF-CICIDS2018-v3,transformer,random,drop,binary,1,ok,,48.0,2.0,560255.0,120055.0,120055.0,0.0,0.0,0.0,153509.0,69979.0,69856.0,13.0,24.0,0.6873511848363972,357.1,0.9934280121610928,0.6937148890795019,0.9949750325757863,0.3907335907335907,0.6322301463671489,0.8680399306519248,0.0058556225671182,120055.0,2.0,0.6937148890795019,2.0,identity_features_drop,,,False,False,results_v2_seeds/binary/results.csv
entity,NF-CICIDS2018-v3,autoencoder,random,drop,binary,1,ok,,48.0,2.0,560255.0,120055.0,120055.0,0.0,0.0,0.0,153509.0,69979.0,69856.0,25.0,36.0,0.6225338147669611,341.8,0.98826371246512,0.6337104269883417,0.9920368971297236,0.2733367715317173,0.5825953536706333,0.8829956141315688,0.0111348714436072,120055.0,2.0,0.6337104269883417,2.0,identity_features_drop,,,False,False,results_v2_seeds/binary/results.csv
entity,NF-CICIDS2018-v3,xgboost,temporal,keep,binary,1,ok,,52.0,2.0,560256.0,120055.0,120054.0,0.0,0.0,0.0,136335.0,34504.0,35580.0,44.0,44.0,0.506732840082419,5.2,0.9957019341296416,0.5027693052560742,0.9935988032988696,0.0076923076923076,0.6978633724562471,0.5019291993667907,2.5096412049623973e-05,120054.0,2.0,0.5027693052560742,2.0,identity_features_keep,,,False,False,results_v2_seeds/binary/results.csv
entity,NF-CICIDS2018-v3,mlp,temporal,keep,binary,1,ok,,52.0,2.0,560256.0,120055.0,120054.0,0.0,0.0,0.0,136335.0,34504.0,35580.0,4.0,15.0,0.565998970561766,115.2,0.9864560947573592,0.573149229810066,0.9895698732614572,0.153125,0.5507623745855962,0.6374565655422039,0.0105237621194756,120054.0,2.0,0.573149229810066,2.0,identity_features_keep,,,False,True,results_v2_seeds/binary/results.csv
entity,NF-CICIDS2018-v3,transformer,temporal,keep,binary,1,ok,,52.0,2.0,560256.0,120055.0,120054.0,0.0,0.0,0.0,136335.0,34504.0,35580.0,6.0,17.0,0.6105426082055102,252.4,0.996068435870525,0.6876683498018215,0.9953652704382332,0.3773087071240105,0.7926862380265378,0.6384166779221503,0.0008365470683207,120054.0,2.0,0.6876683498018215,2.0,identity_features_keep,,,False,False,results_v2_seeds/binary/results.csv
entity,NF-CICIDS2018-v3,autoencoder,temporal,keep,binary,1,ok,,52.0,2.0,560256.0,120055.0,120054.0,0.0,0.0,0.0,136335.0,34504.0,35580.0,7.0,18.0,0.5790069993739182,205.4,0.977118629949856,0.570934725408387,0.9848209247093296,0.1534668721109399,0.5444707827033693,0.7313702064330144,0.020754732765039,120054.0,2.0,0.570934725408387,2.0,identity_features_keep,,,False,False,results_v2_seeds/binary/results.csv
entity,NF-CICIDS2018-v3,xgboost,temporal,drop,binary,1,ok,,48.0,2.0,560256.0,120055.0,120054.0,0.0,0.0,0.0,136335.0,34504.0,35580.0,47.0,47.0,0.507623773368219,4.6,0.995726922884702,0.5066069508752453,0.9936441334813336,0.0153550863723608,0.8312050179928029,0.5038751296749479,1.6730941366415982e-05,120054.0,2.0,0.5066069508752453,2.0,identity_features_drop,,,False,False,results_v2_seeds/binary/results.csv
entity,NF-CICIDS2018-v3,mlp,temporal,drop,binary,1,ok,,48.0,2.0,560256.0,120055.0,120054.0,0.0,0.0,0.0,136335.0,34504.0,35580.0,4.0,15.0,0.5718906536200039,120.0,0.9823829276825428,0.5895973286948197,0.98765021236275,0.1880998080614203,0.5574680232506259,0.7301469309646436,0.0154342934105187,120054.0,2.0,0.5895973286948197,2.0,identity_features_drop,,,False,True,results_v2_seeds/binary/results.csv
entity,NF-CICIDS2018-v3,transformer,temporal,drop,binary,1,ok,,48.0,2.0,560256.0,120055.0,120054.0,0.0,0.0,0.0,136335.0,34504.0,35580.0,7.0,18.0,0.5849752986473783,273.8,0.9963849601012876,0.70585020283142,0.9956787975419212,0.4135135135135135,0.8384895142244365,0.6482425323757929,0.0006023138891909,120054.0,2.0,0.70585020283142,2.0,identity_features_drop,,,False,False,results_v2_seeds/binary/results.csv
entity,NF-CICIDS2018-v3,autoencoder,temporal,drop,binary,1,ok,,48.0,2.0,560256.0,120055.0,120054.0,0.0,0.0,0.0,136335.0,34504.0,35580.0,4.0,15.0,0.5608050964290529,188.5,0.9689056591200628,0.5534257727892341,0.9804767662403048,0.1226792009400705,0.5338011761266915,0.7388463219989869,0.0291034725068806,120054.0,2.0,0.5534257727892341,2.0,identity_features_drop,,,False,True,results_v2_seeds/binary/results.csv
entity,NF-CICIDS2018-v3,xgboost,disjoint_ip,keep,binary,1,ok,,52.0,2.0,560255.0,120055.0,120055.0,0.0,0.0,0.0,80139.0,50868.0,50869.0,184.0,184.0,0.8783184753751913,11.1,0.9990920827953854,0.8761898366084616,0.9991033851906576,0.7528344671201814,0.8670521791487974,0.8857961778495358,0.0005006675567423,120055.0,2.0,0.8761898366084616,2.0,identity_features_keep,,,False,False,results_v2_seeds/binary/results.csv
entity,NF-CICIDS2018-v3,mlp,disjoint_ip,keep,binary,1,ok,,52.0,2.0,560255.0,120055.0,120055.0,0.0,0.0,0.0,80139.0,50868.0,50869.0,14.0,25.0,0.5765611264142034,193.6,0.986922660447295,0.5865685535298389,0.9919516130942636,0.1797283176593521,0.5504363552495757,0.893629005340454,0.0127419893190921,120055.0,2.0,0.5865685535298389,2.0,identity_features_keep,,,False,False,results_v2_seeds/binary/results.csv
entity,NF-CICIDS2018-v3,transformer,disjoint_ip,keep,binary,1,ok,,52.0,2.0,560255.0,120055.0,120055.0,0.0,0.0,0.0,80139.0,50868.0,50869.0,8.0,19.0,0.6501206467420565,285.8,0.9947274166007248,0.6672629779302586,0.9961708996427232,0.3371727748691099,0.6085574920350514,0.872002883689881,0.0048314419225634,120055.0,2.0,0.6672629779302586,2.0,identity_features_keep,,,False,False,results_v2_seeds/binary/results.csv
entity,NF-CICIDS2018-v3,autoencoder,disjoint_ip,keep,binary,1,ok,,52.0,2.0,560255.0,120055.0,120055.0,0.0,0.0,0.0,80139.0,50868.0,50869.0,22.0,33.0,0.5950686854738699,457.6,0.9900962059056266,0.6050990890912055,0.993620095493476,0.2151815181518152,0.5624733695423351,0.8743259423417269,0.009487650200267,120055.0,2.0,0.6050990890912055,2.0,identity_features_keep,,,False,False,results_v2_seeds/binary/results.csv
entity,NF-CICIDS2018-v3,xgboost,disjoint_ip,drop,binary,1,ok,,48.0,2.0,560255.0,120055.0,120055.0,0.0,0.0,0.0,80139.0,50868.0,50869.0,469.0,469.0,0.8274508106775306,26.8,0.9986089708883428,0.8260548710828102,0.9986825676492614,0.6528066528066528,0.7948706896091793,0.8646615060390599,0.0009095460614152,120055.0,2.0,0.8260548710828102,2.0,identity_features_drop,,,False,False,results_v2_seeds/binary/results.csv
entity,NF-CICIDS2018-v3,mlp,disjoint_ip,drop,binary,1,ok,,48.0,2.0,560255.0,120055.0,120055.0,0.0,0.0,0.0,80139.0,50868.0,50869.0,26.0,37.0,0.5903275096734582,558.6,0.98913831160718,0.5982451644236291,0.9931125674335032,0.2019583843329253,0.5579288062684609,0.8784889542646008,0.0104639519359145,120055.0,2.0,0.5982451644236291,2.0,identity_features_drop,,,False,False,results_v2_seeds/binary/results.csv
entity,NF-CICIDS2018-v3,transformer,disjoint_ip,drop,binary,1,ok,,48.0,2.0,560255.0,120055.0,120055.0,0.0,0.0,0.0,80139.0,50868.0,50869.0,8.0,19.0,0.671954131788422,346.3,0.9958768897588606,0.6860707459692478,0.996814641451811,0.3742098609355246,0.6281918382216866,0.8424003322259137,0.0035714285714285,120055.0,2.0,0.6860707459692478,2.0,identity_features_drop,,,False,False,results_v2_seeds/binary/results.csv
entity,NF-CICIDS2018-v3,autoencoder,disjoint_ip,drop,binary,1,ok,,48.0,2.0,560255.0,120055.0,120055.0,0.0,0.0,0.0,80139.0,50868.0,50869.0,26.0,37.0,0.6109143259311626,429.3,0.992053642080713,0.6247633435772402,0.9946758852181128,0.2535211267605634,0.5759767315124057,0.8729850071413047,0.0075183578104138,120055.0,2.0,0.6247633435772402,2.0,identity_features_drop,,,False,False,results_v2_seeds/binary/results.csv
entity,NF-CSE-CIC-IDS2018-v2,xgboost,random,keep,binary,1,ok,,43.0,2.0,577526.0,123755.0,123757.0,0.0,0.0,0.0,186773.0,79339.0,79364.0,495.0,495.0,0.850411521598285,17.3,0.9990545989317776,0.8197633389835308,0.9990531463808998,0.64,0.8207489715263763,0.8187837656860067,0.0004692784439374,123757.0,2.0,0.8197633389835308,2.0,identity_features_keep,,,False,False,results_v2_seeds/binary/results.csv
entity,NF-CSE-CIC-IDS2018-v2,mlp,random,keep,binary,1,ok,,43.0,2.0,577526.0,123755.0,123757.0,0.0,0.0,0.0,186773.0,79339.0,79364.0,7.0,18.0,0.5902260249115314,175.9,0.993091299886067,0.5883901564844085,0.9954559096275716,0.1802492809204218,0.5531283223356394,0.7851637922741499,0.0063595320161172,123757.0,2.0,0.5883901564844085,2.0,identity_features_keep,,,False,False,results_v2_seeds/binary/results.csv
entity,NF-CSE-CIC-IDS2018-v2,transformer,random,keep,binary,1,ok,,43.0,2.0,577526.0,123755.0,123757.0,0.0,0.0,0.0,186773.0,79339.0,79364.0,16.0,27.0,0.6155114045768857,484.0,0.9945700041209792,0.6051951780708296,0.9962427859745911,0.2131147540983606,0.565554073170014,0.7767138019982506,0.0048546045924559,123757.0,2.0,0.6051951780708296,2.0,identity_features_keep,,,False,False,results_v2_seeds/binary/results.csv
entity,NF-CSE-CIC-IDS2018-v2,autoencoder,random,keep,binary,1,ok,,43.0,2.0,577526.0,123755.0,123757.0,0.0,0.0,0.0,186773.0,79339.0,79364.0,15.0,26.0,0.6177126697820221,266.3,0.9953699588710132,0.6163289630028862,0.9966734053237012,0.2349799732977303,0.5747808694497062,0.7679239894008792,0.0040293218117384,123757.0,2.0,0.6163289630028862,2.0,identity_features_keep,,,False,False,results_v2_seeds/binary/results.csv
entity,NF-CSE-CIC-IDS2018-v2,xgboost,random,drop,binary,1,ok,,39.0,2.0,577526.0,123755.0,123757.0,0.0,0.0,0.0,186773.0,79339.0,79364.0,462.0,462.0,0.6611998717895229,11.5,0.9964608062574238,0.6632232941252838,0.997343267806143,0.3282208588957055,0.6091798056115019,0.8266754764337737,0.0030907649238636,123757.0,2.0,0.6632232941252838,2.0,identity_features_drop,,,False,False,results_v2_seeds/binary/results.csv
entity,NF-CSE-CIC-IDS2018-v2,mlp,random,drop,binary,1,ok,,39.0,2.0,577526.0,123755.0,123757.0,0.0,0.0,0.0,186773.0,79339.0,79364.0,13.0,24.0,0.6043878786432955,196.9,0.993939736742164,0.5986923903384161,0.9959092314945972,0.2004264392324093,0.560364632432441,0.7855885701759898,0.0055099762124374,123757.0,2.0,0.5986923903384161,2.0,identity_features_drop,,,False,False,results_v2_seeds/binary/results.csv
entity,NF-CSE-CIC-IDS2018-v2,transformer,random,drop,binary,1,ok,,39.0,2.0,577526.0,123755.0,123757.0,0.0,0.0,0.0,186773.0,79339.0,79364.0,22.0,33.0,0.6244202643770829,497.7,0.9950467448305954,0.6093041149365357,0.9964928483711432,0.2210927573062261,0.5694029290716918,0.7646987300890478,0.004344871110248,123757.0,2.0,0.6093041149365357,2.0,identity_features_drop,,,False,False,results_v2_seeds/binary/results.csv
entity,NF-CSE-CIC-IDS2018-v2,autoencoder,random,drop,binary,1,ok,,39.0,2.0,577526.0,123755.0,123757.0,0.0,0.0,0.0,186773.0,79339.0,79364.0,6.0,17.0,0.6120717584145938,206.1,0.9945376827169372,0.6046902765328427,0.9962252377018432,0.2121212121212121,0.5651750904293549,0.7766976199829423,0.0048869686230723,123757.0,2.0,0.6046902765328427,2.0,identity_features_drop,,,False,False,results_v2_seeds/binary/results.csv
entity,NF-CSE-CIC-IDS2018-v2,xgboost,temporal,keep,binary,1,skipped,dataset has no timestamp column,,,,,,,,,,,,,,,,,,,,,,,,,,,,,,,,results_v2_seeds/binary/results.csv
entity,NF-CSE-CIC-IDS2018-v2,mlp,temporal,keep,binary,1,skipped,dataset has no timestamp column,,,,,,,,,,,,,,,,,,,,,,,,,,,,,,,,results_v2_seeds/binary/results.csv
entity,NF-CSE-CIC-IDS2018-v2,transformer,temporal,keep,binary,1,skipped,dataset has no timestamp column,,,,,,,,,,,,,,,,,,,,,,,,,,,,,,,,results_v2_seeds/binary/results.csv
entity,NF-CSE-CIC-IDS2018-v2,autoencoder,temporal,keep,binary,1,skipped,dataset has no timestamp column,,,,,,,,,,,,,,,,,,,,,,,,,,,,,,,,results_v2_seeds/binary/results.csv
entity,NF-CSE-CIC-IDS2018-v2,xgboost,temporal,drop,binary,1,skipped,dataset has no timestamp column,,,,,,,,,,,,,,,,,,,,,,,,,,,,,,,,results_v2_seeds/binary/results.csv
entity,NF-CSE-CIC-IDS2018-v2,mlp,temporal,drop,binary,1,skipped,dataset has no timestamp column,,,,,,,,,,,,,,,,,,,,,,,,,,,,,,,,results_v2_seeds/binary/results.csv
entity,NF-CSE-CIC-IDS2018-v2,transformer,temporal,drop,binary,1,skipped,dataset has no timestamp column,,,,,,,,,,,,,,,,,,,,,,,,,,,,,,,,results_v2_seeds/binary/results.csv
entity,NF-CSE-CIC-IDS2018-v2,autoencoder,temporal,drop,binary,1,skipped,dataset has no timestamp column,,,,,,,,,,,,,,,,,,,,,,,,,,,,,,,,results_v2_seeds/binary/results.csv
entity,NF-CSE-CIC-IDS2018-v2,xgboost,disjoint_ip,keep,binary,1,ok,,43.0,2.0,577526.0,123756.0,123756.0,0.0,0.0,0.0,99660.0,62454.0,62454.0,188.0,188.0,0.6308746251508494,10.8,0.9988849025501794,0.6711495603409134,0.9987947094104976,0.3428571428571428,0.7041977493994184,0.6473306854685048,0.0004205962761052,123756.0,2.0,0.6711495603409134,2.0,identity_features_keep,,,False,False,results_v2_seeds/binary/results.csv
entity,NF-CSE-CIC-IDS2018-v2,mlp,disjoint_ip,keep,binary,1,ok,,43.0,2.0,577526.0,123756.0,123756.0,0.0,0.0,0.0,99660.0,62454.0,62454.0,24.0,35.0,0.5833277803265249,289.9,0.9935599082064708,0.5921654256729374,0.9959694193742754,0.1875637104994903,0.5534285868525413,0.8739472827915924,0.0062037950725528,123756.0,2.0,0.5921654256729374,2.0,identity_features_keep,,,False,False,results_v2_seeds/binary/results.csv
entity,NF-CSE-CIC-IDS2018-v2,transformer,disjoint_ip,keep,binary,1,ok,,43.0,2.0,577526.0,123756.0,123756.0,0.0,0.0,0.0,99660.0,62454.0,62454.0,11.0,22.0,0.6001216394744734,344.4,0.9949739810595042,0.6099894208631927,0.9967148592229867,0.2225,0.5655001569621222,0.8623720675277133,0.0047640616658847,123756.0,2.0,0.6099894208631927,2.0,identity_features_keep,,,False,False,results_v2_seeds/binary/results.csv
entity,NF-CSE-CIC-IDS2018-v2,autoencoder,disjoint_ip,keep,binary,1,ok,,43.0,2.0,577526.0,123756.0,123756.0,0.0,0.0,0.0,99660.0,62454.0,62454.0,19.0,30.0,0.5957393775657338,302.1,0.9948042923171402,0.6089997593564462,0.996627692709638,0.2206060606060606,0.5645966553703357,0.8704757723550501,0.0049500946341621,123756.0,2.0,0.6089997593564462,2.0,identity_features_keep,,,False,False,results_v2_seeds/binary/results.csv
entity,NF-CSE-CIC-IDS2018-v2,xgboost,disjoint_ip,drop,binary,1,ok,,39.0,2.0,577526.0,123756.0,123756.0,0.0,0.0,0.0,99660.0,62454.0,62454.0,382.0,382.0,0.651324108635144,13.9,0.9967435922298716,0.6535579039195348,0.9976881169904702,0.3087478559176672,0.5974841127996722,0.8673520626852871,0.0030007926622126,123756.0,2.0,0.6535579039195348,2.0,identity_features_drop,,,False,False,results_v2_seeds/binary/results.csv
entity,NF-CSE-CIC-IDS2018-v2,mlp,disjoint_ip,drop,binary,1,ok,,39.0,2.0,577526.0,123756.0,123756.0,0.0,0.0,0.0,99660.0,62454.0,62454.0,33.0,44.0,0.5838977591349876,359.6,0.9935922298716828,0.5925575228034146,0.995986437678238,0.1883316274309109,0.5536791201362044,0.8739634595714426,0.0061714415128524,123756.0,2.0,0.5925575228034146,2.0,identity_features_drop,,,False,False,results_v2_seeds/binary/results.csv
entity,NF-CSE-CIC-IDS2018-v2,transformer,disjoint_ip,drop,binary,1,ok,,39.0,2.0,577526.0,123756.0,123756.0,0.0,0.0,0.0,99660.0,62454.0,62454.0,11.0,22.0,0.5876810722613243,341.3,0.9941255373476842,0.5995138842944681,0.996268123310373,0.2019758507135016,0.5581796637083473,0.874230376438971,0.0056376077777957,123756.0,2.0,0.5995138842944681,2.0,identity_features_drop,,,False,False,results_v2_seeds/binary/results.csv
entity,NF-CSE-CIC-IDS2018-v2,autoencoder,disjoint_ip,drop,binary,1,ok,,39.0,2.0,577526.0,123756.0,123756.0,0.0,0.0,0.0,99660.0,62454.0,62454.0,15.0,26.0,0.5860033291129956,278.1,0.993939687772714,0.5961186803715167,0.996168086563602,0.1952789699570815,0.5560467678974991,0.8700430434940571,0.0058155523561479,123756.0,2.0,0.5961186803715167,2.0,identity_features_drop,,,False,False,results_v2_seeds/binary/results.csv
entity,NF-ToN-IoT-v2,xgboost,random,keep,binary,1,ok,,43.0,2.0,386470.0,82815.0,82816.0,0.0,0.0,0.0,16136.0,3711.0,3656.0,310.0,310.0,0.9957689595046206,6.4,0.9959790378670788,0.9957820067041931,0.9959812724794072,0.9948703729377512,0.995237831931958,0.9963399591588512,0.0053112427911769,82816.0,2.0,0.9957820067041931,2.0,identity_features_keep,,,False,False,results_v2_seeds/binary/results.csv
entity,NF-ToN-IoT-v2,mlp,random,keep,binary,1,ok,,43.0,2.0,386470.0,82815.0,82816.0,0.0,0.0,0.0,16136.0,3711.0,3656.0,61.0,72.0,0.9905176817880348,377.6,0.990823029366306,0.9903812675400518,0.990831840707668,0.988319911477224,0.9894602985163397,0.9913437882810818,0.0110386650547969,82816.0,2.0,0.9903812675400518,2.0,identity_features_keep,,,False,False,results_v2_seeds/binary/results.csv
entity,NF-ToN-IoT-v2,transformer,random,keep,binary,1,ok,,43.0,2.0,386470.0,82815.0,82816.0,0.0,0.0,0.0,16136.0,3711.0,3656.0,35.0,46.0,0.9901238780529034,471.7,0.9903158809891808,0.9898463956557648,0.9903236319262892,0.987663056854541,0.9890765746992842,0.9906448866470118,0.0108603024237499,82816.0,2.0,0.9898463956557648,2.0,identity_features_keep,,,False,False,results_v2_seeds/binary/results.csv
entity,NF-ToN-IoT-v2,autoencoder,random,keep,binary,1,ok,,43.0,2.0,386470.0,82815.0,82816.0,0.0,0.0,0.0,16136.0,3711.0,3656.0,48.0,59.0,0.9896630866939232,325.3,0.9894947836166924,0.9889826083007902,0.9895018397954398,0.9866071428571428,0.9883357401105924,0.9896495450988532,0.0110584831249132,82816.0,2.0,0.9889826083007902,2.0,identity_features_keep,,,False,False,results_v2_seeds/binary/results.csv
entity,NF-ToN-IoT-v2,xgboost,random,drop,binary,1,ok,,39.0,2.0,386470.0,82815.0,82816.0,0.0,0.0,0.0,16136.0,3711.0,3656.0,484.0,484.0,0.993299805207574,7.4,0.993938369397218,0.9936418654094534,0.9939419836820164,0.9922688350890162,0.9930611016680108,0.994238477205682,0.0071345052418795,82816.0,2.0,0.9936418654094534,2.0,identity_features_drop,,,False,False,results_v2_seeds/binary/results.csv
entity,NF-ToN-IoT-v2,mlp,random,drop,binary,1,ok,,39.0,2.0,386470.0,82815.0,82816.0,0.0,0.0,0.0,16136.0,3711.0,3656.0,40.0,51.0,0.9844131988037492,281.9,0.9842663253477588,0.9835043661542116,0.9842792965054444,0.979959087623237,0.9827222263109826,0.9843167414209044,0.0159139103034146,82816.0,2.0,0.9835043661542116,2.0,identity_features_drop,,,False,False,results_v2_seeds/binary/results.csv
entity,NF-ToN-IoT-v2,transformer,random,drop,binary,1,ok,,39.0,2.0,386470.0,82815.0,82816.0,0.0,0.0,0.0,16136.0,3711.0,3656.0,42.0,53.0,0.985652343341393,550.3,0.9859930448222566,0.9853155868859036,0.9860050035467908,0.9821615304176662,0.9845031154929392,0.9861605884625612,0.0146059176757367,82816.0,2.0,0.9853155868859036,2.0,identity_features_drop,,,False,False,results_v2_seeds/binary/results.csv
entity,NF-ToN-IoT-v2,autoencoder,random,drop,binary,1,ok,,39.0,2.0,386470.0,82815.0,82816.0,0.0,0.0,0.0,16136.0,3711.0,3656.0,28.0,39.0,0.9823356836430436,238.4,0.9822135819165378,0.9813520083507278,0.9822281504038874,0.9773436899177111,0.9805783257639036,0.9821554582865076,0.0175786281931865,82816.0,2.0,0.9813520083507278,2.0,identity_features_drop,,,False,False,results_v2_seeds/binary/results.csv
entity,NF-ToN-IoT-v2,xgboost,temporal,keep,binary,1,skipped,dataset has no timestamp column,,,,,,,,,,,,,,,,,,,,,,,,,,,,,,,,results_v2_seeds/binary/results.csv
entity,NF-ToN-IoT-v2,mlp,temporal,keep,binary,1,skipped,dataset has no timestamp column,,,,,,,,,,,,,,,,,,,,,,,,,,,,,,,,results_v2_seeds/binary/results.csv
entity,NF-ToN-IoT-v2,transformer,temporal,keep,binary,1,skipped,dataset has no timestamp column,,,,,,,,,,,,,,,,,,,,,,,,,,,,,,,,results_v2_seeds/binary/results.csv
entity,NF-ToN-IoT-v2,autoencoder,temporal,keep,binary,1,skipped,dataset has no timestamp column,,,,,,,,,,,,,,,,,,,,,,,,,,,,,,,,results_v2_seeds/binary/results.csv
entity,NF-ToN-IoT-v2,xgboost,temporal,drop,binary,1,skipped,dataset has no timestamp column,,,,,,,,,,,,,,,,,,,,,,,,,,,,,,,,results_v2_seeds/binary/results.csv
entity,NF-ToN-IoT-v2,mlp,temporal,drop,binary,1,skipped,dataset has no timestamp column,,,,,,,,,,,,,,,,,,,,,,,,,,,,,,,,results_v2_seeds/binary/results.csv
entity,NF-ToN-IoT-v2,transformer,temporal,drop,binary,1,skipped,dataset has no timestamp column,,,,,,,,,,,,,,,,,,,,,,,,,,,,,,,,results_v2_seeds/binary/results.csv
entity,NF-ToN-IoT-v2,autoencoder,temporal,drop,binary,1,skipped,dataset has no timestamp column,,,,,,,,,,,,,,,,,,,,,,,,,,,,,,,,results_v2_seeds/binary/results.csv
entity,NF-ToN-IoT-v2,xgboost,disjoint_ip,keep,binary,1,ok,,43.0,2.0,386471.0,82815.0,82815.0,0.0,0.0,0.0,7709.0,7682.0,7688.0,-1.0,0.0,0.2033704367157436,3.2,0.4522972891384411,0.3604415009195843,0.3219343603876264,0.1180633871281353,0.6576026745477959,0.5257770386739018,0.0117143759510752,82815.0,2.0,0.3604415009195843,2.0,identity_features_keep,,,False,False,results_v2_seeds/binary/results.csv
entity,NF-ToN-IoT-v2,mlp,disjoint_ip,keep,binary,1,ok,,43.0,2.0,386471.0,82815.0,82815.0,0.0,0.0,0.0,7709.0,7682.0,7688.0,7.0,18.0,0.5719852595084138,97.1,0.6059651029402886,0.5840890227300172,0.5689348297469949,0.4887029550938548,0.7505910866883926,0.6590355505880396,0.0069195210887478,82815.0,2.0,0.5840890227300172,2.0,identity_features_keep,,,False,False,results_v2_seeds/binary/results.csv
entity,NF-ToN-IoT-v2,transformer,disjoint_ip,keep,binary,1,ok,,43.0,2.0,386471.0,82815.0,82815.0,0.0,0.0,0.0,7709.0,7682.0,7688.0,21.0,32.0,0.3520854660476477,319.8,0.5468453782527319,0.5070982072081369,0.4848609520551097,0.3671287395864953,0.7216895706307691,0.6072885478813621,0.0122598983605616,82815.0,2.0,0.5070982072081369,2.0,identity_features_keep,,,False,False,results_v2_seeds/binary/results.csv
entity,NF-ToN-IoT-v2,autoencoder,disjoint_ip,keep,binary,1,ok,,43.0,2.0,386471.0,82815.0,82815.0,0.0,0.0,0.0,7709.0,7682.0,7688.0,4.0,15.0,0.6398877593711874,112.5,0.7159331039062972,0.7115435128076387,0.7058902385236676,0.67595972396314,0.7970111329078404,0.7545772751076726,0.0021820896379453,82815.0,2.0,0.7115435128076387,2.0,identity_features_keep,,,False,True,results_v2_seeds/binary/results.csv
entity,NF-ToN-IoT-v2,xgboost,disjoint_ip,drop,binary,1,ok,,39.0,2.0,386471.0,82815.0,82815.0,0.0,0.0,0.0,7709.0,7682.0,7688.0,47.0,47.0,0.9548589277591648,3.1,0.948813620720884,0.9479246890469042,0.9490056201037018,0.9547284669194211,0.9453495842327286,0.9520875914121484,0.0273048321800798,82815.0,2.0,0.9479246890469042,2.0,identity_features_drop,,,False,False,results_v2_seeds/binary/results.csv
entity,NF-ToN-IoT-v2,mlp,disjoint_ip,drop,binary,1,ok,,39.0,2.0,386471.0,82815.0,82815.0,0.0,0.0,0.0,7709.0,7682.0,7688.0,11.0,22.0,0.91711434509528,119.6,0.9367264384471412,0.9356824425869504,0.9369842958266936,0.9438767859820492,0.9330917133108584,0.9402168361079531,0.0378133164891326,82815.0,2.0,0.9356824425869504,2.0,identity_features_drop,,,False,False,results_v2_seeds/binary/results.csv
entity,NF-ToN-IoT-v2,transformer,disjoint_ip,drop,binary,1,ok,,39.0,2.0,386471.0,82815.0,82815.0,0.0,0.0,0.0,7709.0,7682.0,7688.0,7.0,18.0,0.934327181941069,187.8,0.93422689126366,0.9329147636879054,0.934405323393846,0.9422968950284436,0.9309201528336686,0.9356234819424524,0.0555858623560825,82815.0,2.0,0.9329147636879054,2.0,identity_features_drop,,,False,False,results_v2_seeds/binary/results.csv
entity,NF-ToN-IoT-v2,autoencoder,disjoint_ip,drop,binary,1,ok,,39.0,2.0,386471.0,82815.0,82815.0,0.0,0.0,0.0,7709.0,7682.0,7688.0,31.0,42.0,0.9144106012179308,268.5,0.9404697216687798,0.9393652512934384,0.9406653780473408,0.947548727551281,0.937038025260817,0.942825033642555,0.042349765999598,82815.0,2.0,0.9393652512934384,2.0,identity_features_drop,,,False,False,results_v2_seeds/binary/results.csv
entity,NF-ToN-IoT-v3,xgboost,random,keep,binary,1,ok,,52.0,2.0,409983.0,87854.0,87853.0,0.0,0.0,0.0,10848.0,2570.0,2665.0,385.0,385.0,0.9742893961997784,9.0,0.9781453109171,0.9740782058387718,0.9782509651885104,0.9638104572699514,0.9696589454304074,0.9788308522021464,0.022856032891968,87853.0,2.0,0.9740782058387718,2.0,identity_features_keep,,,False,False,results_v2_seeds/binary/results.csv
entity,NF-ToN-IoT-v3,mlp,random,keep,binary,1,ok,,52.0,2.0,409983.0,87854.0,87853.0,0.0,0.0,0.0,10848.0,2570.0,2665.0,9.0,20.0,0.931340851696858,132.7,0.9392052633376208,0.9300852430670586,0.9403472059955138,0.9048340252659336,0.9165908784044884,0.9491925773127524,0.0753828223639483,87853.0,2.0,0.9300852430670586,2.0,identity_features_keep,,,False,False,results_v2_seeds/binary/results.csv
entity,NF-ToN-IoT-v3,transformer,random,keep,binary,1,ok,,52.0,2.0,409983.0,87854.0,87853.0,0.0,0.0,0.0,10848.0,2570.0,2665.0,14.0,25.0,0.9378954636484578,246.5,0.9458641139175668,0.9372274656853266,0.9466899584534756,0.9139434733832736,0.9255927678710936,0.952420126040022,0.0637120010359675,87853.0,2.0,0.9372274656853266,2.0,identity_features_keep,,,False,False,results_v2_seeds/binary/results.csv
entity,NF-ToN-IoT-v3,autoencoder,random,keep,binary,1,ok,,52.0,2.0,409983.0,87854.0,87853.0,0.0,0.0,0.0,10848.0,2570.0,2665.0,10.0,21.0,0.936801427155614,150.2,0.9458527312670028,0.9361787324942552,0.9462766970066926,0.9113310592928108,0.9297677329394888,0.9434467274293968,0.050632911392405,87853.0,2.0,0.9361787324942552,2.0,identity_features_keep,,,False,False,results_v2_seeds/binary/results.csv
entity,NF-ToN-IoT-v3,xgboost,random,drop,binary,1,ok,,48.0,2.0,409983.0,87854.0,87853.0,0.0,0.0,0.0,10848.0,2570.0,2665.0,533.0,533.0,0.9647523079865568,9.8,0.9696538535963484,0.9642757744209808,0.9699088181267382,0.9504147602574118,0.9569780106946592,0.9726047108275332,0.0346563501570138,87853.0,2.0,0.9642757744209808,2.0,identity_features_drop,,,False,False,results_v2_seeds/binary/results.csv
entity,NF-ToN-IoT-v3,mlp,random,drop,binary,1,ok,,48.0,2.0,409983.0,87854.0,87853.0,0.0,0.0,0.0,10848.0,2570.0,2665.0,43.0,54.0,0.9261646417186746,307.9,0.9343562541973524,0.9245302162423792,0.935597062712613,0.8972984524424341,0.911161408435572,0.9435505200369976,0.0790734565703001,87853.0,2.0,0.9245302162423792,2.0,identity_features_drop,,,False,False,results_v2_seeds/binary/results.csv
entity,NF-ToN-IoT-v3,transformer,random,drop,binary,1,ok,,48.0,2.0,409983.0,87854.0,87853.0,0.0,0.0,0.0,10848.0,2570.0,2665.0,13.0,24.0,0.9309924461030376,260.9,0.9413793495953467,0.9305132572382836,0.9416802384830442,0.9030350956469348,0.9262689898425902,0.9351128723772532,0.0494674479588202,87853.0,2.0,0.9305132572382836,2.0,identity_features_drop,,,False,False,results_v2_seeds/binary/results.csv
entity,NF-ToN-IoT-v3,autoencoder,random,drop,binary,1,ok,,48.0,2.0,409983.0,87854.0,87853.0,0.0,0.0,0.0,10848.0,2570.0,2665.0,29.0,40.0,0.93872237037983,257.9,0.9489943428226696,0.9387685034499116,0.948937662358206,0.91374564493465,0.9397516473188496,0.9378012592455582,0.0346563501570138,87853.0,2.0,0.9387685034499116,2.0,identity_features_drop,,,False,False,results_v2_seeds/binary/results.csv
entity,NF-ToN-IoT-v3,xgboost,temporal,keep,binary,1,ok,,52.0,2.0,409983.0,87854.0,87853.0,0.0,0.0,0.0,15157.0,129.0,221.0,37.0,37.0,0.94034417278261,3.9,0.74230817388137,0.5886715701924217,0.7570417444765125,0.3372852082784461,0.582438256514213,0.6038588373688349,0.1894283338105171,87853.0,2.0,0.5886715701924217,2.0,identity_features_keep,,,False,False,results_v2_seeds/binary/results.csv
entity,NF-ToN-IoT-v3,mlp,temporal,keep,binary,1,ok,,52.0,2.0,409983.0,87854.0,87853.0,0.0,0.0,0.0,15157.0,129.0,221.0,18.0,29.0,0.946475158583854,161.8,0.7648458219981105,0.6622858150451062,0.7869343334307328,0.4761784020893024,0.6476498567336558,0.7177039217199694,0.2119105075872223,87853.0,2.0,0.6622858150451062,2.0,identity_features_keep,,,False,False,results_v2_seeds/binary/results.csv
entity,NF-ToN-IoT-v3,transformer,temporal,keep,binary,1,ok,,52.0,2.0,409983.0,87854.0,87853.0,0.0,0.0,0.0,15157.0,129.0,221.0,5.0,16.0,0.9443510043882464,166.1,0.7353419917361957,0.5886770459829642,0.7531816604142623,0.343062187438194,0.5823499098184022,0.6082588787601659,0.2019987184206579,87853.0,2.0,0.5886770459829642,2.0,identity_features_keep,,,False,True,results_v2_seeds/binary/results.csv
entity,NF-ToN-IoT-v3,autoencoder,temporal,keep,binary,1,ok,,52.0,2.0,409983.0,87854.0,87853.0,0.0,0.0,0.0,15157.0,129.0,221.0,23.0,34.0,0.9445903597717946,231.7,0.7738494985942427,0.6963513157036725,0.7990949468116201,0.5429491603404647,0.6807514712612917,0.7897640686234042,0.233997300503088,87853.0,2.0,0.6963513157036725,2.0,identity_features_keep,,,False,False,results_v2_seeds/binary/results.csv
entity,NF-ToN-IoT-v3,xgboost,temporal,drop,binary,1,ok,,48.0,2.0,409983.0,87854.0,87853.0,0.0,0.0,0.0,15157.0,129.0,221.0,43.0,43.0,0.9434622311168924,3.6,0.666340364017165,0.4916736464280633,0.6912457527168576,0.1937010039884472,0.4973611164007721,0.4964232216683396,0.2498807040506087,87853.0,2.0,0.4916736464280633,2.0,identity_features_drop,,,False,False,results_v2_seeds/binary/results.csv
entity,NF-ToN-IoT-v3,mlp,temporal,drop,binary,1,ok,,48.0,2.0,409983.0,87854.0,87853.0,0.0,0.0,0.0,15157.0,129.0,221.0,22.0,33.0,0.939641983811252,192.9,0.5106598522531957,0.4631737972932071,0.5701096524694744,0.3035124100835979,0.5359552030925383,0.5648394869441166,0.5160538263323653,87853.0,2.0,0.4631737972932071,2.0,identity_features_drop,,,False,False,results_v2_seeds/binary/results.csv
entity,NF-ToN-IoT-v3,transformer,temporal,drop,binary,1,ok,,48.0,2.0,409983.0,87854.0,87853.0,0.0,0.0,0.0,15157.0,129.0,221.0,25.0,36.0,0.9404587844121431,397.9,0.599194108340068,0.4693056068983783,0.6451510228459767,0.2067582788916422,0.4912431194243069,0.4857421534967275,0.3448675474116187,87853.0,2.0,0.4693056068983783,2.0,identity_features_drop,,,False,False,results_v2_seeds/binary/results.csv
entity,NF-ToN-IoT-v3,autoencoder,temporal,drop,binary,1,ok,,48.0,2.0,409983.0,87854.0,87853.0,0.0,0.0,0.0,15157.0,129.0,221.0,34.0,45.0,0.9360543228524406,288.9,0.3324758403241779,0.2987626627134116,0.4017433554297642,0.1450065607231374,0.4048246126586793,0.3366264941275471,0.6695706709204193,87853.0,2.0,0.2987626627134116,2.0,identity_features_drop,,,False,False,results_v2_seeds/binary/results.csv
entity,NF-ToN-IoT-v3,xgboost,disjoint_ip,keep,binary,1,ok,,52.0,2.0,409983.0,87853.0,87854.0,0.0,0.0,0.0,5098.0,5086.0,5086.0,6.0,6.0,0.4978246335982283,4.3,0.4577480820452114,0.4180158786145297,0.3821833333990225,0.2659517095795004,0.6107492514860808,0.5498489850515244,0.0592983083154634,87854.0,2.0,0.4180158786145297,2.0,identity_features_keep,,,False,False,results_v2_seeds/binary/results.csv
entity,NF-ToN-IoT-v3,mlp,disjoint_ip,keep,binary,1,ok,,52.0,2.0,409983.0,87853.0,87854.0,0.0,0.0,0.0,5098.0,5086.0,5086.0,4.0,15.0,0.8201772893954797,86.0,0.833530630364013,0.8255426750790371,0.8343392414022228,0.8628730556102501,0.8228112030505659,0.8291479934401372,0.1894507981891827,87854.0,2.0,0.8255426750790371,2.0,identity_features_keep,,,False,True,results_v2_seeds/binary/results.csv
entity,NF-ToN-IoT-v3,transformer,disjoint_ip,keep,binary,1,ok,,52.0,2.0,409983.0,87853.0,87854.0,0.0,0.0,0.0,5098.0,5086.0,5086.0,6.0,17.0,0.450050833986921,195.4,0.570787898103672,0.5675138087866478,0.5586466977137757,0.529884054357312,0.6430624392478199,0.6260531841770158,0.1394150583750298,87854.0,2.0,0.5675138087866478,2.0,identity_features_keep,,,False,False,results_v2_seeds/binary/results.csv
entity,NF-ToN-IoT-v3,autoencoder,disjoint_ip,keep,binary,1,ok,,52.0,2.0,409983.0,87853.0,87854.0,0.0,0.0,0.0,5098.0,5086.0,5086.0,4.0,15.0,0.7948860987254436,125.6,0.7861565779588864,0.7795748672098857,0.7885502032171193,0.8176639006162955,0.7765450771262992,0.7892634415954229,0.1975518227305218,87854.0,2.0,0.7795748672098857,2.0,identity_features_keep,,,False,True,results_v2_seeds/binary/results.csv
entity,NF-ToN-IoT-v3,xgboost,disjoint_ip,drop,binary,1,ok,,48.0,2.0,409983.0,87853.0,87854.0,0.0,0.0,0.0,5098.0,5086.0,5086.0,31.0,31.0,0.8090241354537847,4.0,0.8819518747012088,0.8663380784114358,0.8771029503863544,0.9120214453559098,0.9117992076396556,0.8485298393625356,0.2933047414820109,87854.0,2.0,0.8663380784114358,2.0,identity_features_drop,,,False,False,results_v2_seeds/binary/results.csv
entity,NF-ToN-IoT-v3,mlp,disjoint_ip,drop,binary,1,ok,,48.0,2.0,409983.0,87853.0,87854.0,0.0,0.0,0.0,5098.0,5086.0,5086.0,6.0,17.0,0.8233993115162282,99.5,0.877182598401894,0.8611149741374421,0.8722464900173258,0.908354284161174,0.9048273100252175,0.8438919540647363,0.2973850369311412,87854.0,2.0,0.8611149741374421,2.0,identity_features_drop,,,False,False,results_v2_seeds/binary/results.csv
entity,NF-ToN-IoT-v3,transformer,disjoint_ip,drop,binary,1,ok,,48.0,2.0,409983.0,87853.0,87854.0,0.0,0.0,0.0,5098.0,5086.0,5086.0,29.0,40.0,0.7994115571922351,444.7,0.9017233136795136,0.8913668678788742,0.8992706922895812,0.9249086797703948,0.917635512495358,0.8777021466047817,0.2242375506314033,87854.0,2.0,0.8913668678788742,2.0,identity_features_drop,,,False,False,results_v2_seeds/binary/results.csv
entity,NF-ToN-IoT-v3,autoencoder,disjoint_ip,drop,binary,1,ok,,48.0,2.0,409983.0,87853.0,87854.0,0.0,0.0,0.0,5098.0,5086.0,5086.0,5.0,16.0,0.8003832621565936,129.5,0.8988549183873245,0.8881213244484629,0.8962870918202958,0.9227747553577946,0.9147352285327056,0.8744208856894592,0.2292709077912794,87854.0,2.0,0.8881213244484629,2.0,identity_features_drop,,,False,True,results_v2_seeds/binary/results.csv
entity,NF-UNSW-NB15-v2,xgboost,random,keep,binary,1,ok,,43.0,2.0,608758.0,130448.0,130448.0,0.0,0.0,0.0,40.0,38.0,38.0,422.0,422.0,0.9828949378281676,12.3,0.9931850239175763,0.9828676516832922,0.9932564692054452,0.9695725091556284,0.973020402974068,0.9932824844153249,0.006842241156726,130448.0,2.0,0.9828676516832922,2.0,identity_features_keep,,,False,False,results_v2_seeds/binary/results.csv
entity,NF-UNSW-NB15-v2,mlp,random,keep,binary,1,ok,,43.0,2.0,608758.0,130448.0,130448.0,0.0,0.0,0.0,40.0,38.0,38.0,13.0,24.0,0.9713051116560374,187.6,0.9885011652152582,0.9717485068458096,0.9887479889159986,0.949993332444326,0.9526187577354616,0.993237408155952,0.0128238230484551,130448.0,2.0,0.9717485068458096,2.0,identity_features_keep,,,False,False,results_v2_seeds/binary/results.csv
entity,NF-UNSW-NB15-v2,transformer,random,keep,binary,1,ok,,43.0,2.0,608758.0,130448.0,130448.0,0.0,0.0,0.0,40.0,38.0,38.0,36.0,47.0,0.9742687867597712,752.8,0.989643382803876,0.974414421960194,0.9898387364713592,0.9546750763243532,0.957390834572761,0.9932633045952336,0.0113693088906102,130448.0,2.0,0.974414421960194,2.0,identity_features_keep,,,False,False,results_v2_seeds/binary/results.csv
entity,NF-UNSW-NB15-v2,autoencoder,random,keep,binary,1,ok,,43.0,2.0,608758.0,130448.0,130448.0,0.0,0.0,0.0,40.0,38.0,38.0,29.0,40.0,0.972133757586182,386.0,0.9889534527167914,0.9728021197062872,0.9891795151445036,0.9518430638639174,0.9544743034302569,0.9932759494895268,0.0122557879335571,130448.0,2.0,0.9728021197062872,2.0,identity_features_keep,,,False,False,results_v2_seeds/binary/results.csv
entity,NF-UNSW-NB15-v2,xgboost,random,drop,binary,1,ok,,39.0,2.0,608758.0,130448.0,130448.0,0.0,0.0,0.0,40.0,38.0,38.0,469.0,469.0,0.977728336463188,11.7,0.9911612289954618,0.9779720904507344,0.9912909787906342,0.9609271747602426,0.9644747476219272,0.9925771204847276,0.0092348739134176,130448.0,2.0,0.9779720904507344,2.0,identity_features_drop,,,False,False,results_v2_seeds/binary/results.csv
entity,NF-UNSW-NB15-v2,mlp,random,drop,binary,1,ok,,39.0,2.0,608758.0,130448.0,130448.0,0.0,0.0,0.0,40.0,38.0,38.0,13.0,24.0,0.9711788536568312,203.4,0.9885241628848276,0.9717878227323528,0.9887671965384706,0.9500583819849876,0.9528980463812644,0.9929734354240134,0.0127205439366554,130448.0,2.0,0.9717878227323528,2.0,identity_features_drop,,,False,False,results_v2_seeds/binary/results.csv
entity,NF-UNSW-NB15-v2,transformer,random,drop,binary,1,ok,,39.0,2.0,608758.0,130448.0,130448.0,0.0,0.0,0.0,40.0,38.0,38.0,23.0,34.0,0.9718483944259892,531.2,0.9888307984790876,0.9725304899385924,0.9890651964195276,0.95137011448216,0.95377249227302,0.9935455088405546,0.0124881659351062,130448.0,2.0,0.9725304899385924,2.0,identity_features_drop,,,False,False,results_v2_seeds/binary/results.csv
entity,NF-UNSW-NB15-v2,autoencoder,random,drop,binary,1,ok,,39.0,2.0,608758.0,130448.0,130448.0,0.0,0.0,0.0,40.0,38.0,38.0,25.0,36.0,0.9715930046820108,373.0,0.9886621489022446,0.9721270473087174,0.9889022603075472,0.9506588824020016,0.953223582743939,0.9933277773787768,0.0126430846028057,130448.0,2.0,0.9721270473087174,2.0,identity_features_drop,,,False,False,results_v2_seeds/binary/results.csv
entity,NF-UNSW-NB15-v2,xgboost,temporal,keep,binary,1,skipped,dataset has no timestamp column,,,,,,,,,,,,,,,,,,,,,,,,,,,,,,,,results_v2_seeds/binary/results.csv
entity,NF-UNSW-NB15-v2,mlp,temporal,keep,binary,1,skipped,dataset has no timestamp column,,,,,,,,,,,,,,,,,,,,,,,,,,,,,,,,results_v2_seeds/binary/results.csv
entity,NF-UNSW-NB15-v2,transformer,temporal,keep,binary,1,skipped,dataset has no timestamp column,,,,,,,,,,,,,,,,,,,,,,,,,,,,,,,,results_v2_seeds/binary/results.csv
entity,NF-UNSW-NB15-v2,autoencoder,temporal,keep,binary,1,skipped,dataset has no timestamp column,,,,,,,,,,,,,,,,,,,,,,,,,,,,,,,,results_v2_seeds/binary/results.csv
entity,NF-UNSW-NB15-v2,xgboost,temporal,drop,binary,1,skipped,dataset has no timestamp column,,,,,,,,,,,,,,,,,,,,,,,,,,,,,,,,results_v2_seeds/binary/results.csv
entity,NF-UNSW-NB15-v2,mlp,temporal,drop,binary,1,skipped,dataset has no timestamp column,,,,,,,,,,,,,,,,,,,,,,,,,,,,,,,,results_v2_seeds/binary/results.csv
entity,NF-UNSW-NB15-v2,transformer,temporal,drop,binary,1,skipped,dataset has no timestamp column,,,,,,,,,,,,,,,,,,,,,,,,,,,,,,,,results_v2_seeds/binary/results.csv
entity,NF-UNSW-NB15-v2,autoencoder,temporal,drop,binary,1,skipped,dataset has no timestamp column,,,,,,,,,,,,,,,,,,,,,,,,,,,,,,,,results_v2_seeds/binary/results.csv
entity,NF-UNSW-NB15-v2,xgboost,disjoint_ip,keep,binary,1,skipped,"no entity-disjoint partition over 40 entities gives every split >= 3 entities, >= 5% of rows and >= 2 classes",,,,,,,,,,,,,,,,,,,,,,,,,,,,,,,,results_v2_seeds/binary/results.csv
entity,NF-UNSW-NB15-v2,mlp,disjoint_ip,keep,binary,1,skipped,"no entity-disjoint partition over 40 entities gives every split >= 3 entities, >= 5% of rows and >= 2 classes",,,,,,,,,,,,,,,,,,,,,,,,,,,,,,,,results_v2_seeds/binary/results.csv
entity,NF-UNSW-NB15-v2,transformer,disjoint_ip,keep,binary,1,skipped,"no entity-disjoint partition over 40 entities gives every split >= 3 entities, >= 5% of rows and >= 2 classes",,,,,,,,,,,,,,,,,,,,,,,,,,,,,,,,results_v2_seeds/binary/results.csv
entity,NF-UNSW-NB15-v2,autoencoder,disjoint_ip,keep,binary,1,skipped,"no entity-disjoint partition over 40 entities gives every split >= 3 entities, >= 5% of rows and >= 2 classes",,,,,,,,,,,,,,,,,,,,,,,,,,,,,,,,results_v2_seeds/binary/results.csv
entity,NF-UNSW-NB15-v2,xgboost,disjoint_ip,drop,binary,1,skipped,"no entity-disjoint partition over 40 entities gives every split >= 3 entities, >= 5% of rows and >= 2 classes",,,,,,,,,,,,,,,,,,,,,,,,,,,,,,,,results_v2_seeds/binary/results.csv
entity,NF-UNSW-NB15-v2,mlp,disjoint_ip,drop,binary,1,skipped,"no entity-disjoint partition over 40 entities gives every split >= 3 entities, >= 5% of rows and >= 2 classes",,,,,,,,,,,,,,,,,,,,,,,,,,,,,,,,results_v2_seeds/binary/results.csv
entity,NF-UNSW-NB15-v2,transformer,disjoint_ip,drop,binary,1,skipped,"no entity-disjoint partition over 40 entities gives every split >= 3 entities, >= 5% of rows and >= 2 classes",,,,,,,,,,,,,,,,,,,,,,,,,,,,,,,,results_v2_seeds/binary/results.csv
entity,NF-UNSW-NB15-v2,autoencoder,disjoint_ip,drop,binary,1,skipped,"no entity-disjoint partition over 40 entities gives every split >= 3 entities, >= 5% of rows and >= 2 classes",,,,,,,,,,,,,,,,,,,,,,,,,,,,,,,,results_v2_seeds/binary/results.csv
entity,NF-UNSW-NB15-v3,xgboost,random,keep,binary,1,ok,,52.0,2.0,595896.0,127692.0,127692.0,0.0,0.0,0.0,40.0,39.0,39.0,379.0,379.0,1.0,9.9,0.999992168655828,0.9999846448853305,0.9999921687400024,0.9999738964734136,0.9999738971547898,0.9999953933184692,9.213363061784812e-06,127692.0,2.0,0.9999846448853305,2.0,identity_features_keep,,,False,False,results_v2_seeds/binary/results.csv
entity,NF-UNSW-NB15-v3,mlp,random,keep,binary,1,ok,,52.0,2.0,595896.0,127692.0,127692.0,0.0,0.0,0.0,40.0,39.0,39.0,13.0,24.0,0.999677667303708,196.0,0.999827710428218,0.9996623108726784,0.9998277437428116,0.9994259771434536,0.9994691911174984,0.9998556579533856,0.0001842672612356,127692.0,2.0,0.9996623108726784,2.0,identity_features_keep,,,False,False,results_v2_seeds/binary/results.csv
entity,NF-UNSW-NB15-v3,transformer,random,keep,binary,1,ok,,52.0,2.0,595896.0,127692.0,127692.0,0.0,0.0,0.0,40.0,39.0,39.0,15.0,26.0,0.9999232310276612,410.1,0.9999451805907966,0.9998925280586808,0.999945184714539,0.9998173039279656,0.9998173372997234,0.9999677532292838,6.44935414324937e-05,127692.0,2.0,0.9998925280586808,2.0,identity_features_keep,,,False,False,results_v2_seeds/binary/results.csv
entity,NF-UNSW-NB15-v3,autoencoder,random,keep,binary,1,ok,,52.0,2.0,595896.0,127692.0,127692.0,0.0,0.0,0.0,40.0,39.0,39.0,20.0,31.0,0.9998311300382832,299.2,0.9999138552141088,0.9998311300382832,0.9999138653958968,0.9997129361413398,0.9997130185233498,0.9999493265031604,0.0001013469936796,127692.0,2.0,0.9998311300382832,2.0,identity_features_keep,,,False,False,results_v2_seeds/binary/results.csv
entity,NF-UNSW-NB15-v3,xgboost,random,drop,binary,1,ok,,48.0,2.0,595896.0,127692.0,127692.0,0.0,0.0,0.0,40.0,39.0,39.0,436.0,436.0,0.9999846448853305,10.3,0.9999765059674842,0.9999539366364014,0.9999765067250054,0.999921693508392,0.9999216996398184,0.9999861799554072,2.764008918535444e-05,127692.0,2.0,0.9999539366364014,2.0,identity_features_drop,,,False,False,results_v2_seeds/binary/results.csv
entity,NF-UNSW-NB15-v3,mlp,random,drop,binary,1,ok,,48.0,2.0,595896.0,127692.0,127692.0,0.0,0.0,0.0,40.0,39.0,39.0,14.0,25.0,0.9995856434613286,214.5,0.9997807223631864,0.9995702692323905,0.9997807788859612,0.9992695398100804,0.9993129245512504,0.9998280178642,0.0002395474396064,127692.0,2.0,0.9995702692323905,2.0,identity_features_drop,,,False,False,results_v2_seeds/binary/results.csv
entity,NF-UNSW-NB15-v3,transformer,random,drop,binary,1,ok,,48.0,2.0,595896.0,127692.0,127692.0,0.0,0.0,0.0,40.0,39.0,39.0,5.0,16.0,0.9995549695014116,255.3,0.9997728910190145,0.9995549312652982,0.999772951997694,0.9992434716823624,0.9992868896292674,0.9998234111826692,0.0002487608026681,127692.0,2.0,0.9995549312652982,2.0,identity_features_drop,,,False,True,results_v2_seeds/binary/results.csv
entity,NF-UNSW-NB15-v3,autoencoder,random,drop,binary,1,ok,,48.0,2.0,595896.0,127692.0,127692.0,0.0,0.0,0.0,40.0,39.0,39.0,24.0,35.0,0.9997390415813484,345.1,0.9998590358049056,0.9997236732735454,0.9998590539800654,0.9995302713987474,0.9995948604684036,0.9998525871530416,0.0001382004459267,127692.0,2.0,0.9997236732735454,2.0,identity_features_drop,,,False,False,results_v2_seeds/binary/results.csv
entity,NF-UNSW-NB15-v3,xgboost,temporal,keep,binary,1,ok,,52.0,2.0,595896.0,127692.0,127692.0,0.0,0.0,0.0,40.0,38.0,38.0,126.0,126.0,0.9999886806373652,6.1,1.0,1.0,1.0,1.0,1.0,1.0,0.0,127692.0,2.0,1.0,2.0,identity_features_keep,,,False,False,results_v2_seeds/binary/results.csv
entity,NF-UNSW-NB15-v3,mlp,temporal,keep,binary,1,ok,,52.0,2.0,595896.0,127692.0,127692.0,0.0,0.0,0.0,40.0,38.0,38.0,8.0,19.0,0.99969447701746,159.6,0.9997337342981548,0.9996232193789872,0.99973376945531,0.9994191608582752,0.9994913578154008,0.9997552346025116,0.0002844516686138,127692.0,2.0,0.9996232193789872,2.0,identity_features_keep,,,False,False,results_v2_seeds/binary/results.csv
entity,NF-UNSW-NB15-v3,transformer,temporal,keep,binary,1,ok,,52.0,2.0,595896.0,127692.0,127692.0,0.0,0.0,0.0,40.0,38.0,38.0,9.0,20.0,0.9996379032346304,345.9,0.9997493969864988,0.9996454169926934,0.99974944209843,0.999453402569008,0.999465673899836,0.999825445756249,0.0003149286331081,127692.0,2.0,0.9996454169926934,2.0,identity_features_keep,,,False,False,results_v2_seeds/binary/results.csv
entity,NF-UNSW-NB15-v3,autoencoder,temporal,keep,binary,1,ok,,52.0,2.0,595896.0,127692.0,127692.0,0.0,0.0,0.0,40.0,38.0,38.0,7.0,18.0,0.99967184568542,215.2,0.9997180716098112,0.9996010462352698,0.999718105452714,0.9993849728363002,0.9994811647177702,0.999721054748118,0.0002844516686138,127692.0,2.0,0.9996010462352698,2.0,identity_features_keep,,,False,False,results_v2_seeds/binary/results.csv
entity,NF-UNSW-NB15-v3,xgboost,temporal,drop,binary,1,ok,,48.0,2.0,595896.0,127692.0,127692.0,0.0,0.0,0.0,40.0,38.0,38.0,387.0,387.0,0.9999773615592252,10.2,0.999984337311656,0.9999778311112288,0.999984337499762,0.9999658213138288,0.9999658224819714,0.9999898410118352,2.0317976329557577e-05,127692.0,2.0,0.9999778311112288,2.0,identity_features_drop,,,False,False,results_v2_seeds/binary/results.csv
entity,NF-UNSW-NB15-v3,mlp,temporal,drop,binary,1,ok,,48.0,2.0,595896.0,127692.0,127692.0,0.0,0.0,0.0,40.0,38.0,38.0,10.0,21.0,0.999649187918742,189.5,0.9997415656423267,0.9996342967722288,0.9997415982152592,0.9994362347313572,0.9995084194627288,0.999760314096594,0.000274292680449,127692.0,2.0,0.9996342967722288,2.0,identity_features_drop,,,False,False,results_v2_seeds/binary/results.csv
entity,NF-UNSW-NB15-v3,transformer,temporal,drop,binary,1,ok,,48.0,2.0,595896.0,127692.0,127692.0,0.0,0.0,0.0,40.0,38.0,38.0,11.0,22.0,0.9996831653303015,382.8,0.9997807223631864,0.9996897324215176,0.9997807592065466,0.9995217109084076,0.9995219395595014,0.9998577741656932,0.0002844516686138,127692.0,2.0,0.9996897324215176,2.0,identity_features_drop,,,False,False,results_v2_seeds/binary/results.csv
entity,NF-UNSW-NB15-v3,autoencoder,temporal,drop,binary,1,ok,,48.0,2.0,595896.0,127692.0,127692.0,0.0,0.0,0.0,40.0,38.0,38.0,7.0,18.0,0.9996152625236558,219.2,0.9997180716098112,0.9996010558130451,0.9997181088350342,0.9993849938499384,0.9994692000998432,0.9997330651812324,0.0002946106567785,127692.0,2.0,0.9996010558130451,2.0,identity_features_drop,,,False,False,results_v2_seeds/binary/results.csv
entity,NF-UNSW-NB15-v3,xgboost,disjoint_ip,keep,binary,1,skipped,"no entity-disjoint partition over 40 entities gives every split >= 3 entities, >= 5% of rows and >= 2 classes",,,,,,,,,,,,,,,,,,,,,,,,,,,,,,,,results_v2_seeds/binary/results.csv
entity,NF-UNSW-NB15-v3,mlp,disjoint_ip,keep,binary,1,skipped,"no entity-disjoint partition over 40 entities gives every split >= 3 entities, >= 5% of rows and >= 2 classes",,,,,,,,,,,,,,,,,,,,,,,,,,,,,,,,results_v2_seeds/binary/results.csv
entity,NF-UNSW-NB15-v3,transformer,disjoint_ip,keep,binary,1,skipped,"no entity-disjoint partition over 40 entities gives every split >= 3 entities, >= 5% of rows and >= 2 classes",,,,,,,,,,,,,,,,,,,,,,,,,,,,,,,,results_v2_seeds/binary/results.csv
entity,NF-UNSW-NB15-v3,autoencoder,disjoint_ip,keep,binary,1,skipped,"no entity-disjoint partition over 40 entities gives every split >= 3 entities, >= 5% of rows and >= 2 classes",,,,,,,,,,,,,,,,,,,,,,,,,,,,,,,,results_v2_seeds/binary/results.csv
entity,NF-UNSW-NB15-v3,xgboost,disjoint_ip,drop,binary,1,skipped,"no entity-disjoint partition over 40 entities gives every split >= 3 entities, >= 5% of rows and >= 2 classes",,,,,,,,,,,,,,,,,,,,,,,,,,,,,,,,results_v2_seeds/binary/results.csv
entity,NF-UNSW-NB15-v3,mlp,disjoint_ip,drop,binary,1,skipped,"no entity-disjoint partition over 40 entities gives every split >= 3 entities, >= 5% of rows and >= 2 classes",,,,,,,,,,,,,,,,,,,,,,,,,,,,,,,,results_v2_seeds/binary/results.csv
entity,NF-UNSW-NB15-v3,transformer,disjoint_ip,drop,binary,1,skipped,"no entity-disjoint partition over 40 entities gives every split >= 3 entities, >= 5% of rows and >= 2 classes",,,,,,,,,,,,,,,,,,,,,,,,,,,,,,,,results_v2_seeds/binary/results.csv
entity,NF-UNSW-NB15-v3,autoencoder,disjoint_ip,drop,binary,1,skipped,"no entity-disjoint partition over 40 entities gives every split >= 3 entities, >= 5% of rows and >= 2 classes",,,,,,,,,,,,,,,,,,,,,,,,,,,,,,,,results_v2_seeds/binary/results.csv
entity,NF-BoT-IoT-v2,xgboost,random,keep,binary,2,ok,,43.0,2.0,674497.0,144536.0,144534.0,0.0,0.0,0.0,19.0,13.0,14.0,599.0,599.0,0.9987383417773256,16.1,0.999557197614402,0.9990822768745412,0.999557425998777,0.9997424630192993,0.998568231050548,0.9995978804261868,0.0003455936805726,144534.0,2.0,0.9990822768745412,2.0,identity_features_keep,,,False,False,results_v2_seeds/binary/results.csv
entity,NF-BoT-IoT-v2,mlp,random,keep,binary,2,ok,,43.0,2.0,674497.0,144536.0,144534.0,0.0,0.0,0.0,19.0,13.0,14.0,20.0,31.0,0.9883234964174756,305.0,0.9945134016909516,0.9887971939288884,0.9945566429592426,0.9967995415232244,0.9812696803467014,0.9966856254175988,0.0002962231547765,144534.0,2.0,0.9887971939288884,2.0,identity_features_keep,,,False,False,results_v2_seeds/binary/results.csv
entity,NF-BoT-IoT-v2,transformer,random,keep,binary,2,ok,,43.0,2.0,674497.0,144536.0,144534.0,0.0,0.0,0.0,19.0,13.0,14.0,19.0,30.0,0.9882775929796008,583.9,0.994617183500076,0.98900577212604,0.9946588106971216,0.9968602699037904,0.9816131212675936,0.996745973505369,0.0002962231547765,144534.0,2.0,0.98900577212604,2.0,identity_features_keep,,,False,False,results_v2_seeds/binary/results.csv
entity,NF-BoT-IoT-v2,autoencoder,random,keep,binary,2,ok,,43.0,2.0,674497.0,144536.0,144534.0,0.0,0.0,0.0,19.0,13.0,14.0,63.0,74.0,0.990229224401392,724.7,0.9955304634203715,0.9908433636089604,0.9955583844079532,0.9973945519516662,0.9848226822391858,0.997091078164327,0.0007405578869414,144534.0,2.0,0.9908433636089604,2.0,identity_features_keep,,,False,False,results_v2_seeds/binary/results.csv
entity,NF-BoT-IoT-v2,xgboost,random,drop,binary,2,ok,,39.0,2.0,674497.0,144536.0,144534.0,0.0,0.0,0.0,19.0,13.0,14.0,599.0,599.0,0.9947827391642166,14.5,0.9978620947320354,0.9955901109795626,0.9978682486646808,0.9987554223709808,0.9927610387114768,0.9984675605932788,0.0006911873611453,144534.0,2.0,0.9955901109795626,2.0,identity_features_drop,,,False,False,results_v2_seeds/binary/results.csv
entity,NF-BoT-IoT-v2,mlp,random,drop,binary,2,ok,,39.0,2.0,674497.0,144536.0,144534.0,0.0,0.0,0.0,19.0,13.0,14.0,33.0,44.0,0.9870054927711304,469.7,0.9938976296234796,0.9875561996472284,0.9939496256862052,0.996439413512466,0.9794541225827972,0.9960796154122682,0.0008886694643297,144534.0,2.0,0.9875561996472284,2.0,identity_features_drop,,,False,False,results_v2_seeds/binary/results.csv
entity,NF-BoT-IoT-v2,transformer,random,drop,binary,2,ok,,39.0,2.0,674497.0,144536.0,144534.0,0.0,0.0,0.0,19.0,13.0,14.0,12.0,23.0,0.9863792138738532,452.2,0.9935309338979064,0.9868214473925808,0.993589161849523,0.9962247085757664,0.9782877465404668,0.9958250613880532,0.0009874105159219,144534.0,2.0,0.9868214473925808,2.0,identity_features_drop,,,False,False,results_v2_seeds/binary/results.csv
entity,NF-BoT-IoT-v2,autoencoder,random,drop,binary,2,ok,,39.0,2.0,674497.0,144536.0,144534.0,0.0,0.0,0.0,19.0,13.0,14.0,24.0,35.0,0.9870188033443223,365.5,0.99382844175073,0.987417647858842,0.9938816330462038,0.9963988986766356,0.9792269710938656,0.9960393833537546,0.0008886694643297,144534.0,2.0,0.987417647858842,2.0,identity_features_drop,,,False,False,results_v2_seeds/binary/results.csv
entity,NF-BoT-IoT-v2,xgboost,temporal,keep,binary,2,skipped,dataset has no timestamp column,,,,,,,,,,,,,,,,,,,,,,,,,,,,,,,,results_v2_seeds/binary/results.csv
entity,NF-BoT-IoT-v2,mlp,temporal,keep,binary,2,skipped,dataset has no timestamp column,,,,,,,,,,,,,,,,,,,,,,,,,,,,,,,,results_v2_seeds/binary/results.csv
entity,NF-BoT-IoT-v2,transformer,temporal,keep,binary,2,skipped,dataset has no timestamp column,,,,,,,,,,,,,,,,,,,,,,,,,,,,,,,,results_v2_seeds/binary/results.csv
entity,NF-BoT-IoT-v2,autoencoder,temporal,keep,binary,2,skipped,dataset has no timestamp column,,,,,,,,,,,,,,,,,,,,,,,,,,,,,,,,results_v2_seeds/binary/results.csv
entity,NF-BoT-IoT-v2,xgboost,temporal,drop,binary,2,skipped,dataset has no timestamp column,,,,,,,,,,,,,,,,,,,,,,,,,,,,,,,,results_v2_seeds/binary/results.csv
entity,NF-BoT-IoT-v2,mlp,temporal,drop,binary,2,skipped,dataset has no timestamp column,,,,,,,,,,,,,,,,,,,,,,,,,,,,,,,,results_v2_seeds/binary/results.csv
entity,NF-BoT-IoT-v2,transformer,temporal,drop,binary,2,skipped,dataset has no timestamp column,,,,,,,,,,,,,,,,,,,,,,,,,,,,,,,,results_v2_seeds/binary/results.csv
entity,NF-BoT-IoT-v2,autoencoder,temporal,drop,binary,2,skipped,dataset has no timestamp column,,,,,,,,,,,,,,,,,,,,,,,,,,,,,,,,results_v2_seeds/binary/results.csv
entity,NF-BoT-IoT-v2,xgboost,disjoint_ip,keep,binary,2,ok,,43.0,2.0,512013.0,224753.0,226801.0,0.0,0.0,0.0,14.0,3.0,3.0,1.0,1.0,0.1486423203778813,6.4,0.1597656094990762,0.1585554755248293,0.1329755141570973,0.1266452795600366,0.5498408822951453,0.5320809983403819,0.0034672830725462,226801.0,2.0,0.1585554755248293,2.0,identity_features_keep,,,False,False,results_v2_seeds/binary/results.csv
entity,NF-BoT-IoT-v2,mlp,disjoint_ip,keep,binary,2,ok,,43.0,2.0,512013.0,224753.0,226801.0,0.0,0.0,0.0,14.0,3.0,3.0,4.0,15.0,0.8999069326483713,119.4,0.9750265651386016,0.9226253015203718,0.9736688405231136,0.9863005084098044,0.9757272547351282,0.8822993978423119,0.2333748221906116,226801.0,2.0,0.9226253015203718,2.0,identity_features_keep,,,False,True,results_v2_seeds/binary/results.csv
entity,NF-BoT-IoT-v2,transformer,disjoint_ip,keep,binary,2,ok,,43.0,2.0,512013.0,224753.0,226801.0,0.0,0.0,0.0,14.0,3.0,3.0,4.0,15.0,0.812486507580784,240.7,0.923267534093765,0.837081132700097,0.932070605608568,0.955577507715163,0.7816223240137092,0.9519305235173836,0.0123133001422475,226801.0,2.0,0.837081132700097,2.0,identity_features_keep,,,False,True,results_v2_seeds/binary/results.csv
entity,NF-BoT-IoT-v2,autoencoder,disjoint_ip,keep,binary,2,ok,,43.0,2.0,512013.0,224753.0,226801.0,0.0,0.0,0.0,14.0,3.0,3.0,20.0,31.0,0.9466904049867756,230.9,0.98863761623626,0.9673413913578086,0.9884821498178696,0.9937138215427848,0.980590754830799,0.9549860391062116,0.0869932432432432,226801.0,2.0,0.9673413913578086,2.0,identity_features_keep,,,False,False,results_v2_seeds/binary/results.csv
entity,NF-BoT-IoT-v2,xgboost,disjoint_ip,drop,binary,2,ok,,39.0,2.0,512013.0,224753.0,226801.0,0.0,0.0,0.0,14.0,3.0,3.0,39.0,39.0,0.835169036023711,6.6,0.9578837835812012,0.8547527598155709,0.9528640579606564,0.97714351346695,0.9731967739110912,0.7901679468440745,0.4190522759601707,226801.0,2.0,0.8547527598155709,2.0,identity_features_drop,,,False,False,results_v2_seeds/binary/results.csv
entity,NF-BoT-IoT-v2,mlp,disjoint_ip,drop,binary,2,ok,,39.0,2.0,512013.0,224753.0,226801.0,0.0,0.0,0.0,14.0,3.0,3.0,14.0,25.0,0.9126148662829268,191.3,0.974215281237737,0.9202622811425678,0.972841014073366,0.9858525940942806,0.9718821917500264,0.8808601480967133,0.2355974395448079,226801.0,2.0,0.9202622811425678,2.0,identity_features_drop,,,False,False,results_v2_seeds/binary/results.csv
entity,NF-BoT-IoT-v2,transformer,disjoint_ip,drop,binary,2,ok,,39.0,2.0,512013.0,224753.0,226801.0,0.0,0.0,0.0,14.0,3.0,3.0,24.0,35.0,0.9685454204049414,517.7,0.993046767871394,0.9810906591084134,0.9931438916977356,0.9961266870525244,0.9681228841671504,0.9950329584220284,0.0024893314366998,226801.0,2.0,0.9810906591084134,2.0,identity_features_drop,,,False,False,results_v2_seeds/binary/results.csv
entity,NF-BoT-IoT-v2,autoencoder,disjoint_ip,drop,binary,2,ok,,39.0,2.0,512013.0,224753.0,226801.0,0.0,0.0,0.0,14.0,3.0,3.0,13.0,24.0,0.9033788884412374,201.7,0.9728440350792104,0.9160650852502664,0.9714046090440804,0.9850993978308362,0.9668566212307372,0.8772508764317484,0.2419985775248933,226801.0,2.0,0.9160650852502664,2.0,identity_features_drop,,,False,False,results_v2_seeds/binary/results.csv
entity,NF-BoT-IoT-v3,xgboost,random,keep,binary,2,ok,,52.0,2.0,700000.0,150000.0,150000.0,0.0,0.0,0.0,19.0,15.0,15.0,390.0,390.0,0.9896965191776526,15.5,0.9980066666666668,0.9895081092816408,0.9980246079326924,0.9989508808741022,0.9808704677477312,0.9985007283291584,0.0009514747859181,150000.0,2.0,0.9895081092816408,2.0,identity_features_keep,,,False,False,results_v2_seeds/binary/results.csv
entity,NF-BoT-IoT-v3,mlp,random,keep,binary,2,ok,,52.0,2.0,700000.0,150000.0,150000.0,0.0,0.0,0.0,19.0,15.0,15.0,29.0,40.0,0.9389212060366188,448.7,0.9871333333333332,0.9385808034145348,0.9878323185127952,0.9931890205599824,0.8962310219262184,0.9929125729020608,0.0006796248470844,150000.0,2.0,0.9385808034145348,2.0,identity_features_keep,,,False,False,results_v2_seeds/binary/results.csv
entity,NF-BoT-IoT-v3,transformer,random,keep,binary,2,ok,,52.0,2.0,700000.0,150000.0,150000.0,0.0,0.0,0.0,19.0,15.0,15.0,13.0,24.0,0.942225342336504,493.4,0.98804,0.942261370488264,0.9886302099369532,0.9936733859023008,0.9030554388124956,0.991391113356943,0.0048932988990077,150000.0,2.0,0.942261370488264,2.0,identity_features_keep,,,False,False,results_v2_seeds/binary/results.csv
entity,NF-BoT-IoT-v3,autoencoder,random,keep,binary,2,ok,,52.0,2.0,700000.0,150000.0,150000.0,0.0,0.0,0.0,19.0,15.0,15.0,8.0,19.0,0.93681508888564,221.1,0.9866266666666668,0.9363997032408884,0.9873749843663188,0.9929191669608188,0.8931465139698374,0.9923238874178006,0.0013592496941688,150000.0,2.0,0.9363997032408884,2.0,identity_features_keep,,,False,False,results_v2_seeds/binary/results.csv
entity,NF-BoT-IoT-v3,xgboost,random,drop,binary,2,ok,,48.0,2.0,700000.0,150000.0,150000.0,0.0,0.0,0.0,19.0,15.0,15.0,407.0,407.0,0.9597962825582828,20.0,0.9920533333333332,0.96036609594232,0.9923283362733666,0.9958046191424812,0.9308271803617012,0.9949193355587884,0.0019029495718363,150000.0,2.0,0.96036609594232,2.0,identity_features_drop,,,False,False,results_v2_seeds/binary/results.csv
entity,NF-BoT-IoT-v3,mlp,random,drop,binary,2,ok,,48.0,2.0,700000.0,150000.0,150000.0,0.0,0.0,0.0,19.0,15.0,15.0,15.0,26.0,0.9263454497423568,292.3,0.9843133333333334,0.9265759762263016,0.9852990983823132,0.9916859530413582,0.8797874866913958,0.989109390008925,0.0055729237460921,150000.0,2.0,0.9265759762263016,2.0,identity_features_drop,,,False,False,results_v2_seeds/binary/results.csv
entity,NF-BoT-IoT-v3,transformer,random,drop,binary,2,ok,,48.0,2.0,700000.0,150000.0,150000.0,0.0,0.0,0.0,19.0,15.0,15.0,12.0,23.0,0.92503631258162,486.6,0.9841733333333332,0.9259411756643908,0.9851697726300368,0.9916116038302534,0.879146541325089,0.9885201218243654,0.0066603235014272,150000.0,2.0,0.9259411756643908,2.0,identity_features_drop,,,False,False,results_v2_seeds/binary/results.csv
entity,NF-BoT-IoT-v3,autoencoder,random,drop,binary,2,ok,,48.0,2.0,700000.0,150000.0,150000.0,0.0,0.0,0.0,19.0,15.0,15.0,17.0,28.0,0.9263670892512744,324.0,0.9843866666666666,0.9268504002706116,0.9853615204195736,0.9917253172786116,0.8802927775308009,0.988954576116068,0.0059806986543428,150000.0,2.0,0.9268504002706116,2.0,identity_features_drop,,,False,False,results_v2_seeds/binary/results.csv
entity,NF-BoT-IoT-v3,xgboost,temporal,keep,binary,2,ok,,52.0,2.0,700000.0,150000.0,150000.0,0.0,0.0,0.0,17.0,13.0,14.0,540.0,540.0,1.0,19.9,0.9989066666666668,0.967055037773542,0.998941651844514,0.9994487209654106,0.9389936426989964,0.9990264862542222,0.0008517887563884,150000.0,2.0,0.967055037773542,2.0,identity_features_keep,,,False,False,results_v2_seeds/binary/results.csv
entity,NF-BoT-IoT-v3,mlp,temporal,keep,binary,2,ok,,52.0,2.0,700000.0,150000.0,150000.0,0.0,0.0,0.0,17.0,13.0,14.0,6.0,17.0,1.0,193.4,0.99606,0.8928253960399928,0.9963650398576428,0.998011553847862,0.8403213946237201,0.9650567493255732,0.0664395229982964,150000.0,2.0,0.8928253960399928,2.0,identity_features_keep,,,False,False,results_v2_seeds/binary/results.csv
entity,NF-BoT-IoT-v3,transformer,temporal,keep,binary,2,ok,,52.0,2.0,700000.0,150000.0,150000.0,0.0,0.0,0.0,17.0,13.0,14.0,4.0,15.0,1.0,317.0,0.9939466666666666,0.8588636862954824,0.9947788075766316,0.996940164718886,0.7819951646081873,0.9961043882556928,0.0017035775127768,150000.0,2.0,0.8588636862954824,2.0,identity_features_keep,,,False,True,results_v2_seeds/binary/results.csv
entity,NF-BoT-IoT-v3,autoencoder,temporal,keep,binary,2,ok,,52.0,2.0,700000.0,150000.0,150000.0,0.0,0.0,0.0,17.0,13.0,14.0,10.0,21.0,1.0,227.9,0.9975866666666666,0.9289634378870298,0.9976899994808094,0.9987829069024644,0.895179947490683,0.9692063821439856,0.059625212947189,150000.0,2.0,0.9289634378870298,2.0,identity_features_keep,,,False,False,results_v2_seeds/binary/results.csv
entity,NF-BoT-IoT-v3,xgboost,temporal,drop,binary,2,ok,,48.0,2.0,700000.0,150000.0,150000.0,0.0,0.0,0.0,17.0,13.0,14.0,436.0,436.0,1.0,14.1,0.9971333333333332,0.9202907315609884,0.9973284686085464,0.9985535424753934,0.8700607321824798,0.986724386945724,0.0238500851788756,150000.0,2.0,0.9202907315609884,2.0,identity_features_drop,,,False,False,results_v2_seeds/binary/results.csv
entity,NF-BoT-IoT-v3,mlp,temporal,drop,binary,2,ok,,48.0,2.0,700000.0,150000.0,150000.0,0.0,0.0,0.0,17.0,13.0,14.0,4.0,15.0,0.9994458421024972,155.5,0.9948466666666668,0.8699082456180657,0.9954016690064428,0.9973972976339988,0.8046689078005687,0.972050922528672,0.0511073253833049,150000.0,2.0,0.8699082456180657,2.0,identity_features_drop,,,False,True,results_v2_seeds/binary/results.csv
entity,NF-BoT-IoT-v3,transformer,temporal,drop,binary,2,ok,,48.0,2.0,700000.0,150000.0,150000.0,0.0,0.0,0.0,17.0,13.0,14.0,7.0,18.0,1.0,375.2,0.9967266666666666,0.9117762815064404,0.9969927299963464,0.9983478638316772,0.854383699758561,0.9920124013886218,0.0127768313458262,150000.0,2.0,0.9117762815064404,2.0,identity_features_drop,,,False,False,results_v2_seeds/binary/results.csv
entity,NF-BoT-IoT-v3,autoencoder,temporal,drop,binary,2,ok,,48.0,2.0,700000.0,150000.0,150000.0,0.0,0.0,0.0,17.0,13.0,14.0,7.0,18.0,0.9994458421024972,191.7,0.9969,0.914270842028262,0.9971182676059228,0.9984357286308756,0.8632757103813806,0.9823814524632324,0.0323679727427597,150000.0,2.0,0.914270842028262,2.0,identity_features_drop,,,False,False,results_v2_seeds/binary/results.csv
entity,NF-BoT-IoT-v3,xgboost,disjoint_ip,keep,binary,2,ok,,52.0,2.0,505731.0,246552.0,247717.0,0.0,0.0,0.0,14.0,3.0,3.0,234.0,234.0,0.9280934560729024,10.7,0.989100465450494,0.9430483362921608,0.9891116293524246,0.9942610824873744,0.9421428362707172,0.943958023057912,0.106230929821744,247717.0,2.0,0.9430483362921608,2.0,identity_features_keep,,,False,False,results_v2_seeds/binary/results.csv
entity,NF-BoT-IoT-v3,mlp,disjoint_ip,keep,binary,2,ok,,52.0,2.0,505731.0,246552.0,247717.0,0.0,0.0,0.0,14.0,3.0,3.0,5.0,16.0,0.9035183703352834,127.1,0.9761098350133418,0.8849335909345413,0.97706167651438,0.98736075041006,0.8568541385789925,0.9186779742049664,0.1451742412076441,247717.0,2.0,0.8849335909345413,2.0,identity_features_keep,,,False,True,results_v2_seeds/binary/results.csv
entity,NF-BoT-IoT-v3,transformer,disjoint_ip,keep,binary,2,ok,,52.0,2.0,505731.0,246552.0,247717.0,0.0,0.0,0.0,14.0,3.0,3.0,6.0,17.0,0.8858209659855855,276.7,0.9765982956357456,0.8891302225524171,0.9777046360109328,0.987606441999132,0.8559831177207418,0.9303798944653888,0.1210052995021679,247717.0,2.0,0.8891302225524171,2.0,identity_features_keep,,,False,False,results_v2_seeds/binary/results.csv
entity,NF-BoT-IoT-v3,autoencoder,disjoint_ip,keep,binary,2,ok,,52.0,2.0,505731.0,246552.0,247717.0,0.0,0.0,0.0,14.0,3.0,3.0,12.0,23.0,0.8942712389720902,198.0,0.9724766568301731,0.8707573624220832,0.9738865255103742,0.9854154188414478,0.8368423689355076,0.9137994691583732,0.1514372892243456,247717.0,2.0,0.8707573624220832,2.0,identity_features_keep,,,False,False,results_v2_seeds/binary/results.csv
entity,NF-BoT-IoT-v3,xgboost,disjoint_ip,drop,binary,2,ok,,48.0,2.0,505731.0,246552.0,247717.0,0.0,0.0,0.0,14.0,3.0,3.0,74.0,74.0,0.9275540474860576,7.9,0.9775227376401296,0.8804926825302068,0.9773488556638475,0.9881764863269388,0.8864845883924877,0.8747074065279354,0.2396017343825277,247717.0,2.0,0.8804926825302068,2.0,identity_features_drop,,,False,False,results_v2_seeds/binary/results.csv
entity,NF-BoT-IoT-v3,mlp,disjoint_ip,drop,binary,2,ok,,48.0,2.0,505731.0,246552.0,247717.0,0.0,0.0,0.0,14.0,3.0,3.0,6.0,17.0,0.9104137191154048,146.9,0.9743336145682372,0.8781898018959908,0.9755271281849284,0.9864085473520396,0.8464571857317653,0.9175527382217192,0.1455757186446121,247717.0,2.0,0.8781898018959908,2.0,identity_features_drop,,,False,False,results_v2_seeds/binary/results.csv
entity,NF-BoT-IoT-v3,transformer,disjoint_ip,drop,binary,2,ok,,48.0,2.0,505731.0,246552.0,247717.0,0.0,0.0,0.0,14.0,3.0,3.0,18.0,29.0,0.910271354112161,467.6,0.9776640279028084,0.8970151831224462,0.9789866286353592,0.9881502834465906,0.8557191006101922,0.951397053561522,0.0778063272844066,247717.0,2.0,0.8970151831224462,2.0,identity_features_drop,,,False,False,results_v2_seeds/binary/results.csv
entity,NF-BoT-IoT-v3,autoencoder,disjoint_ip,drop,binary,2,ok,,48.0,2.0,505731.0,246552.0,247717.0,0.0,0.0,0.0,14.0,3.0,3.0,13.0,24.0,0.9032437291839024,196.4,0.9728682327010256,0.865634862830789,0.9736004111295428,0.985669967911474,0.847059434110105,0.8866674707922029,0.2091697446603501,247717.0,2.0,0.865634862830789,2.0,identity_features_drop,,,False,False,results_v2_seeds/binary/results.csv
entity,NF-CICIDS2018-v3,xgboost,random,keep,binary,2,ok,,52.0,2.0,560255.0,120055.0,120055.0,0.0,0.0,0.0,153400.0,69772.0,70131.0,399.0,399.0,0.94103961396883,13.6,0.999275332139436,0.9381161718746877,0.9992871181527256,0.8765957446808511,0.924316871897517,0.952849464733568,0.0004594283041248,120055.0,2.0,0.9381161718746877,2.0,identity_features_keep,,,False,False,results_v2_seeds/binary/results.csv
entity,NF-CICIDS2018-v3,mlp,random,keep,binary,2,ok,,52.0,2.0,560255.0,120055.0,120055.0,0.0,0.0,0.0,153400.0,69772.0,70131.0,7.0,18.0,0.5850348903205094,158.2,0.9792428470284452,0.5862193565162309,0.9871970338198892,0.1829508196721311,0.551230840584844,0.898941720190697,0.0202983778004243,120055.0,2.0,0.5862193565162309,2.0,identity_features_keep,,,False,False,results_v2_seeds/binary/results.csv
entity,NF-CICIDS2018-v3,transformer,random,keep,binary,2,ok,,52.0,2.0,560255.0,120055.0,120055.0,0.0,0.0,0.0,153400.0,69772.0,70131.0,16.0,27.0,0.6613063152657221,424.5,0.9908375327974678,0.6590238342212071,0.9934767784684394,0.3226600985221675,0.6017718727464076,0.8798998928874325,0.0085286599729354,120055.0,2.0,0.6590238342212071,2.0,identity_features_keep,,,False,False,results_v2_seeds/binary/results.csv
entity,NF-CICIDS2018-v3,autoencoder,random,keep,binary,2,ok,,52.0,2.0,560255.0,120055.0,120055.0,0.0,0.0,0.0,153400.0,69772.0,70131.0,12.0,23.0,0.5980822287522921,264.5,0.9826079713464662,0.5974346520276067,0.9889710570164106,0.2036613272311213,0.5582128008385747,0.8830838865865895,0.0168234291728619,120055.0,2.0,0.5974346520276067,2.0,identity_features_keep,,,False,False,results_v2_seeds/binary/results.csv
entity,NF-CICIDS2018-v3,xgboost,random,drop,binary,2,ok,,48.0,2.0,560255.0,120055.0,120055.0,0.0,0.0,0.0,153400.0,69772.0,70131.0,479.0,479.0,0.8764444433367862,14.5,0.9982508017158802,0.863550927196983,0.9983524338739136,0.727979274611399,0.8257352930908184,0.9113969672685688,0.0012529862839768,120055.0,2.0,0.863550927196983,2.0,identity_features_drop,,,False,False,results_v2_seeds/binary/results.csv
entity,NF-CICIDS2018-v3,mlp,random,drop,binary,2,ok,,48.0,2.0,560255.0,120055.0,120055.0,0.0,0.0,0.0,153400.0,69772.0,70131.0,5.0,16.0,0.599402891320718,156.8,0.9822081545958102,0.5961003003125525,0.988760551029068,0.2011967090501122,0.5573452878112013,0.8858076068589081,0.0172410912675209,120055.0,2.0,0.5961003003125525,2.0,identity_features_drop,,,False,True,results_v2_seeds/binary/results.csv
entity,NF-CICIDS2018-v3,transformer,random,drop,binary,2,ok,,48.0,2.0,560255.0,120055.0,120055.0,0.0,0.0,0.0,153400.0,69772.0,70131.0,14.0,25.0,0.6237083942090552,403.9,0.9867060930406896,0.6237494398689225,0.9911939936498102,0.2542056074766355,0.5753058142427778,0.8924492792866987,0.0127554003708839,120055.0,2.0,0.6237494398689225,2.0,identity_features_drop,,,False,False,results_v2_seeds/binary/results.csv
entity,NF-CICIDS2018-v3,autoencoder,random,drop,binary,2,ok,,48.0,2.0,560255.0,120055.0,120055.0,0.0,0.0,0.0,153400.0,69772.0,70131.0,23.0,34.0,0.6255329912242878,353.5,0.9862812877431176,0.6220502177654647,0.9909695389408174,0.2510231923601637,0.5739984475936449,0.8980846677739325,0.0132148286750087,120055.0,2.0,0.6220502177654647,2.0,identity_features_drop,,,False,False,results_v2_seeds/binary/results.csv
entity,NF-CICIDS2018-v3,xgboost,temporal,keep,binary,2,ok,,52.0,2.0,560256.0,120055.0,120054.0,0.0,0.0,0.0,136352.0,34468.0,35562.0,44.0,44.0,0.501336325166686,8.2,0.995618638279441,0.502675821338054,0.9934575489912872,0.0075471698113207,0.8311467626258839,0.5018933500515608,8.36631054071465e-06,120054.0,2.0,0.502675821338054,2.0,identity_features_keep,,,False,False,results_v2_seeds/binary/results.csv
entity,NF-CICIDS2018-v3,mlp,temporal,keep,binary,2,ok,,52.0,2.0,560256.0,120055.0,120054.0,0.0,0.0,0.0,136352.0,34468.0,35562.0,4.0,15.0,0.5651707481779541,124.1,0.9876222366601696,0.6066497324022386,0.99036304604332,0.2195378151260504,0.574549844130302,0.6934062947580746,0.0097718507115547,120054.0,2.0,0.6066497324022386,2.0,identity_features_keep,,,False,True,results_v2_seeds/binary/results.csv
entity,NF-CICIDS2018-v3,transformer,temporal,keep,binary,2,ok,,52.0,2.0,560256.0,120055.0,120054.0,0.0,0.0,0.0,136352.0,34468.0,35562.0,9.0,20.0,0.6158609280689413,336.5,0.9953437619737784,0.7547255593660724,0.9955279049439264,0.5117903930131005,0.7360754120417743,0.7766290893378929,0.0027190509257322,120054.0,2.0,0.7547255593660724,2.0,identity_features_keep,,,False,False,results_v2_seeds/binary/results.csv
entity,NF-CICIDS2018-v3,autoencoder,temporal,keep,binary,2,ok,,52.0,2.0,560256.0,120055.0,120054.0,0.0,0.0,0.0,136352.0,34468.0,35562.0,6.0,17.0,0.575843593055242,209.3,0.9792759924700551,0.5833772532031377,0.9859402709999692,0.1772486772486772,0.5525628040070841,0.7449451966177436,0.0186485061952529,120054.0,2.0,0.5833772532031377,2.0,identity_features_keep,,,False,False,results_v2_seeds/binary/results.csv
entity,NF-CICIDS2018-v3,xgboost,temporal,drop,binary,2,ok,,48.0,2.0,560256.0,120055.0,120054.0,0.0,0.0,0.0,136352.0,34468.0,35562.0,46.0,46.0,0.5013122093762875,7.9,0.995626967864461,0.5026850463451993,0.9934617764083004,0.0075614366729678,0.9978134475060808,0.5018975332068312,0.0,120054.0,2.0,0.5026850463451993,2.0,identity_features_drop,,,False,False,results_v2_seeds/binary/results.csv
entity,NF-CICIDS2018-v3,mlp,temporal,drop,binary,2,ok,,48.0,2.0,560256.0,120055.0,120054.0,0.0,0.0,0.0,136352.0,34468.0,35562.0,5.0,16.0,0.5552597578419455,149.7,0.975769237176604,0.5431315555826485,0.983816363971811,0.0985435388906104,0.5278765387914629,0.640224492401096,0.0212587950839559,120054.0,2.0,0.5431315555826485,2.0,identity_features_drop,,,False,True,results_v2_seeds/binary/results.csv
entity,NF-CICIDS2018-v3,transformer,temporal,drop,binary,2,ok,,48.0,2.0,560256.0,120055.0,120054.0,0.0,0.0,0.0,136352.0,34468.0,35562.0,6.0,17.0,0.6234050268282625,282.2,0.996859746447432,0.7918412161535219,0.996610237975464,0.5852585258525853,0.8470770586199137,0.7518866704971774,0.0009704920227228,120054.0,2.0,0.7918412161535219,2.0,identity_features_drop,,,False,False,results_v2_seeds/binary/results.csv
entity,NF-CICIDS2018-v3,autoencoder,temporal,drop,binary,2,ok,,48.0,2.0,560256.0,120055.0,120054.0,0.0,0.0,0.0,136352.0,34468.0,35562.0,4.0,15.0,0.5707046032515763,220.6,0.977235244140137,0.574414930523027,0.9848261268554964,0.16036866359447,0.5467036498248883,0.7373082394394896,0.020639688103943,120054.0,2.0,0.574414930523027,2.0,identity_features_drop,,,False,True,results_v2_seeds/binary/results.csv
entity,NF-CICIDS2018-v3,xgboost,disjoint_ip,keep,binary,2,ok,,52.0,2.0,560255.0,120055.0,120055.0,0.0,0.0,0.0,80139.0,50868.0,50869.0,230.0,230.0,0.8604628998448942,13.2,0.9992670026237974,0.8960428415856658,0.9992600997868378,0.7924528301886793,0.9036458985206136,0.8887219983106964,0.0003337811563848,120055.0,2.0,0.8960428415856658,2.0,identity_features_keep,,,False,False,results_v2_seeds/binary/results.csv
entity,NF-CICIDS2018-v3,mlp,disjoint_ip,keep,binary,2,ok,,52.0,2.0,560255.0,120055.0,120055.0,0.0,0.0,0.0,80139.0,50868.0,50869.0,22.0,33.0,0.5795492462203758,281.7,0.987197534463371,0.5877799935634763,0.9920881821556446,0.1820117083555082,0.5512230622146749,0.8896083147667565,0.0124500371331536,120055.0,2.0,0.5877799935634763,2.0,identity_features_keep,,,False,False,results_v2_seeds/binary/results.csv
entity,NF-CICIDS2018-v3,transformer,disjoint_ip,keep,binary,2,ok,,52.0,2.0,560255.0,120055.0,120055.0,0.0,0.0,0.0,80139.0,50868.0,50869.0,10.0,21.0,0.6238645952447736,375.2,0.9935113073174796,0.6502915898706689,0.9954938184653738,0.3038427167113494,0.5939376447753865,0.8904602486731427,0.0061165396907517,120055.0,2.0,0.6502915898706689,2.0,identity_features_keep,,,False,False,results_v2_seeds/binary/results.csv
entity,NF-CICIDS2018-v3,autoencoder,disjoint_ip,keep,binary,2,ok,,52.0,2.0,560255.0,120055.0,120055.0,0.0,0.0,0.0,80139.0,50868.0,50869.0,15.0,26.0,0.588271988975094,326.3,0.9892216067635669,0.5983968163011022,0.9931485654714464,0.2022194821208384,0.558102345626671,0.8744476771767553,0.0103639049057485,120055.0,2.0,0.5983968163011022,2.0,identity_features_keep,,,False,False,results_v2_seeds/binary/results.csv
entity,NF-CICIDS2018-v3,xgboost,disjoint_ip,drop,binary,2,ok,,48.0,2.0,560255.0,120055.0,120055.0,0.0,0.0,0.0,80139.0,50868.0,50869.0,592.0,592.0,0.8132942265311773,23.1,0.998975469576444,0.8609172088575381,0.9989881659686782,0.7223476297968398,0.8521892392311505,0.870090828651898,0.0005590834369445,120055.0,2.0,0.8609172088575381,2.0,identity_features_drop,,,False,False,results_v2_seeds/binary/results.csv
entity,NF-CICIDS2018-v3,mlp,disjoint_ip,drop,binary,2,ok,,48.0,2.0,560255.0,120055.0,120055.0,0.0,0.0,0.0,80139.0,50868.0,50869.0,17.0,28.0,0.5850839496921243,273.7,0.9886801882470534,0.5943640126081274,0.992860936425842,0.1944279786603438,0.5555251377081192,0.8741764799871927,0.0109062992848738,120055.0,2.0,0.5943640126081274,2.0,identity_features_drop,,,False,False,results_v2_seeds/binary/results.csv
entity,NF-CICIDS2018-v3,transformer,disjoint_ip,drop,binary,2,ok,,48.0,2.0,560255.0,120055.0,120055.0,0.0,0.0,0.0,80139.0,50868.0,50869.0,7.0,18.0,0.6388262474649266,317.5,0.9940360668027154,0.6601281267686632,0.9957926352074764,0.3232514177693761,0.6013552051874334,0.8930337438841557,0.0055991788983552,120055.0,2.0,0.6601281267686632,2.0,identity_features_drop,,,False,False,results_v2_seeds/binary/results.csv
entity,NF-CICIDS2018-v3,autoencoder,disjoint_ip,drop,binary,2,ok,,48.0,2.0,560255.0,120055.0,120055.0,0.0,0.0,0.0,80139.0,50868.0,50869.0,24.0,35.0,0.5869236613201754,367.1,0.9890216983882388,0.5963849218085189,0.9930405460731212,0.1982968369829683,0.5568494398526521,0.8720369002794799,0.0105558290706698,120055.0,2.0,0.5963849218085189,2.0,identity_features_drop,,,False,False,results_v2_seeds/binary/results.csv
entity,NF-CSE-CIC-IDS2018-v2,xgboost,random,keep,binary,2,ok,,43.0,2.0,577526.0,123755.0,123757.0,0.0,0.0,0.0,187025.0,79209.0,79278.0,417.0,417.0,0.8447384839847512,12.4,0.9990869203358194,0.8269885534913464,0.999088314635154,0.654434250764526,0.8259929621477892,0.8279902651775639,0.0004611874362833,123757.0,2.0,0.8269885534913464,2.0,identity_features_keep,,,False,False,results_v2_seeds/binary/results.csv
entity,NF-CSE-CIC-IDS2018-v2,mlp,random,keep,binary,2,ok,,43.0,2.0,577526.0,123755.0,123757.0,0.0,0.0,0.0,187025.0,79209.0,79278.0,18.0,29.0,0.5913365897682425,263.7,0.9931397819921296,0.598936061713076,0.9955076902993464,0.2013170272812794,0.5592165372026918,0.8250127743608575,0.0064161690696959,123757.0,2.0,0.598936061713076,2.0,identity_features_keep,,,False,False,results_v2_seeds/binary/results.csv
entity,NF-CSE-CIC-IDS2018-v2,transformer,random,keep,binary,2,ok,,43.0,2.0,577526.0,123755.0,123757.0,0.0,0.0,0.0,187025.0,79209.0,79278.0,6.0,17.0,0.621544150282205,288.9,0.995200271499794,0.623796215983982,0.996607780058086,0.25,0.5784364512574658,0.8015368645667573,0.0042882340566694,123757.0,2.0,0.623796215983982,2.0,identity_features_keep,,,False,False,results_v2_seeds/binary/results.csv
entity,NF-CSE-CIC-IDS2018-v2,autoencoder,random,keep,binary,2,ok,,43.0,2.0,577526.0,123755.0,123757.0,0.0,0.0,0.0,187025.0,79209.0,79278.0,4.0,15.0,0.5975084046448531,221.8,0.9942063883255088,0.6067429441266531,0.996064189147973,0.2163934426229508,0.565564316058766,0.8010392675960306,0.0052834279981228,123757.0,2.0,0.6067429441266531,2.0,identity_features_keep,,,False,True,results_v2_seeds/binary/results.csv
entity,NF-CSE-CIC-IDS2018-v2,xgboost,random,drop,binary,2,ok,,39.0,2.0,577526.0,123755.0,123757.0,0.0,0.0,0.0,187025.0,79209.0,79278.0,381.0,381.0,0.6730623795553229,11.6,0.9968567434569358,0.6787839179274918,0.9975825125513228,0.3591433278418451,0.6225287927308395,0.8330005844387982,0.0027104875641212,123757.0,2.0,0.6787839179274918,2.0,identity_features_drop,,,False,False,results_v2_seeds/binary/results.csv
entity,NF-CSE-CIC-IDS2018-v2,mlp,random,drop,binary,2,ok,,39.0,2.0,577526.0,123755.0,123757.0,0.0,0.0,0.0,187025.0,79209.0,79278.0,13.0,24.0,0.5789397136033632,232.1,0.9916368367041865,0.5788703845362307,0.9946991822831084,0.1619433198380566,0.5463850359402401,0.8028162365377793,0.0078644594397786,123757.0,2.0,0.5788703845362307,2.0,identity_features_drop,,,False,False,results_v2_seeds/binary/results.csv
entity,NF-CSE-CIC-IDS2018-v2,transformer,random,drop,binary,2,ok,,39.0,2.0,577526.0,123755.0,123757.0,0.0,0.0,0.0,187025.0,79209.0,79278.0,7.0,18.0,0.6041098304680239,307.2,0.9945619237699684,0.6131832060745729,0.9962595748765356,0.2290950744558992,0.5701665354713308,0.8042807089231703,0.0049355146689968,123757.0,2.0,0.6131832060745729,2.0,identity_features_drop,,,False,False,results_v2_seeds/binary/results.csv
entity,NF-CSE-CIC-IDS2018-v2,autoencoder,random,drop,binary,2,ok,,39.0,2.0,577526.0,123755.0,123757.0,0.0,0.0,0.0,187025.0,79209.0,79278.0,13.0,24.0,0.5880023045896582,315.6,0.9929943356739416,0.5934790677956441,0.9954203571806282,0.1904761904761904,0.5559191286118488,0.8096227594982226,0.0065213521691991,123757.0,2.0,0.5934790677956441,2.0,identity_features_drop,,,False,False,results_v2_seeds/binary/results.csv
entity,NF-CSE-CIC-IDS2018-v2,xgboost,temporal,keep,binary,2,skipped,dataset has no timestamp column,,,,,,,,,,,,,,,,,,,,,,,,,,,,,,,,results_v2_seeds/binary/results.csv
entity,NF-CSE-CIC-IDS2018-v2,mlp,temporal,keep,binary,2,skipped,dataset has no timestamp column,,,,,,,,,,,,,,,,,,,,,,,,,,,,,,,,results_v2_seeds/binary/results.csv
entity,NF-CSE-CIC-IDS2018-v2,transformer,temporal,keep,binary,2,skipped,dataset has no timestamp column,,,,,,,,,,,,,,,,,,,,,,,,,,,,,,,,results_v2_seeds/binary/results.csv
entity,NF-CSE-CIC-IDS2018-v2,autoencoder,temporal,keep,binary,2,skipped,dataset has no timestamp column,,,,,,,,,,,,,,,,,,,,,,,,,,,,,,,,results_v2_seeds/binary/results.csv
entity,NF-CSE-CIC-IDS2018-v2,xgboost,temporal,drop,binary,2,skipped,dataset has no timestamp column,,,,,,,,,,,,,,,,,,,,,,,,,,,,,,,,results_v2_seeds/binary/results.csv
entity,NF-CSE-CIC-IDS2018-v2,mlp,temporal,drop,binary,2,skipped,dataset has no timestamp column,,,,,,,,,,,,,,,,,,,,,,,,,,,,,,,,results_v2_seeds/binary/results.csv
entity,NF-CSE-CIC-IDS2018-v2,transformer,temporal,drop,binary,2,skipped,dataset has no timestamp column,,,,,,,,,,,,,,,,,,,,,,,,,,,,,,,,results_v2_seeds/binary/results.csv
entity,NF-CSE-CIC-IDS2018-v2,autoencoder,temporal,drop,binary,2,skipped,dataset has no timestamp column,,,,,,,,,,,,,,,,,,,,,,,,,,,,,,,,results_v2_seeds/binary/results.csv
entity,NF-CSE-CIC-IDS2018-v2,xgboost,disjoint_ip,keep,binary,2,ok,,43.0,2.0,577526.0,123756.0,123756.0,0.0,0.0,0.0,99660.0,62454.0,62454.0,201.0,201.0,0.6467676885883666,13.8,0.9989576262969068,0.6620428702457206,0.9988512881308728,0.3246073298429319,0.703607782392592,0.6346006302257272,0.00036395693985,123756.0,2.0,0.6620428702457206,2.0,identity_features_keep,,,False,False,results_v2_seeds/binary/results.csv
entity,NF-CSE-CIC-IDS2018-v2,mlp,disjoint_ip,keep,binary,2,ok,,43.0,2.0,577526.0,123756.0,123756.0,0.0,0.0,0.0,99660.0,62454.0,62454.0,22.0,33.0,0.5748350162358165,314.9,0.992937716151136,0.5796445748756828,0.9956792623487226,0.1628352490421455,0.5456259932680482,0.8661521100887105,0.0068262146051875,123756.0,2.0,0.5796445748756828,2.0,identity_features_keep,,,False,False,results_v2_seeds/binary/results.csv
entity,NF-CSE-CIC-IDS2018-v2,transformer,disjoint_ip,keep,binary,2,ok,,43.0,2.0,577526.0,123756.0,123756.0,0.0,0.0,0.0,99660.0,62454.0,62454.0,22.0,33.0,0.5831178516074259,569.1,0.9938588836096836,0.5924759870156016,0.9961661326326068,0.188034188034188,0.5534833649205211,0.8796444685753952,0.0059284541535574,123756.0,2.0,0.5924759870156016,2.0,identity_features_keep,,,False,False,results_v2_seeds/binary/results.csv
entity,NF-CSE-CIC-IDS2018-v2,autoencoder,disjoint_ip,keep,binary,2,ok,,43.0,2.0,577526.0,123756.0,123756.0,0.0,0.0,0.0,99660.0,62454.0,62454.0,21.0,32.0,0.5840338406319607,363.5,0.9937861598629562,0.5880884488895953,0.9961215337192664,0.1792956243329775,0.5509688065960027,0.8622329443975774,0.0059688938135408,123756.0,2.0,0.5880884488895953,2.0,identity_features_keep,,,False,False,results_v2_seeds/binary/results.csv
entity,NF-CSE-CIC-IDS2018-v2,xgboost,disjoint_ip,drop,binary,2,ok,,39.0,2.0,577526.0,123756.0,123756.0,0.0,0.0,0.0,99660.0,62454.0,62454.0,517.0,517.0,0.6822755767398012,15.9,0.997963735091632,0.705097528601647,0.9984339244151028,0.411214953271028,0.640465717656445,0.8816988033025488,0.0018197846992502,123756.0,2.0,0.705097528601647,2.0,identity_features_drop,,,False,False,results_v2_seeds/binary/results.csv
entity,NF-CSE-CIC-IDS2018-v2,mlp,disjoint_ip,drop,binary,2,ok,,39.0,2.0,577526.0,123756.0,123756.0,0.0,0.0,0.0,99660.0,62454.0,62454.0,36.0,47.0,0.5846863825291537,424.7,0.9935275865412586,0.5850628434261413,0.9959859530227434,0.1733746130030959,0.5490542111254308,0.8621035374856307,0.0062277076374341,123756.0,2.0,0.5850628434261413,2.0,identity_features_drop,,,False,False,results_v2_seeds/binary/results.csv
entity,NF-CSE-CIC-IDS2018-v2,transformer,disjoint_ip,drop,binary,2,ok,,39.0,2.0,577526.0,123756.0,123756.0,0.0,0.0,0.0,99660.0,62454.0,62454.0,4.0,15.0,0.5841855065478556,250.3,0.9943437085878664,0.5981232502566366,0.99642022081232,0.1990846681922196,0.5571984290500225,0.875543324414337,0.0054350903017607,123756.0,2.0,0.5981232502566366,2.0,identity_features_drop,,,False,True,results_v2_seeds/binary/results.csv
entity,NF-CSE-CIC-IDS2018-v2,autoencoder,disjoint_ip,drop,binary,2,ok,,39.0,2.0,577526.0,123756.0,123756.0,0.0,0.0,0.0,99660.0,62454.0,62454.0,11.0,22.0,0.5814793275679889,266.8,0.994109376515078,0.5912594298675373,0.9962898505021088,0.1854748603351955,0.5530750215176444,0.8580509209165526,0.0056372886016774,123756.0,2.0,0.5912594298675373,2.0,identity_features_drop,,,False,False,results_v2_seeds/binary/results.csv
entity,NF-ToN-IoT-v2,xgboost,random,keep,binary,2,ok,,43.0,2.0,386470.0,82815.0,82816.0,0.0,0.0,0.0,16230.0,3647.0,3650.0,394.0,394.0,0.996388829038182,7.0,0.9961118624420402,0.995920646813106,0.9961136967470138,0.9950374502974448,0.9954576681766486,0.9963935228265248,0.004895063318734,82816.0,2.0,0.995920646813106,2.0,identity_features_keep,,,False,False,results_v2_seeds/binary/results.csv
entity,NF-ToN-IoT-v2,mlp,random,keep,binary,2,ok,,43.0,2.0,386470.0,82815.0,82816.0,0.0,0.0,0.0,16230.0,3647.0,3650.0,59.0,70.0,0.9905563295820208,417.2,0.9909437789799072,0.9905058706360124,0.9909515592023672,0.9884668614485622,0.9896796066137024,0.9913652686265112,0.0105630313720049,82816.0,2.0,0.9905058706360124,2.0,identity_features_keep,,,False,False,results_v2_seeds/binary/results.csv
entity,NF-ToN-IoT-v2,transformer,random,keep,binary,2,ok,,43.0,2.0,386470.0,82815.0,82816.0,0.0,0.0,0.0,16230.0,3647.0,3650.0,10.0,21.0,0.9885667438266268,248.7,0.9889031105100464,0.9883497434838224,0.988904735445078,0.9858106751895256,0.9882071905041888,0.9884932301936132,0.0096315820765373,82816.0,2.0,0.9883497434838224,2.0,identity_features_keep,,,False,False,results_v2_seeds/binary/results.csv
entity,NF-ToN-IoT-v2,autoencoder,random,keep,binary,2,ok,,43.0,2.0,386470.0,82815.0,82816.0,0.0,0.0,0.0,16230.0,3647.0,3650.0,41.0,52.0,0.9890598185400292,316.5,0.9897121329211748,0.9892096111201352,0.9897186000213448,0.9868810051736882,0.9886033226911792,0.9898334513016966,0.0107215759329356,82816.0,2.0,0.9892096111201352,2.0,identity_features_keep,,,False,False,results_v2_seeds/binary/results.csv
entity,NF-ToN-IoT-v2,xgboost,random,drop,binary,2,ok,,39.0,2.0,386470.0,82815.0,82816.0,0.0,0.0,0.0,16230.0,3647.0,3650.0,469.0,469.0,0.9936775609737948,10.9,0.9937089451313756,0.99339879496726,0.9937115540486938,0.9919679334001388,0.9929933675740898,0.9938118319523226,0.0066588715590875,82816.0,2.0,0.99339879496726,2.0,identity_features_drop,,,False,False,results_v2_seeds/binary/results.csv
entity,NF-ToN-IoT-v2,mlp,random,drop,binary,2,ok,,39.0,2.0,386470.0,82815.0,82816.0,0.0,0.0,0.0,16230.0,3647.0,3650.0,30.0,41.0,0.984063696282887,239.2,0.9850028979907264,0.9842758396564336,0.9850149013122832,0.9808946591188776,0.9835148481543172,0.9850653254261644,0.015220277849343,82816.0,2.0,0.9842758396564336,2.0,identity_features_drop,,,False,False,results_v2_seeds/binary/results.csv
entity,NF-ToN-IoT-v2,transformer,random,drop,binary,2,ok,,39.0,2.0,386470.0,82815.0,82816.0,0.0,0.0,0.0,16230.0,3647.0,3650.0,24.0,35.0,0.984489521543128,389.6,0.9852443972179288,0.984511574211199,0.9852479771238128,0.9811425573284775,0.9842777562898152,0.9847479539502432,0.0129808359261975,82816.0,2.0,0.984511574211199,2.0,identity_features_drop,,,False,False,results_v2_seeds/binary/results.csv
entity,NF-ToN-IoT-v2,autoencoder,random,drop,binary,2,ok,,39.0,2.0,386470.0,82815.0,82816.0,0.0,0.0,0.0,16230.0,3647.0,3650.0,70.0,81.0,0.9848289724630234,520.2,0.9860654945904171,0.9853840497023756,0.9860738783212846,0.98222810854098,0.9848079673955435,0.9859761255138592,0.0136150141699201,82816.0,2.0,0.9853840497023756,2.0,identity_features_drop,,,False,False,results_v2_seeds/binary/results.csv
entity,NF-ToN-IoT-v2,xgboost,temporal,keep,binary,2,skipped,dataset has no timestamp column,,,,,,,,,,,,,,,,,,,,,,,,,,,,,,,,results_v2_seeds/binary/results.csv
entity,NF-ToN-IoT-v2,mlp,temporal,keep,binary,2,skipped,dataset has no timestamp column,,,,,,,,,,,,,,,,,,,,,,,,,,,,,,,,results_v2_seeds/binary/results.csv
entity,NF-ToN-IoT-v2,transformer,temporal,keep,binary,2,skipped,dataset has no timestamp column,,,,,,,,,,,,,,,,,,,,,,,,,,,,,,,,results_v2_seeds/binary/results.csv
entity,NF-ToN-IoT-v2,autoencoder,temporal,keep,binary,2,skipped,dataset has no timestamp column,,,,,,,,,,,,,,,,,,,,,,,,,,,,,,,,results_v2_seeds/binary/results.csv
entity,NF-ToN-IoT-v2,xgboost,temporal,drop,binary,2,skipped,dataset has no timestamp column,,,,,,,,,,,,,,,,,,,,,,,,,,,,,,,,results_v2_seeds/binary/results.csv
entity,NF-ToN-IoT-v2,mlp,temporal,drop,binary,2,skipped,dataset has no timestamp column,,,,,,,,,,,,,,,,,,,,,,,,,,,,,,,,results_v2_seeds/binary/results.csv
entity,NF-ToN-IoT-v2,transformer,temporal,drop,binary,2,skipped,dataset has no timestamp column,,,,,,,,,,,,,,,,,,,,,,,,,,,,,,,,results_v2_seeds/binary/results.csv
entity,NF-ToN-IoT-v2,autoencoder,temporal,drop,binary,2,skipped,dataset has no timestamp column,,,,,,,,,,,,,,,,,,,,,,,,,,,,,,,,results_v2_seeds/binary/results.csv
entity,NF-ToN-IoT-v2,xgboost,disjoint_ip,keep,binary,2,ok,,43.0,2.0,386471.0,82815.0,82815.0,0.0,0.0,0.0,7709.0,7683.0,7687.0,1.0,1.0,0.3125392660934205,3.6,0.394445450703375,0.3745007433032565,0.3567530827218284,0.2628074147029856,0.4120134104550755,0.4337709101108455,0.318737797174687,82815.0,2.0,0.3745007433032565,2.0,identity_features_keep,,,False,False,results_v2_seeds/binary/results.csv
entity,NF-ToN-IoT-v2,mlp,disjoint_ip,keep,binary,2,ok,,43.0,2.0,386471.0,82815.0,82815.0,0.0,0.0,0.0,7709.0,7683.0,7687.0,5.0,16.0,0.5442880234810126,103.9,0.5818148886071364,0.5532493783110407,0.5352992541533441,0.4402818631412225,0.7411335842092353,0.6381050878675223,0.0076375330194096,82815.0,2.0,0.5532493783110407,2.0,identity_features_keep,,,False,True,results_v2_seeds/binary/results.csv
entity,NF-ToN-IoT-v2,transformer,disjoint_ip,keep,binary,2,ok,,43.0,2.0,386471.0,82815.0,82815.0,0.0,0.0,0.0,7709.0,7683.0,7687.0,5.0,16.0,0.4148118734760619,185.0,0.5402523697397814,0.4970449782317517,0.4736211713329685,0.3496293259540159,0.7235636569768913,0.602024685361301,0.0092167221775582,82815.0,2.0,0.4970449782317517,2.0,identity_features_keep,,,False,True,results_v2_seeds/binary/results.csv
entity,NF-ToN-IoT-v2,autoencoder,disjoint_ip,keep,binary,2,ok,,43.0,2.0,386471.0,82815.0,82815.0,0.0,0.0,0.0,7709.0,7683.0,7687.0,6.0,17.0,0.6280361538194397,137.2,0.702891988166395,0.6972044650155729,0.6906104458841484,0.655705590149024,0.7920495428828791,0.7434395174438646,0.0013782014471115,82815.0,2.0,0.6972044650155729,2.0,identity_features_keep,,,False,False,results_v2_seeds/binary/results.csv
entity,NF-ToN-IoT-v2,xgboost,disjoint_ip,drop,binary,2,ok,,39.0,2.0,386471.0,82815.0,82815.0,0.0,0.0,0.0,7709.0,7683.0,7687.0,48.0,48.0,0.9098562437524806,9.8,0.9520980498701926,0.951340068587682,0.9523050720412964,0.9574132322787732,0.9485823989046828,0.9564140525415884,0.0164235672447456,82815.0,2.0,0.951340068587682,2.0,identity_features_drop,,,False,False,results_v2_seeds/binary/results.csv
entity,NF-ToN-IoT-v2,mlp,disjoint_ip,drop,binary,2,ok,,39.0,2.0,386471.0,82815.0,82815.0,0.0,0.0,0.0,7709.0,7683.0,7687.0,9.0,20.0,0.9214421765630316,119.9,0.9450341121777456,0.9441832222507428,0.9452782697372396,0.9510748065348236,0.9414612809307434,0.94938563568223,0.0232284368898587,82815.0,2.0,0.9441832222507428,2.0,identity_features_drop,,,False,False,results_v2_seeds/binary/results.csv
entity,NF-ToN-IoT-v2,transformer,disjoint_ip,drop,binary,2,ok,,39.0,2.0,386471.0,82815.0,82815.0,0.0,0.0,0.0,7709.0,7683.0,7687.0,11.0,22.0,0.9192413234934292,240.0,0.967469661293244,0.9664992250649852,0.9674052179935172,0.9722010112475492,0.9684827805470132,0.9647846484010404,0.0521132422189043,82815.0,2.0,0.9664992250649852,2.0,identity_features_drop,,,False,False,results_v2_seeds/binary/results.csv
entity,NF-ToN-IoT-v2,autoencoder,disjoint_ip,drop,binary,2,ok,,39.0,2.0,386471.0,82815.0,82815.0,0.0,0.0,0.0,7709.0,7683.0,7687.0,28.0,39.0,0.9183742406438116,268.7,0.9396727645957856,0.9386019030534812,0.9398903246531144,0.9467104701766362,0.9361420449745244,0.9424839259433536,0.0398242793154932,82815.0,2.0,0.9386019030534812,2.0,identity_features_drop,,,False,False,results_v2_seeds/binary/results.csv
entity,NF-ToN-IoT-v3,xgboost,random,keep,binary,2,ok,,52.0,2.0,409983.0,87854.0,87853.0,0.0,0.0,0.0,10872.0,2612.0,2617.0,421.0,421.0,0.975238875155034,10.5,0.9786006169396606,0.9746035638490408,0.9786980976479792,0.9645283018867924,0.9704255106900002,0.9790770183293552,0.0220952442617112,87853.0,2.0,0.9746035638490408,2.0,identity_features_keep,,,False,False,results_v2_seeds/binary/results.csv
entity,NF-ToN-IoT-v3,mlp,random,keep,binary,2,ok,,52.0,2.0,409983.0,87854.0,87853.0,0.0,0.0,0.0,10872.0,2612.0,2617.0,39.0,50.0,0.9373025486490032,296.4,0.9454998690995186,0.9370404377328316,0.946419286848902,0.9139622641509434,0.924415587316537,0.954111559011581,0.0670788953996568,87853.0,2.0,0.9370404377328316,2.0,identity_features_keep,,,False,False,results_v2_seeds/binary/results.csv
entity,NF-ToN-IoT-v3,transformer,random,keep,binary,2,ok,,52.0,2.0,409983.0,87854.0,87853.0,0.0,0.0,0.0,10872.0,2612.0,2617.0,54.0,65.0,0.9618457577290102,745.6,0.9678667774577988,0.9618521385462476,0.9680079880204796,0.9467046763201118,0.9579262262684588,0.9660479373348922,0.0294765126744148,87853.0,2.0,0.9618521385462476,2.0,identity_features_keep,,,False,False,results_v2_seeds/binary/results.csv
entity,NF-ToN-IoT-v3,autoencoder,random,keep,binary,2,ok,,52.0,2.0,409983.0,87854.0,87853.0,0.0,0.0,0.0,10872.0,2612.0,2617.0,19.0,30.0,0.9377458489182257,219.4,0.94697961367284,0.9376878223198354,0.9474665939241484,0.913625574840528,0.930232434567192,0.9463424738572316,0.052089740684386,87853.0,2.0,0.9376878223198354,2.0,identity_features_keep,,,False,False,results_v2_seeds/binary/results.csv
entity,NF-ToN-IoT-v3,xgboost,random,drop,binary,2,ok,,48.0,2.0,409983.0,87854.0,87853.0,0.0,0.0,0.0,10872.0,2612.0,2617.0,446.0,446.0,0.964525714125868,10.9,0.9703368126301892,0.9650717775997842,0.9705828610584182,0.9515108663292646,0.9578476181662656,0.9733008778191866,0.0339926834795558,87853.0,2.0,0.9650717775997842,2.0,identity_features_drop,,,False,False,results_v2_seeds/binary/results.csv
entity,NF-ToN-IoT-v3,mlp,random,drop,binary,2,ok,,48.0,2.0,409983.0,87854.0,87853.0,0.0,0.0,0.0,10872.0,2612.0,2617.0,17.0,28.0,0.9226638615221016,173.0,0.9327740657689548,0.9227832757108796,0.9340709304510292,0.8950081774870227,0.9092696302164688,0.9422038848967356,0.0809997086341416,87853.0,2.0,0.9227832757108796,2.0,identity_features_drop,,,False,False,results_v2_seeds/binary/results.csv
entity,NF-ToN-IoT-v3,transformer,random,drop,binary,2,ok,,48.0,2.0,409983.0,87854.0,87853.0,0.0,0.0,0.0,10872.0,2612.0,2617.0,5.0,16.0,0.9331857780750984,191.5,0.942870476819232,0.9318666549169948,0.9429942098191524,0.9044855082116962,0.9300265732223983,0.9337683351829132,0.0438343746964939,87853.0,2.0,0.9318666549169948,2.0,identity_features_drop,,,False,True,results_v2_seeds/binary/results.csv
entity,NF-ToN-IoT-v3,autoencoder,random,drop,binary,2,ok,,48.0,2.0,409983.0,87854.0,87853.0,0.0,0.0,0.0,10872.0,2612.0,2617.0,6.0,17.0,0.9305450271498787,154.9,0.941663915859447,0.9303653214263848,0.9417644882920913,0.902315829600686,0.9289007116651672,0.9318687204209102,0.0440286186020913,87853.0,2.0,0.9303653214263848,2.0,identity_features_drop,,,False,False,results_v2_seeds/binary/results.csv
entity,NF-ToN-IoT-v3,xgboost,temporal,keep,binary,2,ok,,52.0,2.0,409983.0,87854.0,87853.0,0.0,0.0,0.0,15157.0,128.0,221.0,51.0,51.0,0.9411482748808891,4.7,0.7497524273502327,0.6097852791060423,0.7658065124128314,0.3760819593041405,0.6012218888358631,0.6312734786755461,0.1912575765849396,87853.0,2.0,0.6097852791060423,2.0,identity_features_keep,,,False,False,results_v2_seeds/binary/results.csv
entity,NF-ToN-IoT-v3,mlp,temporal,keep,binary,2,ok,,52.0,2.0,409983.0,87854.0,87853.0,0.0,0.0,0.0,15157.0,128.0,221.0,30.0,41.0,0.9465295567269704,254.5,0.8139847244829431,0.7559860810521126,0.8354070246644877,0.6370219004042468,0.7334201968920533,0.8812973349155577,0.2195298421886092,87853.0,2.0,0.7559860810521126,2.0,identity_features_keep,,,False,False,results_v2_seeds/binary/results.csv
entity,NF-ToN-IoT-v3,transformer,temporal,keep,binary,2,ok,,52.0,2.0,409983.0,87854.0,87853.0,0.0,0.0,0.0,15157.0,128.0,221.0,6.0,17.0,0.944446713742686,204.6,0.7374022514882815,0.5914386006167549,0.7544694720011488,0.3472355837247468,0.5848533619106927,0.6104324834926376,0.1993802217004313,87853.0,2.0,0.5914386006167549,2.0,identity_features_keep,,,False,False,results_v2_seeds/binary/results.csv
entity,NF-ToN-IoT-v3,autoencoder,temporal,keep,binary,2,ok,,52.0,2.0,409983.0,87854.0,87853.0,0.0,0.0,0.0,15157.0,128.0,221.0,18.0,29.0,0.940329671967734,213.4,0.7743161872673671,0.708152733717531,0.8009223419927267,0.5691936640375465,0.6951037032567213,0.8234558392653752,0.2501501665483536,87853.0,2.0,0.708152733717531,2.0,identity_features_keep,,,False,False,results_v2_seeds/binary/results.csv
entity,NF-ToN-IoT-v3,xgboost,temporal,drop,binary,2,ok,,48.0,2.0,409983.0,87854.0,87853.0,0.0,0.0,0.0,15157.0,128.0,221.0,52.0,52.0,0.9439720933677122,3.7,0.5345975663893094,0.4160769141551153,0.5917048771209495,0.1530047852836989,0.4541752535714777,0.4218347156853603,0.409258450281221,87853.0,2.0,0.4160769141551153,2.0,identity_features_drop,,,False,False,results_v2_seeds/binary/results.csv
entity,NF-ToN-IoT-v3,mlp,temporal,drop,binary,2,ok,,48.0,2.0,409983.0,87854.0,87853.0,0.0,0.0,0.0,15157.0,128.0,221.0,11.0,22.0,0.9378552829015598,141.1,0.4378791845469136,0.4272193310414942,0.4793854610328463,0.3490799810196657,0.5825094001516764,0.6256553423337858,0.6556134986075466,87853.0,2.0,0.4272193310414942,2.0,identity_features_drop,,,False,False,results_v2_seeds/binary/results.csv
entity,NF-ToN-IoT-v3,transformer,temporal,drop,binary,2,ok,,48.0,2.0,409983.0,87854.0,87853.0,0.0,0.0,0.0,15157.0,128.0,221.0,22.0,33.0,0.9420682493947544,395.6,0.368888939478447,0.315893394128845,0.4430094472246859,0.1254869797006356,0.4047507197029006,0.3302796813185185,0.611887730027849,87853.0,2.0,0.315893394128845,2.0,identity_features_drop,,,False,False,results_v2_seeds/binary/results.csv
entity,NF-ToN-IoT-v3,autoencoder,temporal,drop,binary,2,ok,,48.0,2.0,409983.0,87854.0,87853.0,0.0,0.0,0.0,15157.0,128.0,221.0,37.0,48.0,0.941634116219038,359.9,0.4027978555086337,0.3773550931370001,0.4613825415214072,0.2514908551373869,0.4899994761530408,0.4832093550284339,0.6372385736908207,87853.0,2.0,0.3773550931370001,2.0,identity_features_drop,,,False,False,results_v2_seeds/binary/results.csv
entity,NF-ToN-IoT-v3,xgboost,disjoint_ip,keep,binary,2,ok,,52.0,2.0,409983.0,87853.0,87854.0,0.0,0.0,0.0,5098.0,5086.0,5086.0,5.0,5.0,0.4071901101038686,4.2,0.38409178864935,0.28220077216437,0.2184742518238245,0.0117616977755049,0.5294848077251912,0.5006729062463952,0.004586609482964,87854.0,2.0,0.28220077216437,2.0,identity_features_keep,,,False,False,results_v2_seeds/binary/results.csv
entity,NF-ToN-IoT-v3,mlp,disjoint_ip,keep,binary,2,ok,,52.0,2.0,409983.0,87853.0,87854.0,0.0,0.0,0.0,5098.0,5086.0,5086.0,5.0,16.0,0.8443692399426665,100.6,0.828499556081681,0.81952319766761,0.829007634552625,0.8597727251575196,0.8177774646643738,0.8215662743201781,0.2078568024779604,87854.0,2.0,0.81952319766761,2.0,identity_features_keep,,,False,True,results_v2_seeds/binary/results.csv
entity,NF-ToN-IoT-v3,transformer,disjoint_ip,keep,binary,2,ok,,52.0,2.0,409983.0,87853.0,87854.0,0.0,0.0,0.0,5098.0,5086.0,5086.0,4.0,15.0,0.6872836056292991,187.3,0.874348350672707,0.8648389735232684,0.87328694699225,0.9006900150237952,0.871944863315966,0.8595746280391693,0.2031212771026924,87854.0,2.0,0.8648389735232684,2.0,identity_features_keep,,,False,True,results_v2_seeds/binary/results.csv
entity,NF-ToN-IoT-v3,autoencoder,disjoint_ip,keep,binary,2,ok,,52.0,2.0,409983.0,87853.0,87854.0,0.0,0.0,0.0,5098.0,5086.0,5086.0,10.0,21.0,0.7872667577673432,179.8,0.8243677009584083,0.81717300675198,0.8257192862712294,0.8534412340191105,0.8135236292425837,0.823339836314048,0.1810221586847748,87854.0,2.0,0.81717300675198,2.0,identity_features_keep,,,False,False,results_v2_seeds/binary/results.csv
entity,NF-ToN-IoT-v3,xgboost,disjoint_ip,drop,binary,2,ok,,48.0,2.0,409983.0,87853.0,87854.0,0.0,0.0,0.0,5098.0,5086.0,5086.0,25.0,25.0,0.818715915983626,4.0,0.8812006283151592,0.8654661270362749,0.8763077194967662,0.9114750761244794,0.9109878293533384,0.8476833085660728,0.2945556349773648,87854.0,2.0,0.8654661270362749,2.0,identity_features_drop,,,False,False,results_v2_seeds/binary/results.csv
entity,NF-ToN-IoT-v3,mlp,disjoint_ip,drop,binary,2,ok,,48.0,2.0,409983.0,87853.0,87854.0,0.0,0.0,0.0,5098.0,5086.0,5086.0,10.0,21.0,0.8149545369709266,142.7,0.8781842602499602,0.8622404405357191,0.8732839682299182,0.909106351174602,0.9061172167249216,0.8449354654853884,0.2961639266142483,87854.0,2.0,0.8622404405357191,2.0,identity_features_drop,,,False,False,results_v2_seeds/binary/results.csv
entity,NF-ToN-IoT-v3,transformer,disjoint_ip,drop,binary,2,ok,,48.0,2.0,409983.0,87853.0,87854.0,0.0,0.0,0.0,5098.0,5086.0,5086.0,58.0,69.0,0.7978102630299017,784.1,0.8919798757028706,0.87852157531538,0.8880494371108056,0.918955387032862,0.918758749316359,0.8613767012890328,0.2684953538241601,87854.0,2.0,0.87852157531538,2.0,identity_features_drop,,,False,False,results_v2_seeds/binary/results.csv
entity,NF-ToN-IoT-v3,autoencoder,disjoint_ip,drop,binary,2,ok,,48.0,2.0,409983.0,87853.0,87854.0,0.0,0.0,0.0,5098.0,5086.0,5086.0,18.0,29.0,0.7427566141077449,208.3,0.8955198397341043,0.8845768360842636,0.892951464066926,0.9201166180758016,0.9099838874236916,0.8713469541721528,0.2312365975696926,87854.0,2.0,0.8845768360842636,2.0,identity_features_drop,,,False,False,results_v2_seeds/binary/results.csv
entity,NF-UNSW-NB15-v2,xgboost,random,keep,binary,2,ok,,43.0,2.0,608758.0,130448.0,130448.0,0.0,0.0,0.0,39.0,38.0,39.0,435.0,435.0,0.9834576134437722,11.5,0.99346099595241,0.9835407441032666,0.993525548656177,0.9707626392459298,0.9742399833927818,0.993345108876053,0.0065065840433772,130448.0,2.0,0.9835407441032666,2.0,identity_features_keep,,,False,False,results_v2_seeds/binary/results.csv
entity,NF-UNSW-NB15-v2,mlp,random,keep,binary,2,ok,,43.0,2.0,608758.0,130448.0,130448.0,0.0,0.0,0.0,39.0,38.0,39.0,32.0,43.0,0.9715568633036116,396.0,0.9890991046240648,0.9731474512602364,0.9893196373186174,0.9524510131746138,0.9550044444681958,0.9933884768553584,0.0121008692658576,130448.0,2.0,0.9731474512602364,2.0,identity_features_keep,,,False,False,results_v2_seeds/binary/results.csv
entity,NF-UNSW-NB15-v2,transformer,random,keep,binary,2,ok,,43.0,2.0,608758.0,130448.0,130448.0,0.0,0.0,0.0,39.0,38.0,39.0,33.0,44.0,0.9736713150332346,770.9,0.9899193548387096,0.975078719047241,0.9901061435492624,0.9558472954369942,0.9583174824204564,0.9936028116768754,0.0111111111111111,130448.0,2.0,0.975078719047241,2.0,identity_features_keep,,,False,False,results_v2_seeds/binary/results.csv
entity,NF-UNSW-NB15-v2,autoencoder,random,keep,binary,2,ok,,43.0,2.0,608758.0,130448.0,130448.0,0.0,0.0,0.0,39.0,38.0,39.0,36.0,47.0,0.9725129231413332,500.0,0.9892370906414816,0.9734626338413668,0.989450085176198,0.9530026109660574,0.955682384437022,0.9932505830396088,0.0118857044496084,130448.0,2.0,0.9734626338413668,2.0,identity_features_keep,,,False,False,results_v2_seeds/binary/results.csv
entity,NF-UNSW-NB15-v2,xgboost,random,drop,binary,2,ok,,39.0,2.0,608758.0,130448.0,130448.0,0.0,0.0,0.0,39.0,38.0,39.0,532.0,532.0,0.9789910074092084,18.3,0.9915598552679996,0.9789106487028134,0.991673166877188,0.962577750586316,0.9665010364265584,0.9922471266517996,0.0086324124279197,130448.0,2.0,0.9789106487028134,2.0,identity_features_drop,,,False,False,results_v2_seeds/binary/results.csv
entity,NF-UNSW-NB15-v2,mlp,random,drop,binary,2,ok,,39.0,2.0,608758.0,130448.0,130448.0,0.0,0.0,0.0,39.0,38.0,39.0,25.0,36.0,0.9715715759705432,345.0,0.9890301116153564,0.9729751383917586,0.9892515870528332,0.9521452697053808,0.954873822550836,0.9931651587744912,0.0121266890438075,130448.0,2.0,0.9729751383917586,2.0,identity_features_drop,,,False,False,results_v2_seeds/binary/results.csv
entity,NF-UNSW-NB15-v2,transformer,random,drop,binary,2,ok,,39.0,2.0,608758.0,130448.0,130448.0,0.0,0.0,0.0,39.0,38.0,39.0,27.0,38.0,0.9726692044924824,671.0,0.9894823991168896,0.974035684438564,0.9896844333511732,0.954009117725932,0.9567292895329192,0.993234464843723,0.0115672605215595,130448.0,2.0,0.974035684438564,2.0,identity_features_drop,,,False,False,results_v2_seeds/binary/results.csv
entity,NF-UNSW-NB15-v2,autoencoder,random,drop,binary,2,ok,,39.0,2.0,608758.0,130448.0,130448.0,0.0,0.0,0.0,39.0,38.0,39.0,25.0,36.0,0.9716813244879507,429.1,0.9890914387342082,0.9731246559536352,0.9893113756209488,0.9524096184074112,0.95504094849129,0.9932918793520622,0.0120836560805577,130448.0,2.0,0.9731246559536352,2.0,identity_features_drop,,,False,False,results_v2_seeds/binary/results.csv
entity,NF-UNSW-NB15-v2,xgboost,temporal,keep,binary,2,skipped,dataset has no timestamp column,,,,,,,,,,,,,,,,,,,,,,,,,,,,,,,,results_v2_seeds/binary/results.csv
entity,NF-UNSW-NB15-v2,mlp,temporal,keep,binary,2,skipped,dataset has no timestamp column,,,,,,,,,,,,,,,,,,,,,,,,,,,,,,,,results_v2_seeds/binary/results.csv
entity,NF-UNSW-NB15-v2,transformer,temporal,keep,binary,2,skipped,dataset has no timestamp column,,,,,,,,,,,,,,,,,,,,,,,,,,,,,,,,results_v2_seeds/binary/results.csv
entity,NF-UNSW-NB15-v2,autoencoder,temporal,keep,binary,2,skipped,dataset has no timestamp column,,,,,,,,,,,,,,,,,,,,,,,,,,,,,,,,results_v2_seeds/binary/results.csv
entity,NF-UNSW-NB15-v2,xgboost,temporal,drop,binary,2,skipped,dataset has no timestamp column,,,,,,,,,,,,,,,,,,,,,,,,,,,,,,,,results_v2_seeds/binary/results.csv
entity,NF-UNSW-NB15-v2,mlp,temporal,drop,binary,2,skipped,dataset has no timestamp column,,,,,,,,,,,,,,,,,,,,,,,,,,,,,,,,results_v2_seeds/binary/results.csv
entity,NF-UNSW-NB15-v2,transformer,temporal,drop,binary,2,skipped,dataset has no timestamp column,,,,,,,,,,,,,,,,,,,,,,,,,,,,,,,,results_v2_seeds/binary/results.csv
entity,NF-UNSW-NB15-v2,autoencoder,temporal,drop,binary,2,skipped,dataset has no timestamp column,,,,,,,,,,,,,,,,,,,,,,,,,,,,,,,,results_v2_seeds/binary/results.csv
entity,NF-UNSW-NB15-v2,xgboost,disjoint_ip,keep,binary,2,skipped,"no entity-disjoint partition over 40 entities gives every split >= 3 entities, >= 5% of rows and >= 2 classes",,,,,,,,,,,,,,,,,,,,,,,,,,,,,,,,results_v2_seeds/binary/results.csv
entity,NF-UNSW-NB15-v2,mlp,disjoint_ip,keep,binary,2,skipped,"no entity-disjoint partition over 40 entities gives every split >= 3 entities, >= 5% of rows and >= 2 classes",,,,,,,,,,,,,,,,,,,,,,,,,,,,,,,,results_v2_seeds/binary/results.csv
entity,NF-UNSW-NB15-v2,transformer,disjoint_ip,keep,binary,2,skipped,"no entity-disjoint partition over 40 entities gives every split >= 3 entities, >= 5% of rows and >= 2 classes",,,,,,,,,,,,,,,,,,,,,,,,,,,,,,,,results_v2_seeds/binary/results.csv
entity,NF-UNSW-NB15-v2,autoencoder,disjoint_ip,keep,binary,2,skipped,"no entity-disjoint partition over 40 entities gives every split >= 3 entities, >= 5% of rows and >= 2 classes",,,,,,,,,,,,,,,,,,,,,,,,,,,,,,,,results_v2_seeds/binary/results.csv
entity,NF-UNSW-NB15-v2,xgboost,disjoint_ip,drop,binary,2,skipped,"no entity-disjoint partition over 40 entities gives every split >= 3 entities, >= 5% of rows and >= 2 classes",,,,,,,,,,,,,,,,,,,,,,,,,,,,,,,,results_v2_seeds/binary/results.csv
entity,NF-UNSW-NB15-v2,mlp,disjoint_ip,drop,binary,2,skipped,"no entity-disjoint partition over 40 entities gives every split >= 3 entities, >= 5% of rows and >= 2 classes",,,,,,,,,,,,,,,,,,,,,,,,,,,,,,,,results_v2_seeds/binary/results.csv
entity,NF-UNSW-NB15-v2,transformer,disjoint_ip,drop,binary,2,skipped,"no entity-disjoint partition over 40 entities gives every split >= 3 entities, >= 5% of rows and >= 2 classes",,,,,,,,,,,,,,,,,,,,,,,,,,,,,,,,results_v2_seeds/binary/results.csv
entity,NF-UNSW-NB15-v2,autoencoder,disjoint_ip,drop,binary,2,skipped,"no entity-disjoint partition over 40 entities gives every split >= 3 entities, >= 5% of rows and >= 2 classes",,,,,,,,,,,,,,,,,,,,,,,,,,,,,,,,results_v2_seeds/binary/results.csv
entity,NF-UNSW-NB15-v3,xgboost,random,keep,binary,2,ok,,52.0,2.0,595896.0,127692.0,127692.0,0.0,0.0,0.0,40.0,39.0,39.0,418.0,418.0,1.0,10.5,1.0,1.0,1.0,1.0,1.0,1.0,0.0,127692.0,2.0,1.0,2.0,identity_features_keep,,,False,False,results_v2_seeds/binary/results.csv
entity,NF-UNSW-NB15-v3,mlp,random,keep,binary,2,ok,,52.0,2.0,595896.0,127692.0,127692.0,0.0,0.0,0.0,40.0,39.0,39.0,11.0,22.0,0.9996163035725306,186.9,0.999819879084046,0.9996469841200256,0.9998199197137724,0.9993999321662448,0.999421728802482,0.999872548798322,0.0002026939873592,127692.0,2.0,0.9996469841200256,2.0,identity_features_keep,,,False,False,results_v2_seeds/binary/results.csv
entity,NF-UNSW-NB15-v3,transformer,random,keep,binary,2,ok,,52.0,2.0,595896.0,127692.0,127692.0,0.0,0.0,0.0,40.0,39.0,39.0,17.0,28.0,0.9999232310276612,475.4,0.999992168655828,0.9999846448853305,0.9999921687400024,0.9999738964734136,0.9999738971547898,0.9999953933184692,9.213363061784812e-06,127692.0,2.0,0.9999846448853305,2.0,identity_features_keep,,,False,False,results_v2_seeds/binary/results.csv
entity,NF-UNSW-NB15-v3,autoencoder,random,keep,binary,2,ok,,52.0,2.0,595896.0,127692.0,127692.0,0.0,0.0,0.0,40.0,39.0,39.0,12.0,23.0,0.9996623253823164,256.1,0.9998042163957022,0.9996162870869842,0.9998042605584484,0.999347752354614,0.999391045610179,0.9998418379087928,0.000211907350421,127692.0,2.0,0.9996162870869842,2.0,identity_features_keep,,,False,False,results_v2_seeds/binary/results.csv
entity,NF-UNSW-NB15-v3,xgboost,random,drop,binary,2,ok,,48.0,2.0,595896.0,127692.0,127692.0,0.0,0.0,0.0,40.0,39.0,39.0,323.0,323.0,0.9999692904308156,11.6,0.999992168655828,0.9999846448853305,0.9999921687400024,0.9999738964734136,0.9999738971547898,0.9999953933184692,9.213363061784812e-06,127692.0,2.0,0.9999846448853305,2.0,identity_features_drop,,,False,False,results_v2_seeds/binary/results.csv
entity,NF-UNSW-NB15-v3,mlp,random,drop,binary,2,ok,,48.0,2.0,595896.0,127692.0,127692.0,0.0,0.0,0.0,40.0,39.0,39.0,17.0,28.0,0.9995396137343032,266.8,0.9997963850515302,0.9996009299972832,0.999796428795108,0.999321644750574,0.9993864068857736,0.9998157337007944,0.000211907350421,127692.0,2.0,0.9996009299972832,2.0,identity_features_drop,,,False,False,results_v2_seeds/binary/results.csv
entity,NF-UNSW-NB15-v3,transformer,random,drop,binary,2,ok,,48.0,2.0,595896.0,127692.0,127692.0,0.0,0.0,0.0,40.0,39.0,39.0,14.0,25.0,0.9994169692790013,426.2,0.9997650596748426,0.9995396137343032,0.9997651303190784,0.9992174457429048,0.9992394751242316,0.999840302027606,0.0002671875287917,127692.0,2.0,0.9995396137343032,2.0,identity_features_drop,,,False,False,results_v2_seeds/binary/results.csv
entity,NF-UNSW-NB15-v3,autoencoder,random,drop,binary,2,ok,,48.0,2.0,595896.0,127692.0,127692.0,0.0,0.0,0.0,40.0,39.0,39.0,24.0,35.0,0.9996163035725306,423.8,0.9998042163957022,0.9996162870869842,0.9998042605584484,0.999347752354614,0.999391045610179,0.9998418379087928,0.000211907350421,127692.0,2.0,0.9996162870869842,2.0,identity_features_drop,,,False,False,results_v2_seeds/binary/results.csv
entity,NF-UNSW-NB15-v3,xgboost,temporal,keep,binary,2,ok,,52.0,2.0,595896.0,127692.0,127692.0,0.0,0.0,0.0,40.0,38.0,38.0,127.0,127.0,0.9999886914322668,8.5,1.0,1.0,1.0,1.0,1.0,1.0,0.0,127692.0,2.0,1.0,2.0,identity_features_keep,,,False,False,results_v2_seeds/binary/results.csv
entity,NF-UNSW-NB15-v3,mlp,temporal,keep,binary,2,ok,,52.0,2.0,595896.0,127692.0,127692.0,0.0,0.0,0.0,40.0,38.0,38.0,4.0,15.0,0.9996269388900364,144.9,0.9996867462331236,0.9995577993171922,0.99968678737406,0.999319009840308,0.9994266575824422,0.9996890937538084,0.0003152520999857,127692.0,2.0,0.9995577993171922,2.0,identity_features_keep,,,False,True,results_v2_seeds/binary/results.csv
entity,NF-UNSW-NB15-v3,transformer,temporal,keep,binary,2,ok,,52.0,2.0,595896.0,127692.0,127692.0,0.0,0.0,0.0,40.0,38.0,38.0,5.0,16.0,0.999592968125456,279.6,0.9997024089214672,0.9995799394418357,0.9997024586567088,0.9993531254255754,0.9994130773354112,0.999747048862872,0.0003355909451461,127692.0,2.0,0.9995799394418357,2.0,identity_features_keep,,,False,True,results_v2_seeds/binary/results.csv
entity,NF-UNSW-NB15-v3,autoencoder,temporal,keep,binary,2,ok,,52.0,2.0,595896.0,127692.0,127692.0,0.0,0.0,0.0,40.0,38.0,38.0,11.0,22.0,0.9996721666357584,278.8,0.999725902953983,0.9996130790221426,0.9997259405875948,0.9994041437545752,0.9994759683768424,0.9997503565751216,0.0002949132548253,127692.0,2.0,0.9996130790221426,2.0,identity_features_keep,,,False,False,results_v2_seeds/binary/results.csv
entity,NF-UNSW-NB15-v3,xgboost,temporal,drop,binary,2,ok,,48.0,2.0,595896.0,127692.0,127692.0,0.0,0.0,0.0,40.0,38.0,38.0,439.0,439.0,0.9999773831481812,10.7,0.999992168655828,0.9999889422099996,0.999992168702605,0.9999829691571436,0.9999829694471882,0.99999491528871,1.0169422580185896e-05,127692.0,2.0,0.9999889422099996,2.0,identity_features_drop,,,False,False,results_v2_seeds/binary/results.csv
entity,NF-UNSW-NB15-v3,mlp,temporal,drop,binary,2,ok,,48.0,2.0,595896.0,127692.0,127692.0,0.0,0.0,0.0,40.0,38.0,38.0,6.0,17.0,0.9996834593334596,169.6,0.999725902953983,0.9996130882608096,0.9997259438579196,0.9994041640421512,0.9994640707100492,0.9997623029967424,0.0003050826774055,127692.0,2.0,0.9996130882608096,2.0,identity_features_drop,,,False,False,results_v2_seeds/binary/results.csv
entity,NF-UNSW-NB15-v3,transformer,temporal,drop,binary,2,ok,,48.0,2.0,595896.0,127692.0,127692.0,0.0,0.0,0.0,40.0,38.0,38.0,22.0,33.0,0.9997173425195224,606.0,0.9997728910190145,0.9996794006771494,0.9997729194911656,0.9995062737286547,0.9995541828323796,0.9998047576861038,0.0002542355645046,127692.0,2.0,0.9996794006771494,2.0,identity_features_drop,,,False,False,results_v2_seeds/binary/results.csv
entity,NF-UNSW-NB15-v3,autoencoder,temporal,drop,binary,2,ok,,48.0,2.0,595896.0,127692.0,127692.0,0.0,0.0,0.0,40.0,38.0,38.0,6.0,17.0,0.9996382301698724,250.5,0.9997024089214672,0.9995799193822702,0.9997024515561832,0.9993530813755532,0.9994368644675368,0.9997231560196304,0.0003152520999857,127692.0,2.0,0.9995799193822702,2.0,identity_features_drop,,,False,False,results_v2_seeds/binary/results.csv
entity,NF-UNSW-NB15-v3,xgboost,disjoint_ip,keep,binary,2,skipped,"no entity-disjoint partition over 40 entities gives every split >= 3 entities, >= 5% of rows and >= 2 classes",,,,,,,,,,,,,,,,,,,,,,,,,,,,,,,,results_v2_seeds/binary/results.csv
entity,NF-UNSW-NB15-v3,mlp,disjoint_ip,keep,binary,2,skipped,"no entity-disjoint partition over 40 entities gives every split >= 3 entities, >= 5% of rows and >= 2 classes",,,,,,,,,,,,,,,,,,,,,,,,,,,,,,,,results_v2_seeds/binary/results.csv
entity,NF-UNSW-NB15-v3,transformer,disjoint_ip,keep,binary,2,skipped,"no entity-disjoint partition over 40 entities gives every split >= 3 entities, >= 5% of rows and >= 2 classes",,,,,,,,,,,,,,,,,,,,,,,,,,,,,,,,results_v2_seeds/binary/results.csv
entity,NF-UNSW-NB15-v3,autoencoder,disjoint_ip,keep,binary,2,skipped,"no entity-disjoint partition over 40 entities gives every split >= 3 entities, >= 5% of rows and >= 2 classes",,,,,,,,,,,,,,,,,,,,,,,,,,,,,,,,results_v2_seeds/binary/results.csv
entity,NF-UNSW-NB15-v3,xgboost,disjoint_ip,drop,binary,2,skipped,"no entity-disjoint partition over 40 entities gives every split >= 3 entities, >= 5% of rows and >= 2 classes",,,,,,,,,,,,,,,,,,,,,,,,,,,,,,,,results_v2_seeds/binary/results.csv
entity,NF-UNSW-NB15-v3,mlp,disjoint_ip,drop,binary,2,skipped,"no entity-disjoint partition over 40 entities gives every split >= 3 entities, >= 5% of rows and >= 2 classes",,,,,,,,,,,,,,,,,,,,,,,,,,,,,,,,results_v2_seeds/binary/results.csv
entity,NF-UNSW-NB15-v3,transformer,disjoint_ip,drop,binary,2,skipped,"no entity-disjoint partition over 40 entities gives every split >= 3 entities, >= 5% of rows and >= 2 classes",,,,,,,,,,,,,,,,,,,,,,,,,,,,,,,,results_v2_seeds/binary/results.csv
entity,NF-UNSW-NB15-v3,autoencoder,disjoint_ip,drop,binary,2,skipped,"no entity-disjoint partition over 40 entities gives every split >= 3 entities, >= 5% of rows and >= 2 classes",,,,,,,,,,,,,,,,,,,,,,,,,,,,,,,,results_v2_seeds/binary/results.csv
entity,NF-BoT-IoT-v2,egraphsage,random,keep,binary,1,ok,,43.0,2.0,674497.0,144536.0,144534.0,0.0,0.0,0.0,19.0,15.0,17.0,98.0,100.0,0.9822050211158616,226.8,0.9915867546736408,0.9829515887898322,0.9916841336636198,0.9950848430464272,0.9721487217491444,0.99452924408745,0.0013823747222907,144534.0,2.0,0.9829515887898322,2.0,identity_in_features_and_topology,293.0,0.0001,False,False,results_v2_seeds/graph/results.csv
entity,NF-BoT-IoT-v2,egraphsage,random,keep,binary,2,ok,,43.0,2.0,674497.0,144536.0,144534.0,0.0,0.0,0.0,19.0,13.0,14.0,87.0,98.0,0.979640937330432,220.5,0.990500505071471,0.9808082262427158,0.9906242146072114,0.9944468486978608,0.968760160721233,0.993835614597648,0.001530486299679,144534.0,2.0,0.9808082262427158,2.0,identity_in_features_and_topology,293.0,0.0002,False,False,results_v2_seeds/graph/results.csv
entity,NF-BoT-IoT-v2,egraphsage,random,drop,binary,1,ok,,39.0,2.0,674497.0,144536.0,144534.0,0.0,0.0,0.0,19.0,15.0,17.0,65.0,76.0,0.8964295280690664,171.3,0.9425602280432286,0.8975749856977983,0.9464291486207832,0.9654543941411452,0.8547387540666054,0.965938159196593,0.0015798568254751,144534.0,2.0,0.8975749856977983,2.0,graph_topology_retains_identity,293.0,0.0001,False,False,results_v2_seeds/graph/results.csv
entity,NF-BoT-IoT-v2,egraphsage,random,drop,binary,2,ok,,39.0,2.0,674497.0,144536.0,144534.0,0.0,0.0,0.0,19.0,13.0,14.0,44.0,55.0,0.8891310717560175,125.8,0.9377585896744018,0.8899354698869318,0.9421517791149504,0.9624863431273613,0.8465089070262082,0.9612864692015528,0.0060232041471241,144534.0,2.0,0.8899354698869318,2.0,graph_topology_retains_identity,293.0,0.0002,False,False,results_v2_seeds/graph/results.csv
entity,NF-BoT-IoT-v2,egraphsage,temporal,keep,binary,1,skipped,dataset has no timestamp column,,,,,,,,,,,,,,,,,,,,,,,,,,,,,,,,results_v2_seeds/graph/results.csv
entity,NF-BoT-IoT-v2,egraphsage,temporal,keep,binary,2,skipped,dataset has no timestamp column,,,,,,,,,,,,,,,,,,,,,,,,,,,,,,,,results_v2_seeds/graph/results.csv
entity,NF-BoT-IoT-v2,egraphsage,temporal,drop,binary,1,skipped,dataset has no timestamp column,,,,,,,,,,,,,,,,,,,,,,,,,,,,,,,,results_v2_seeds/graph/results.csv
entity,NF-BoT-IoT-v2,egraphsage,temporal,drop,binary,2,skipped,dataset has no timestamp column,,,,,,,,,,,,,,,,,,,,,,,,,,,,,,,,results_v2_seeds/graph/results.csv
entity,NF-BoT-IoT-v2,egraphsage,disjoint_ip,keep,binary,1,ok,,43.0,2.0,512013.0,224753.0,226801.0,0.0,0.0,0.0,14.0,3.0,3.0,63.0,74.0,0.9519848132328036,126.5,0.9700883153072516,0.9100379871940636,0.9689573019444434,0.9835379762193642,0.9443108372440574,0.8817934081580676,0.228351706970128,226801.0,2.0,0.9100379871940636,2.0,identity_in_features_and_topology,293.0,0.0167,False,False,results_v2_seeds/graph/results.csv
entity,NF-BoT-IoT-v2,egraphsage,disjoint_ip,keep,binary,2,ok,,43.0,2.0,512013.0,224753.0,226801.0,0.0,0.0,0.0,14.0,3.0,3.0,49.0,60.0,0.9423835481294668,104.1,0.966014259196388,0.8988270905608696,0.9649186048337411,0.9812741725458184,0.9268355607787508,0.8751016202999635,0.2383090327169274,226801.0,2.0,0.8988270905608696,2.0,identity_in_features_and_topology,293.0,0.0167,False,False,results_v2_seeds/graph/results.csv
entity,NF-BoT-IoT-v2,egraphsage,disjoint_ip,drop,binary,1,ok,,39.0,2.0,512013.0,224753.0,226801.0,0.0,0.0,0.0,14.0,3.0,3.0,4.0,15.0,0.7519918140574868,31.3,0.8807544940278041,0.7540441913147633,0.8955599874788247,0.9305806888798196,0.7117809836086162,0.8544594377886547,0.1783428165007112,226801.0,2.0,0.7540441913147633,2.0,graph_topology_retains_identity,293.0,0.0167,False,True,results_v2_seeds/graph/results.csv
entity,NF-BoT-IoT-v2,egraphsage,disjoint_ip,drop,binary,2,ok,,39.0,2.0,512013.0,224753.0,226801.0,0.0,0.0,0.0,14.0,3.0,3.0,24.0,35.0,0.7674437193774573,63.2,0.8726107909577119,0.7401799813878063,0.8888766486335309,0.925674389409398,0.7000674663673827,0.8402475976041732,0.200124466571835,226801.0,2.0,0.7401799813878063,2.0,graph_topology_retains_identity,293.0,0.0167,False,False,results_v2_seeds/graph/results.csv
entity,NF-BoT-IoT-v2,egraphsage,random,keep,multiclass,1,ok,,43.0,5.0,674497.0,144536.0,144534.0,0.0,0.0,0.0,19.0,15.0,17.0,93.0,100.0,0.933262882231382,225.1,0.9737570398660524,0.9311791062704042,0.9739499138964488,,0.9022209241312554,0.973697538662269,0.0179215008639842,144534.0,5.0,0.9311791062704042,5.0,identity_in_features_and_topology,293.0,0.0001,False,False,results_v2_seeds/graph/results.csv
entity,NF-BoT-IoT-v2,egraphsage,random,keep,multiclass,2,ok,,43.0,5.0,674497.0,144536.0,144534.0,0.0,0.0,0.0,19.0,13.0,14.0,96.0,100.0,0.937739593735035,225.1,0.9763377475196148,0.93597243785156,0.9764596144394776,,0.9093946498808232,0.97448032890386,0.0109602567267341,144534.0,5.0,0.93597243785156,5.0,identity_in_features_and_topology,293.0,0.0002,False,False,results_v2_seeds/graph/results.csv
entity,NF-BoT-IoT-v2,egraphsage,random,drop,multiclass,1,ok,,39.0,5.0,674497.0,144536.0,144534.0,0.0,0.0,0.0,19.0,15.0,17.0,77.0,88.0,0.8902237375397167,197.9,0.9468152822173328,0.8878704834322892,0.94812329243893,,0.8601142843230241,0.9368979045358968,0.1887928906442853,144534.0,5.0,0.8878704834322892,5.0,graph_topology_retains_identity,293.0,0.0001,False,False,results_v2_seeds/graph/results.csv
entity,NF-BoT-IoT-v2,egraphsage,random,drop,multiclass,2,ok,,39.0,5.0,674497.0,144536.0,144534.0,0.0,0.0,0.0,19.0,13.0,14.0,94.0,100.0,0.8927308813684979,223.8,0.9483304966305506,0.8925477129895899,0.9496140359612144,,0.865154490467374,0.9383695429802684,0.1729449518637373,144534.0,5.0,0.8925477129895899,5.0,graph_topology_retains_identity,293.0,0.0002,False,False,results_v2_seeds/graph/results.csv
entity,NF-BoT-IoT-v2,egraphsage,temporal,keep,multiclass,1,skipped,dataset has no timestamp column,,,,,,,,,,,,,,,,,,,,,,,,,,,,,,,,results_v2_seeds/graph/results.csv
entity,NF-BoT-IoT-v2,egraphsage,temporal,keep,multiclass,2,skipped,dataset has no timestamp column,,,,,,,,,,,,,,,,,,,,,,,,,,,,,,,,results_v2_seeds/graph/results.csv
entity,NF-BoT-IoT-v2,egraphsage,temporal,drop,multiclass,1,skipped,dataset has no timestamp column,,,,,,,,,,,,,,,,,,,,,,,,,,,,,,,,results_v2_seeds/graph/results.csv
entity,NF-BoT-IoT-v2,egraphsage,temporal,drop,multiclass,2,skipped,dataset has no timestamp column,,,,,,,,,,,,,,,,,,,,,,,,,,,,,,,,results_v2_seeds/graph/results.csv
entity,NF-BoT-IoT-v2,egraphsage,disjoint_ip,keep,multiclass,1,ok,,43.0,5.0,512013.0,224753.0,226801.0,0.0,0.0,0.0,14.0,3.0,3.0,21.0,32.0,0.6973484561078582,59.4,0.9252913346942916,0.7746188613790237,0.9257692082453622,,0.7780842318414181,0.7746439736573432,0.2473328591749644,226801.0,5.0,0.7746188613790237,5.0,identity_in_features_and_topology,293.0,0.0167,False,False,results_v2_seeds/graph/results.csv
entity,NF-BoT-IoT-v2,egraphsage,disjoint_ip,keep,multiclass,2,ok,,43.0,5.0,512013.0,224753.0,226801.0,0.0,0.0,0.0,14.0,3.0,3.0,20.0,31.0,0.6935047958655142,57.8,0.920930683727144,0.7672578209201523,0.9222342834919084,,0.7716463316509681,0.7663594164108193,0.2342638691322902,226801.0,5.0,0.7672578209201523,5.0,identity_in_features_and_topology,293.0,0.0167,False,False,results_v2_seeds/graph/results.csv
entity,NF-BoT-IoT-v2,egraphsage,disjoint_ip,drop,multiclass,1,ok,,39.0,5.0,512013.0,224753.0,226801.0,0.0,0.0,0.0,14.0,3.0,3.0,27.0,38.0,0.5515986495150006,68.5,0.7984224055449491,0.6366859504742696,0.8179943536427358,,0.6629936819846651,0.63676695760875,0.5519203413940256,226801.0,5.0,0.6366859504742696,5.0,graph_topology_retains_identity,293.0,0.0167,False,False,results_v2_seeds/graph/results.csv
entity,NF-BoT-IoT-v2,egraphsage,disjoint_ip,drop,multiclass,2,ok,,39.0,5.0,512013.0,224753.0,226801.0,0.0,0.0,0.0,14.0,3.0,3.0,22.0,33.0,0.6215352771525131,60.5,0.8808206313023311,0.6941404944138577,0.8836877466919469,,0.6996869158183256,0.6910809056059752,0.4742176386913229,226801.0,5.0,0.6941404944138577,5.0,graph_topology_retains_identity,293.0,0.0167,False,False,results_v2_seeds/graph/results.csv
entity,NF-BoT-IoT-v3,egraphsage,random,keep,binary,1,ok,,52.0,2.0,700000.0,150000.0,150000.0,0.0,0.0,0.0,19.0,16.0,14.0,32.0,43.0,0.9164032728118694,98.2,0.9804066666666666,0.9110793710151291,0.981895837098074,0.9895945079961904,0.8580532981749115,0.9866674776976612,0.0063910796845254,150000.0,2.0,0.9110793710151291,2.0,identity_in_features_and_topology,291.0,0.0001,False,False,results_v2_seeds/graph/results.csv
entity,NF-BoT-IoT-v3,egraphsage,random,keep,binary,2,ok,,52.0,2.0,700000.0,150000.0,150000.0,0.0,0.0,0.0,19.0,15.0,15.0,38.0,49.0,0.918066493269854,111.2,0.9827466666666668,0.9201656140111448,0.9839181235052252,0.9908488504487176,0.8709054634424769,0.9876398559932608,0.0069350013598041,150000.0,2.0,0.9201656140111448,2.0,identity_in_features_and_topology,291.0,0.0001,False,False,results_v2_seeds/graph/results.csv
entity,NF-BoT-IoT-v3,egraphsage,random,drop,binary,1,ok,,48.0,2.0,700000.0,150000.0,150000.0,0.0,0.0,0.0,19.0,16.0,14.0,99.0,100.0,0.8634168249754162,215.8,0.96466,0.8578571268616165,0.968988036874754,0.98106941215543,0.7906016726087826,0.9803872768771392,0.002175686701115,150000.0,2.0,0.8578571268616165,2.0,graph_topology_retains_identity,291.0,0.0001,False,False,results_v2_seeds/graph/results.csv
entity,NF-BoT-IoT-v3,egraphsage,random,drop,binary,2,ok,,48.0,2.0,700000.0,150000.0,150000.0,0.0,0.0,0.0,19.0,15.0,15.0,47.0,58.0,0.8568623459879436,128.4,0.9649666666666666,0.8587359027174233,0.9692256320025472,0.9812373025989282,0.7916767787383421,0.9802905750723502,0.0027196083763937,150000.0,2.0,0.8587359027174233,2.0,graph_topology_retains_identity,291.0,0.0001,False,False,results_v2_seeds/graph/results.csv
entity,NF-BoT-IoT-v3,egraphsage,temporal,keep,binary,1,ok,,52.0,2.0,700000.0,150000.0,150000.0,0.0,0.0,0.0,17.0,13.0,14.0,19.0,30.0,0.99782881057206,76.4,0.99934,0.9783026253067988,0.9993333056877708,0.9996674515705356,0.9882095331560674,0.9687958557144492,0.062233589087809,150000.0,2.0,0.9783026253067988,2.0,identity_in_features_and_topology,291.0,0.0003,False,False,results_v2_seeds/graph/results.csv
entity,NF-BoT-IoT-v3,egraphsage,temporal,keep,binary,2,ok,,52.0,2.0,700000.0,150000.0,150000.0,0.0,0.0,0.0,17.0,13.0,14.0,10.0,21.0,0.99782881057206,55.8,0.9991933333333334,0.9731799877237046,0.9991804787148174,0.9995935874139732,0.9887651871298614,0.958572395897212,0.082693947144075,150000.0,2.0,0.9731799877237046,2.0,identity_in_features_and_topology,291.0,0.0003,False,False,results_v2_seeds/graph/results.csv
entity,NF-BoT-IoT-v3,egraphsage,temporal,drop,binary,1,ok,,48.0,2.0,700000.0,150000.0,150000.0,0.0,0.0,0.0,17.0,13.0,14.0,5.0,16.0,0.99782881057206,43.5,0.9954,0.8785460128535916,0.9958145786184543,0.9976777997657608,0.8209557378912686,0.9621584525000852,0.0716112531969309,150000.0,2.0,0.8785460128535916,2.0,graph_topology_retains_identity,291.0,0.0003,False,True,results_v2_seeds/graph/results.csv
entity,NF-BoT-IoT-v3,egraphsage,temporal,drop,binary,2,ok,,48.0,2.0,700000.0,150000.0,150000.0,0.0,0.0,0.0,17.0,13.0,14.0,5.0,16.0,0.99782881057206,43.5,0.99686,0.9092195554296983,0.9970211485753346,0.99841618384373,0.8712008227084906,0.9561278404282616,0.0852514919011082,150000.0,2.0,0.9092195554296983,2.0,graph_topology_retains_identity,291.0,0.0003,False,True,results_v2_seeds/graph/results.csv
entity,NF-BoT-IoT-v3,egraphsage,disjoint_ip,keep,binary,1,ok,,52.0,2.0,505784.0,247799.0,246417.0,0.0,0.0,0.0,14.0,3.0,3.0,50.0,61.0,0.881265648856588,106.8,0.9746851881160796,0.8763438549225901,0.975479970427658,0.9866185581163872,0.8543126681071407,0.9018026182348832,0.1792687826436319,246417.0,2.0,0.8763438549225901,2.0,identity_in_features_and_topology,291.0,0.0117,False,False,results_v2_seeds/graph/results.csv
entity,NF-BoT-IoT-v3,egraphsage,disjoint_ip,keep,binary,2,ok,,52.0,2.0,505784.0,246417.0,247799.0,0.0,0.0,0.0,14.0,3.0,3.0,41.0,52.0,0.8746900206223043,92.3,0.9742291131118366,0.8759652380138017,0.9752636150726618,0.98636513094684,0.84835614682818,0.909202078116639,0.1630949514407255,247799.0,2.0,0.8759652380138017,2.0,identity_in_features_and_topology,291.0,0.0107,False,False,results_v2_seeds/graph/results.csv
entity,NF-BoT-IoT-v3,egraphsage,disjoint_ip,drop,binary,1,ok,,48.0,2.0,505784.0,247799.0,246417.0,0.0,0.0,0.0,14.0,3.0,3.0,38.0,49.0,0.7513460113665493,86.2,0.9443747793374644,0.7784789673538433,0.9508170254712084,0.9701803277618604,0.7287671438716152,0.8675061374968398,0.2179991964644435,246417.0,2.0,0.7784789673538433,2.0,graph_topology_retains_identity,291.0,0.0117,False,False,results_v2_seeds/graph/results.csv
entity,NF-BoT-IoT-v3,egraphsage,disjoint_ip,drop,binary,2,ok,,48.0,2.0,505784.0,246417.0,247799.0,0.0,0.0,0.0,14.0,3.0,3.0,7.0,18.0,0.6588629199530953,36.7,0.8710769615696593,0.662808471129913,0.901163111063063,0.9278110573566196,0.6253746715049864,0.8596464236468029,0.1530620435026888,247799.0,2.0,0.662808471129913,2.0,graph_topology_retains_identity,291.0,0.0107,False,False,results_v2_seeds/graph/results.csv
entity,NF-BoT-IoT-v3,egraphsage,random,keep,multiclass,1,ok,,52.0,5.0,700000.0,150001.0,149999.0,0.0,0.0,0.0,19.0,16.0,14.0,98.0,100.0,0.922345555526314,219.6,0.920686137907586,0.9248036616021892,0.9209907037003678,,0.9112946871902312,0.943599233203422,0.0145499048137068,149999.0,5.0,0.9248036616021892,5.0,identity_in_features_and_topology,291.0,0.0001,False,False,results_v2_seeds/graph/results.csv
entity,NF-BoT-IoT-v3,egraphsage,random,keep,multiclass,2,ok,,52.0,5.0,700000.0,150001.0,149999.0,0.0,0.0,0.0,19.0,15.0,15.0,95.0,100.0,0.928909147138698,219.6,0.9206261375075834,0.9259614487606088,0.9209130829743726,,0.913925313644044,0.9431423040106204,0.012238237693772,149999.0,5.0,0.9259614487606088,5.0,identity_in_features_and_topology,291.0,0.0001,False,False,results_v2_seeds/graph/results.csv
entity,NF-BoT-IoT-v3,egraphsage,random,drop,multiclass,1,ok,,48.0,5.0,700000.0,150001.0,149999.0,0.0,0.0,0.0,19.0,16.0,14.0,96.0,100.0,0.8891644162174487,214.2,0.9067527116847446,0.8874789935934582,0.9079667867887568,,0.8786913900709988,0.9183182437700632,0.014005983138428,149999.0,5.0,0.8874789935934582,5.0,graph_topology_retains_identity,291.0,0.0001,False,False,results_v2_seeds/graph/results.csv
entity,NF-BoT-IoT-v3,egraphsage,random,drop,multiclass,2,ok,,48.0,5.0,700000.0,150001.0,149999.0,0.0,0.0,0.0,19.0,15.0,15.0,16.0,27.0,0.7672078290050623,63.2,0.7478449856332375,0.7574350761102628,0.7481048258956309,,0.7178253918930771,0.8403602722404804,0.0421539298341038,149999.0,5.0,0.7574350761102628,5.0,graph_topology_retains_identity,291.0,0.0001,False,False,results_v2_seeds/graph/results.csv
entity,NF-BoT-IoT-v3,egraphsage,temporal,keep,multiclass,1,ok,,52.0,5.0,700000.0,150000.0,150000.0,1.0,3.0,2.0,17.0,13.0,14.0,17.0,28.0,0.3455757316262717,72.1,0.0120933333333333,0.1876064563294581,0.017001899001839,,0.3280704289688966,0.1848014765975774,0.0809889173060528,150000.0,3.0,0.4690161408236453,2.0,identity_in_features_and_topology,291.0,0.0003,False,False,results_v2_seeds/graph/results.csv
entity,NF-BoT-IoT-v3,egraphsage,temporal,keep,multiclass,2,ok,,52.0,5.0,700000.0,150000.0,150000.0,1.0,3.0,2.0,17.0,13.0,14.0,18.0,29.0,0.3185023173358561,74.3,0.0120533333333333,0.1823540579454917,0.0168317569412946,,0.3405311355311355,0.1834401681077542,0.0878090366581415,150000.0,3.0,0.4558851448637293,2.0,identity_in_features_and_topology,291.0,0.0003,False,False,results_v2_seeds/graph/results.csv
entity,NF-BoT-IoT-v3,egraphsage,temporal,drop,multiclass,1,ok,,48.0,5.0,700000.0,150000.0,150000.0,1.0,3.0,2.0,17.0,13.0,14.0,17.0,28.0,0.3367661388969198,70.1,0.0113733333333333,0.1758014817404061,0.0153105229473804,,0.30062893081761,0.1822868119364033,0.092924126172208,150000.0,3.0,0.4395037043510153,2.0,graph_topology_retains_identity,291.0,0.0003,False,False,results_v2_seeds/graph/results.csv
entity,NF-BoT-IoT-v3,egraphsage,temporal,drop,multiclass,2,ok,,48.0,5.0,700000.0,150000.0,150000.0,1.0,3.0,2.0,17.0,13.0,14.0,14.0,25.0,0.3403207512933159,63.3,0.01274,0.1890923815828218,0.0184165532965966,,0.3344725063938619,0.1837491555018776,0.0869565217391304,150000.0,3.0,0.4727309539570545,2.0,graph_topology_retains_identity,291.0,0.0003,False,False,results_v2_seeds/graph/results.csv
entity,NF-BoT-IoT-v3,egraphsage,disjoint_ip,keep,multiclass,1,ok,,52.0,5.0,505784.0,247799.0,246417.0,0.0,1.0,0.0,14.0,3.0,3.0,60.0,71.0,0.6944701143581993,123.1,0.8661537150440107,0.7981057633529473,0.8667067471599399,,0.7704066822884921,0.8716082372253151,0.2346323824829248,246417.0,5.0,0.7981057633529473,5.0,identity_in_features_and_topology,291.0,0.0117,False,False,results_v2_seeds/graph/results.csv
entity,NF-BoT-IoT-v3,egraphsage,disjoint_ip,keep,multiclass,2,ok,,52.0,5.0,505784.0,246417.0,247799.0,0.0,0.0,1.0,14.0,3.0,3.0,93.0,100.0,0.8989897366749198,169.9,0.8829091319981114,0.692554872172988,0.8837021891996164,,0.6911122503682868,0.6954114626770502,0.177141022553977,247799.0,4.0,0.8656935902162349,4.0,identity_in_features_and_topology,291.0,0.0107,False,False,results_v2_seeds/graph/results.csv
entity,NF-BoT-IoT-v3,egraphsage,disjoint_ip,drop,multiclass,1,ok,,48.0,5.0,505784.0,247799.0,246417.0,0.0,1.0,0.0,14.0,3.0,3.0,26.0,37.0,0.6099024811428647,67.0,0.7765373330573784,0.7484026759008803,0.7737580901635859,,0.7506202400161964,0.7649669559368373,0.5867416633186019,246417.0,5.0,0.7484026759008803,5.0,graph_topology_retains_identity,291.0,0.0117,False,False,results_v2_seeds/graph/results.csv
entity,NF-BoT-IoT-v3,egraphsage,disjoint_ip,drop,multiclass,2,ok,,48.0,5.0,505784.0,246417.0,247799.0,0.0,0.0,1.0,14.0,3.0,3.0,34.0,45.0,0.7888508208020932,79.8,0.7586753780281599,0.562861579765294,0.7611257802039656,,0.5859884949940899,0.5895090019676401,0.1487278272734569,247799.0,4.0,0.7035769747066175,4.0,graph_topology_retains_identity,291.0,0.0107,False,False,results_v2_seeds/graph/results.csv
entity,NF-CICIDS2018-v3,egraphsage,random,keep,binary,1,ok,,52.0,2.0,560255.0,120055.0,120055.0,0.0,0.0,0.0,153509.0,69979.0,69856.0,9.0,20.0,0.6506088662664763,15.7,0.9909374869851318,0.6555809040445431,0.9935078983075482,0.3157232704402515,0.6001016155583929,0.8638669229111395,0.0083365354093923,120055.0,2.0,0.6555809040445431,2.0,identity_in_features_and_topology,182359.0,0.1287,False,False,results_v2_seeds/graph/results.csv
entity,NF-CICIDS2018-v3,egraphsage,random,keep,binary,2,ok,,52.0,2.0,560255.0,120055.0,120055.0,0.0,0.0,0.0,153247.0,70204.0,69939.0,16.0,27.0,0.6411885567125741,18.7,0.9887718129190788,0.6401791808922286,0.9923295127356466,0.2860169491525424,0.5869661176652117,0.890560883203698,0.0106670898975892,120055.0,2.0,0.6401791808922286,2.0,identity_in_features_and_topology,182359.0,0.1303,False,False,results_v2_seeds/graph/results.csv
entity,NF-CICIDS2018-v3,egraphsage,random,drop,binary,1,ok,,48.0,2.0,560255.0,120055.0,120055.0,0.0,0.0,0.0,153509.0,69979.0,69856.0,9.0,20.0,0.6614581698912962,14.7,0.9917621090333596,0.6649310778467405,0.9939755299496358,0.334006734006734,0.6080005596240428,0.8598941112682196,0.0074845047362881,120055.0,2.0,0.6649310778467405,2.0,graph_topology_retains_identity,182359.0,0.1287,False,False,results_v2_seeds/graph/results.csv
entity,NF-CICIDS2018-v3,egraphsage,random,drop,binary,2,ok,,48.0,2.0,560255.0,120055.0,120055.0,0.0,0.0,0.0,153247.0,70204.0,69939.0,24.0,35.0,0.6866100518249451,20.4,0.9918287451584692,0.6784000688124829,0.9940845219127984,0.3609120521172638,0.6157274278837898,0.9023283963632384,0.0076599228160449,120055.0,2.0,0.6784000688124829,2.0,graph_topology_retains_identity,182359.0,0.1303,False,False,results_v2_seeds/graph/results.csv
entity,NF-CICIDS2018-v3,egraphsage,temporal,keep,binary,1,ok,,52.0,2.0,560256.0,120055.0,120054.0,0.0,0.0,0.0,136335.0,34504.0,35580.0,18.0,29.0,0.6167624693518651,18.8,0.996976360637713,0.8083893492928612,0.9968512724879918,0.6182965299684543,0.8362321892888078,0.7848429447853758,0.0011878968370155,120054.0,2.0,0.8083893492928612,2.0,identity_in_features_and_topology,182359.0,0.7439,False,False,results_v2_seeds/graph/results.csv
entity,NF-CICIDS2018-v3,egraphsage,temporal,keep,binary,2,ok,,52.0,2.0,560256.0,120055.0,120054.0,0.0,0.0,0.0,136335.0,34504.0,35580.0,11.0,22.0,0.6189031895927113,15.9,0.9965682109717294,0.7955811091342608,0.9965378202874912,0.5928853754940712,0.8009117124857428,0.7904381370600341,0.0016479977245919,120054.0,2.0,0.7955811091342608,2.0,identity_in_features_and_topology,182359.0,0.7439,False,False,results_v2_seeds/graph/results.csv
entity,NF-CICIDS2018-v3,egraphsage,temporal,drop,binary,1,ok,,48.0,2.0,560256.0,120055.0,120054.0,0.0,0.0,0.0,136335.0,34504.0,35580.0,11.0,22.0,0.6174602891934261,14.9,0.9965848701417696,0.7953652893389884,0.99654430440409,0.5924453280318092,0.802554850417337,0.788513120428585,0.0016145358418591,120054.0,2.0,0.7953652893389884,2.0,graph_topology_retains_identity,182359.0,0.7439,False,False,results_v2_seeds/graph/results.csv
entity,NF-CICIDS2018-v3,egraphsage,temporal,drop,binary,2,ok,,48.0,2.0,560256.0,120055.0,120054.0,0.0,0.0,0.0,136335.0,34504.0,35580.0,16.0,27.0,0.6262984364848161,17.0,0.9972512369433756,0.8211244036166248,0.9970974763609264,0.6436285097192225,0.8616235490364857,0.7888477392559133,0.0009452981872025,120054.0,2.0,0.8211244036166248,2.0,graph_topology_retains_identity,182359.0,0.7439,False,False,results_v2_seeds/graph/results.csv
entity,NF-CICIDS2018-v3,egraphsage,disjoint_ip,keep,binary,1,ok,,52.0,2.0,560255.0,120055.0,120055.0,0.0,0.0,0.0,80139.0,50868.0,50869.0,4.0,15.0,0.6868728046256558,16.5,0.9963849902128192,0.7058502104059192,0.9971398473702608,0.4135135135135135,0.6454549365969093,0.8542618840624709,0.0031041388518024,120055.0,2.0,0.7058502104059192,2.0,identity_in_features_and_topology,182359.0,0.9974,False,True,results_v2_seeds/graph/results.csv
entity,NF-CICIDS2018-v3,egraphsage,disjoint_ip,keep,binary,2,ok,,52.0,2.0,560255.0,120055.0,120055.0,0.0,0.0,0.0,80139.0,50868.0,50869.0,25.0,36.0,0.6378791049983191,24.9,0.993919453583774,0.657351563575173,0.9957241374836396,0.3177570093457944,0.5993386645236441,0.8906646896314283,0.0057076577741803,120055.0,2.0,0.657351563575173,2.0,identity_in_features_and_topology,182359.0,0.9978,False,False,results_v2_seeds/graph/results.csv
entity,NF-CICIDS2018-v3,egraphsage,disjoint_ip,drop,binary,1,ok,,48.0,2.0,560255.0,120055.0,120055.0,0.0,0.0,0.0,80139.0,50868.0,50869.0,35.0,46.0,0.6381360452190612,27.8,0.9937028861771688,0.6566462846127887,0.995618415207741,0.3164556962025316,0.5980364289473304,0.9039894277641508,0.0059746328437917,120055.0,2.0,0.6566462846127887,2.0,graph_topology_retains_identity,182359.0,0.9974,False,False,results_v2_seeds/graph/results.csv
entity,NF-CICIDS2018-v3,egraphsage,disjoint_ip,drop,binary,2,ok,,48.0,2.0,560255.0,120055.0,120055.0,0.0,0.0,0.0,80139.0,50868.0,50869.0,23.0,34.0,0.6240272686682835,23.0,0.9930448544417142,0.6453362898971808,0.9952415797594758,0.294167371090448,0.5897926360296891,0.8994691720651133,0.0066172114253289,120055.0,2.0,0.6453362898971808,2.0,graph_topology_retains_identity,182359.0,0.9978,False,False,results_v2_seeds/graph/results.csv
entity,NF-CICIDS2018-v3,egraphsage,random,keep,multiclass,1,ok,,52.0,15.0,560255.0,120053.0,120057.0,0.0,0.0,0.0,153501.0,69975.0,69856.0,39.0,50.0,0.7810473864680436,28.5,0.9507234063819686,0.6852059586177883,0.9730508220506652,,0.6300629548605001,0.92586840426451,0.0493425998630068,120057.0,15.0,0.6852059586177883,15.0,identity_in_features_and_topology,182359.0,0.1287,False,False,results_v2_seeds/graph/results.csv
entity,NF-CICIDS2018-v3,egraphsage,random,keep,multiclass,2,ok,,52.0,15.0,560255.0,120053.0,120057.0,0.0,0.0,0.0,153221.0,70209.0,69945.0,30.0,41.0,0.6446186652517412,24.8,0.8986398127556078,0.6745500118993003,0.9448850128018912,,0.632080460037578,0.9111167394110358,0.1015420084534808,120057.0,15.0,0.6745500118993003,15.0,identity_in_features_and_topology,182359.0,0.1304,False,False,results_v2_seeds/graph/results.csv
entity,NF-CICIDS2018-v3,egraphsage,random,drop,multiclass,1,ok,,48.0,15.0,560255.0,120053.0,120057.0,0.0,0.0,0.0,153501.0,69975.0,69856.0,30.0,41.0,0.7482861896171504,23.7,0.9380127772641328,0.6677613777789477,0.9662779233576724,,0.618525853689309,0.9212997751646588,0.0620061145730658,120057.0,15.0,0.6677613777789477,15.0,graph_topology_retains_identity,182359.0,0.1287,False,False,results_v2_seeds/graph/results.csv
entity,NF-CICIDS2018-v3,egraphsage,random,drop,multiclass,2,ok,,48.0,15.0,560255.0,120053.0,120057.0,0.0,0.0,0.0,153221.0,70209.0,69945.0,20.0,31.0,0.5667736439244488,19.1,0.8589586613025479,0.6257561742957274,0.922360969941409,,0.5875000451154426,0.8420368213184107,0.1413284995906911,120057.0,15.0,0.6257561742957274,15.0,graph_topology_retains_identity,182359.0,0.1304,False,False,results_v2_seeds/graph/results.csv
entity,NF-CICIDS2018-v3,egraphsage,temporal,keep,multiclass,1,ok,,52.0,15.0,560256.0,120055.0,120054.0,1.0,13.0,12.0,136335.0,34504.0,35580.0,18.0,29.0,0.0663864269152853,18.9,0.9949272827227748,0.0665179764768778,0.9934894784933656,,0.0664219877382491,0.0666142430503852,0.0007863542442215,120054.0,3.0,0.4988848235765838,2.0,identity_in_features_and_topology,182359.0,0.7439,False,False,results_v2_seeds/graph/results.csv
entity,NF-CICIDS2018-v3,egraphsage,temporal,keep,multiclass,2,ok,,52.0,15.0,560256.0,120055.0,120054.0,1.0,13.0,12.0,136335.0,34504.0,35580.0,31.0,42.0,0.0664281235630982,24.5,0.9954437169940192,0.0665219412136342,0.9935486944295848,,0.0663955442587885,0.0666488203292091,0.0002676950618626,120054.0,3.0,0.4989145591022569,2.0,identity_in_features_and_topology,182359.0,0.7439,False,False,results_v2_seeds/graph/results.csv
entity,NF-CICIDS2018-v3,egraphsage,temporal,drop,multiclass,1,ok,,48.0,15.0,560256.0,120055.0,120054.0,1.0,13.0,12.0,136335.0,34504.0,35580.0,58.0,69.0,0.0783457549560679,33.9,0.995951821680244,0.0897669047626261,0.9950694715053384,,0.1099746998211073,0.0824667598380666,0.000685968596023,120054.0,3.0,0.6732517857196958,2.0,graph_topology_retains_identity,182359.0,0.7439,False,False,results_v2_seeds/graph/results.csv
entity,NF-CICIDS2018-v3,egraphsage,temporal,drop,multiclass,2,ok,,48.0,15.0,560256.0,120055.0,120054.0,1.0,13.0,12.0,136335.0,34504.0,35580.0,15.0,26.0,0.0663892385783971,16.6,0.994835657287554,0.0665010182505578,0.9932361962933474,,0.0663942719277764,0.0666081083718842,0.0008783744217368,120054.0,3.0,0.4987576368791838,2.0,graph_topology_retains_identity,182359.0,0.7439,False,False,results_v2_seeds/graph/results.csv
entity,NF-CICIDS2018-v3,egraphsage,disjoint_ip,keep,multiclass,1,ok,,52.0,15.0,560255.0,120055.0,120055.0,0.0,12.0,12.0,80139.0,50868.0,50869.0,26.0,37.0,0.1248143962868749,25.5,0.9826912665028528,0.1277656496058696,0.99023718830053,,0.1178305982269474,0.1865313228094976,0.0171562082777036,120055.0,3.0,0.6388282480293482,3.0,identity_in_features_and_topology,182359.0,0.9974,False,False,results_v2_seeds/graph/results.csv
entity,NF-CICIDS2018-v3,egraphsage,disjoint_ip,keep,multiclass,2,ok,,52.0,15.0,560255.0,120055.0,120055.0,0.0,12.0,12.0,80139.0,50868.0,50869.0,16.0,27.0,0.1255622772687126,21.4,0.9874474199325308,0.1287421244060364,0.9926331794774244,,0.1179723735001161,0.1787526849419028,0.0122581129682323,120055.0,3.0,0.6437106220301824,3.0,identity_in_features_and_topology,182359.0,0.9978,False,False,results_v2_seeds/graph/results.csv
entity,NF-CICIDS2018-v3,egraphsage,disjoint_ip,drop,multiclass,1,ok,,48.0,15.0,560255.0,120055.0,120055.0,0.0,12.0,12.0,80139.0,50868.0,50869.0,91.0,100.0,0.138487888570358,49.7,0.9956603223522552,0.1414359764586822,0.9969882243678484,,0.1263264682357215,0.1868378098903112,0.0041555407209612,120055.0,3.0,0.7071798822934109,3.0,graph_topology_retains_identity,182359.0,0.9974,False,False,results_v2_seeds/graph/results.csv
entity,NF-CICIDS2018-v3,egraphsage,disjoint_ip,drop,multiclass,2,ok,,48.0,15.0,560255.0,120055.0,120055.0,0.0,12.0,12.0,80139.0,50868.0,50869.0,14.0,25.0,0.1246350889535908,19.5,0.9845987255841072,0.1273132443752559,0.9911686275998266,,0.1172081687575426,0.1774882734694137,0.0150952527975033,120055.0,3.0,0.6365662218762799,3.0,graph_topology_retains_identity,182359.0,0.9978,False,False,results_v2_seeds/graph/results.csv
entity,NF-CSE-CIC-IDS2018-v2,egraphsage,random,keep,binary,1,ok,,43.0,2.0,577526.0,123755.0,123757.0,0.0,0.0,0.0,186773.0,79339.0,79364.0,27.0,38.0,0.6136546761714994,23.5,0.9943599149947072,0.6090759273596065,0.9961473973768464,0.2209821428571428,0.5672705839227102,0.8011161321687446,0.0051296988526951,123757.0,2.0,0.6090759273596065,2.0,identity_in_features_and_topology,225153.0,0.1688,False,False,results_v2_seeds/graph/results.csv
entity,NF-CSE-CIC-IDS2018-v2,egraphsage,random,keep,binary,2,ok,,43.0,2.0,577526.0,123755.0,123757.0,0.0,0.0,0.0,186909.0,79262.0,79295.0,30.0,41.0,0.5965696971277533,25.5,0.9936892458608402,0.6051631870642578,0.9958001813241464,0.2134944612286002,0.5636235767706586,0.8222244294623471,0.0058578895415635,123757.0,2.0,0.6051631870642578,2.0,identity_in_features_and_topology,225153.0,0.1668,False,False,results_v2_seeds/graph/results.csv
entity,NF-CSE-CIC-IDS2018-v2,egraphsage,random,drop,binary,1,ok,,39.0,2.0,577526.0,123755.0,123757.0,0.0,0.0,0.0,186773.0,79339.0,79364.0,20.0,31.0,0.5962015067963896,19.8,0.9925983984744298,0.5870101745202733,0.9952043647381044,0.1777378815080789,0.5517898995985101,0.8002342123344484,0.0068935385212874,123757.0,2.0,0.5870101745202733,2.0,graph_topology_retains_identity,225153.0,0.1688,False,False,results_v2_seeds/graph/results.csv
entity,NF-CSE-CIC-IDS2018-v2,egraphsage,random,drop,binary,2,ok,,39.0,2.0,577526.0,123755.0,123757.0,0.0,0.0,0.0,186909.0,79262.0,79295.0,21.0,32.0,0.5843049706180091,20.6,0.992404470050179,0.5879701206634347,0.995109253197671,0.1797556719022687,0.5521462894853111,0.8123908768775978,0.007120086735602,123757.0,2.0,0.5879701206634347,2.0,graph_topology_retains_identity,225153.0,0.1668,False,False,results_v2_seeds/graph/results.csv
entity,NF-CSE-CIC-IDS2018-v2,egraphsage,temporal,keep,binary,1,skipped,dataset has no timestamp column,,,,,,,,,,,,,,,,,,,,,,,,,,,,,,,,results_v2_seeds/graph/results.csv
entity,NF-CSE-CIC-IDS2018-v2,egraphsage,temporal,keep,binary,2,skipped,dataset has no timestamp column,,,,,,,,,,,,,,,,,,,,,,,,,,,,,,,,results_v2_seeds/graph/results.csv
entity,NF-CSE-CIC-IDS2018-v2,egraphsage,temporal,drop,binary,1,skipped,dataset has no timestamp column,,,,,,,,,,,,,,,,,,,,,,,,,,,,,,,,results_v2_seeds/graph/results.csv
entity,NF-CSE-CIC-IDS2018-v2,egraphsage,temporal,drop,binary,2,skipped,dataset has no timestamp column,,,,,,,,,,,,,,,,,,,,,,,,,,,,,,,,results_v2_seeds/graph/results.csv
entity,NF-CSE-CIC-IDS2018-v2,egraphsage,disjoint_ip,keep,binary,1,ok,,43.0,2.0,577526.0,123756.0,123756.0,0.0,0.0,0.0,99660.0,62454.0,62454.0,7.0,18.0,0.5798444297504103,18.1,0.996145641423446,0.5798777753135108,0.997243866532311,0.1616871704745167,0.5511459697934599,0.6869028679839515,0.0032434443599657,123756.0,2.0,0.5798777753135108,2.0,identity_in_features_and_topology,225153.0,0.9986,False,False,results_v2_seeds/graph/results.csv
entity,NF-CSE-CIC-IDS2018-v2,egraphsage,disjoint_ip,keep,binary,2,ok,,43.0,2.0,577526.0,123756.0,123756.0,0.0,0.0,0.0,99660.0,62454.0,62454.0,7.0,18.0,0.6093789700575947,18.2,0.9977132421862376,0.6200708793470004,0.998150926939291,0.2412868632707774,0.5869258969263037,0.6947908091553984,0.0017227295152902,123756.0,2.0,0.6200708793470004,2.0,identity_in_features_and_topology,225153.0,0.9984,False,False,results_v2_seeds/graph/results.csv
entity,NF-CSE-CIC-IDS2018-v2,egraphsage,disjoint_ip,drop,binary,1,ok,,39.0,2.0,577526.0,123756.0,123756.0,0.0,0.0,0.0,99660.0,62454.0,62454.0,6.0,17.0,0.5760545029375764,16.9,0.9960648372604156,0.5770035119297422,0.9971977204737484,0.1559792027729636,0.5491383054298197,0.6827681095735509,0.0033162398692916,123756.0,2.0,0.5770035119297422,2.0,graph_topology_retains_identity,225153.0,0.9986,False,False,results_v2_seeds/graph/results.csv
entity,NF-CSE-CIC-IDS2018-v2,egraphsage,disjoint_ip,drop,binary,2,ok,,39.0,2.0,577526.0,123756.0,123756.0,0.0,0.0,0.0,99660.0,62454.0,62454.0,7.0,18.0,0.6172437777727647,17.4,0.9981253434176928,0.6392822781479983,0.9983928026429048,0.2795031055900621,0.6084123637620279,0.6949970514213134,0.0013102449834601,123756.0,2.0,0.6392822781479983,2.0,graph_topology_retains_identity,225153.0,0.9984,False,False,results_v2_seeds/graph/results.csv
entity,NF-CSE-CIC-IDS2018-v2,egraphsage,random,keep,multiclass,1,ok,,43.0,15.0,577526.0,123754.0,123758.0,0.0,1.0,1.0,186768.0,79334.0,79358.0,45.0,56.0,0.6408612852152704,31.9,0.9415633736808934,0.6560519819351595,0.9689375839648826,,0.5917539858369555,0.8487451982708522,0.0582957101477418,123758.0,14.0,0.7029128377876709,14.0,identity_in_features_and_topology,225153.0,0.1689,False,False,results_v2_seeds/graph/results.csv
entity,NF-CSE-CIC-IDS2018-v2,egraphsage,random,keep,multiclass,2,ok,,43.0,15.0,577526.0,123754.0,123758.0,0.0,1.0,1.0,186924.0,79256.0,79291.0,14.0,25.0,0.5918385557661926,18.1,0.9612307891207033,0.5190240722007267,0.9792347726417394,,0.4607038572198905,0.6887877314205624,0.038359467288056,123758.0,14.0,0.5560972202150644,14.0,identity_in_features_and_topology,225153.0,0.1667,False,False,results_v2_seeds/graph/results.csv
entity,NF-CSE-CIC-IDS2018-v2,egraphsage,random,drop,multiclass,1,ok,,39.0,15.0,577526.0,123754.0,123758.0,0.0,1.0,1.0,186768.0,79334.0,79358.0,34.0,45.0,0.6664803539806514,25.9,0.9360364582491636,0.6666826952705119,0.9659802612865448,,0.6026967505117664,0.8460392246373171,0.0637975953525252,123758.0,14.0,0.7143028877898343,14.0,graph_topology_retains_identity,225153.0,0.1689,False,False,results_v2_seeds/graph/results.csv
entity,NF-CSE-CIC-IDS2018-v2,egraphsage,random,drop,multiclass,2,ok,,39.0,15.0,577526.0,123754.0,123758.0,0.0,1.0,1.0,186924.0,79256.0,79291.0,32.0,43.0,0.6511495953713144,25.2,0.96766269655295,0.6079077986317052,0.982594214685288,,0.5422692892683094,0.810383987867463,0.0319594802336683,123758.0,14.0,0.6513297842482555,14.0,graph_topology_retains_identity,225153.0,0.1667,False,False,results_v2_seeds/graph/results.csv
entity,NF-CSE-CIC-IDS2018-v2,egraphsage,temporal,keep,multiclass,1,skipped,dataset has no timestamp column,,,,,,,,,,,,,,,,,,,,,,,,,,,,,,,,results_v2_seeds/graph/results.csv
entity,NF-CSE-CIC-IDS2018-v2,egraphsage,temporal,keep,multiclass,2,skipped,dataset has no timestamp column,,,,,,,,,,,,,,,,,,,,,,,,,,,,,,,,results_v2_seeds/graph/results.csv
entity,NF-CSE-CIC-IDS2018-v2,egraphsage,temporal,drop,multiclass,1,skipped,dataset has no timestamp column,,,,,,,,,,,,,,,,,,,,,,,,,,,,,,,,results_v2_seeds/graph/results.csv
entity,NF-CSE-CIC-IDS2018-v2,egraphsage,temporal,drop,multiclass,2,skipped,dataset has no timestamp column,,,,,,,,,,,,,,,,,,,,,,,,,,,,,,,,results_v2_seeds/graph/results.csv
entity,NF-CSE-CIC-IDS2018-v2,egraphsage,disjoint_ip,keep,multiclass,1,ok,,43.0,15.0,577526.0,123756.0,123756.0,0.0,10.0,9.0,99660.0,62454.0,62454.0,19.0,30.0,0.2589474872546133,23.6,0.98366947865154,0.2558813617589892,0.9911729313223338,,0.2516499726319583,0.3029208847304789,0.0161282495106524,123756.0,6.0,0.6397034043974732,6.0,identity_in_features_and_topology,225153.0,0.9986,False,False,results_v2_seeds/graph/results.csv
entity,NF-CSE-CIC-IDS2018-v2,egraphsage,disjoint_ip,keep,multiclass,2,ok,,43.0,15.0,577526.0,123756.0,123756.0,0.0,9.0,10.0,99660.0,62454.0,62454.0,32.0,43.0,0.2610776445848141,29.5,0.9871198164129416,0.2565873317134099,0.9929822338973432,,0.2519694113495154,0.3041264688957606,0.012706141166765,123756.0,5.0,0.7697619951402299,5.0,identity_in_features_and_topology,225153.0,0.9984,False,False,results_v2_seeds/graph/results.csv
entity,NF-CSE-CIC-IDS2018-v2,egraphsage,disjoint_ip,drop,multiclass,1,ok,,39.0,15.0,577526.0,123756.0,123756.0,0.0,10.0,9.0,99660.0,62454.0,62454.0,45.0,56.0,0.269306037100592,34.0,0.984493681114451,0.256750494124329,0.9915986346873938,,0.2520952637011048,0.312619077103042,0.0153922060274681,123756.0,6.0,0.6418762353108226,6.0,graph_topology_retains_identity,225153.0,0.9986,False,False,results_v2_seeds/graph/results.csv
entity,NF-CSE-CIC-IDS2018-v2,egraphsage,disjoint_ip,drop,multiclass,2,ok,,39.0,15.0,577526.0,123756.0,123756.0,0.0,9.0,10.0,99660.0,62454.0,62454.0,10.0,21.0,0.2016720931431762,18.8,0.9870794143314264,0.1916640117328257,0.9929165271652858,,0.1813781546406322,0.2420133019521571,0.012657613574785,123756.0,5.0,0.5749920351984773,5.0,graph_topology_retains_identity,225153.0,0.9984,False,False,results_v2_seeds/graph/results.csv
entity,NF-ToN-IoT-v2,egraphsage,random,keep,binary,1,ok,,43.0,2.0,386470.0,82815.0,82816.0,0.0,0.0,0.0,16136.0,3711.0,3656.0,59.0,70.0,0.9382665465131116,40.1,0.9389972952086554,0.9371457304538898,0.939503759523171,0.926357832133174,0.932087798491924,0.946713196100518,0.0885867734200043,82816.0,2.0,0.9371457304538898,2.0,identity_in_features_and_topology,25558.0,0.0442,False,False,results_v2_seeds/graph/results.csv
entity,NF-ToN-IoT-v2,egraphsage,random,keep,binary,2,ok,,43.0,2.0,386470.0,82815.0,82816.0,0.0,0.0,0.0,16259.0,3620.0,3638.0,53.0,64.0,0.945510150832266,37.1,0.949417986862442,0.947692593556191,0.9497691223527974,0.9381925488749538,0.9428758378554865,0.9553644776480544,0.0718405041717037,82816.0,2.0,0.947692593556191,2.0,identity_in_features_and_topology,25558.0,0.0443,False,False,results_v2_seeds/graph/results.csv
entity,NF-ToN-IoT-v2,egraphsage,random,drop,binary,1,ok,,39.0,2.0,386470.0,82815.0,82816.0,0.0,0.0,0.0,16136.0,3711.0,3656.0,84.0,95.0,0.9492263809327336,52.3,0.9500338098918084,0.9482919349906884,0.9503663704814828,0.9388014671083768,0.9435862003831256,0.9555704855590036,0.0697596068094889,82816.0,2.0,0.9482919349906884,2.0,graph_topology_retains_identity,25558.0,0.0442,False,False,results_v2_seeds/graph/results.csv
entity,NF-ToN-IoT-v2,egraphsage,random,drop,binary,2,ok,,39.0,2.0,386470.0,82815.0,82816.0,0.0,0.0,0.0,16259.0,3620.0,3638.0,75.0,86.0,0.940450800603314,48.0,0.9434771058732612,0.9417207104626474,0.9439321780652716,0.9316033255892108,0.9366436133724658,0.950965979573945,0.0832953486989437,82816.0,2.0,0.9417207104626474,2.0,graph_topology_retains_identity,25558.0,0.0443,False,False,results_v2_seeds/graph/results.csv
entity,NF-ToN-IoT-v2,egraphsage,temporal,keep,binary,1,skipped,dataset has no timestamp column,,,,,,,,,,,,,,,,,,,,,,,,,,,,,,,,results_v2_seeds/graph/results.csv
entity,NF-ToN-IoT-v2,egraphsage,temporal,keep,binary,2,skipped,dataset has no timestamp column,,,,,,,,,,,,,,,,,,,,,,,,,,,,,,,,results_v2_seeds/graph/results.csv
entity,NF-ToN-IoT-v2,egraphsage,temporal,drop,binary,1,skipped,dataset has no timestamp column,,,,,,,,,,,,,,,,,,,,,,,,,,,,,,,,results_v2_seeds/graph/results.csv
entity,NF-ToN-IoT-v2,egraphsage,temporal,drop,binary,2,skipped,dataset has no timestamp column,,,,,,,,,,,,,,,,,,,,,,,,,,,,,,,,results_v2_seeds/graph/results.csv
entity,NF-ToN-IoT-v2,egraphsage,disjoint_ip,keep,binary,1,ok,,43.0,2.0,386471.0,82815.0,82815.0,0.0,0.0,0.0,7709.0,7682.0,7688.0,20.0,31.0,0.6440478796478656,22.5,0.6259614804081386,0.5909925672333902,0.6099926081435767,0.7105858170606372,0.6125446241478776,0.5945131904559571,0.6034339200091877,82815.0,2.0,0.5909925672333902,2.0,identity_in_features_and_topology,25558.0,0.0974,False,False,results_v2_seeds/graph/results.csv
entity,NF-ToN-IoT-v2,egraphsage,disjoint_ip,keep,binary,2,ok,,43.0,2.0,386471.0,82815.0,82815.0,0.0,0.0,0.0,7709.0,7683.0,7687.0,14.0,25.0,0.6586158297664417,19.0,0.6365513493932259,0.6221681410877415,0.633881758991682,0.6958867569943318,0.6248541515408328,0.621234098603267,0.4751636614218445,82815.0,2.0,0.6221681410877415,2.0,identity_in_features_and_topology,25558.0,0.0975,False,False,results_v2_seeds/graph/results.csv
entity,NF-ToN-IoT-v2,egraphsage,disjoint_ip,drop,binary,1,ok,,39.0,2.0,386471.0,82815.0,82815.0,0.0,0.0,0.0,7709.0,7682.0,7688.0,17.0,28.0,0.6462062512588623,20.4,0.5888305258709171,0.5089474230350293,0.5404132629252087,0.7070049992686096,0.5643947032270654,0.5383400772055889,0.7794653880387034,82815.0,2.0,0.5089474230350293,2.0,graph_topology_retains_identity,25558.0,0.0974,False,False,results_v2_seeds/graph/results.csv
entity,NF-ToN-IoT-v2,egraphsage,disjoint_ip,drop,binary,2,ok,,39.0,2.0,386471.0,82815.0,82815.0,0.0,0.0,0.0,7709.0,7683.0,7687.0,18.0,29.0,0.628900865740645,21.0,0.5472800821107288,0.4784184248353113,0.5085320982953897,0.6679361592829434,0.50320072874004,0.5022249718779713,0.781325370391639,82815.0,2.0,0.4784184248353113,2.0,graph_topology_retains_identity,25558.0,0.0975,False,False,results_v2_seeds/graph/results.csv
entity,NF-ToN-IoT-v2,egraphsage,random,keep,multiclass,1,ok,,43.0,10.0,386470.0,82815.0,82816.0,0.0,0.0,0.0,16134.0,3710.0,3659.0,97.0,100.0,0.8497804293414266,56.1,0.8832954984544049,0.8479858921113991,0.8892249354763443,,0.8239347974068428,0.8861296990923148,0.1325828890782615,82816.0,10.0,0.8479858921113991,10.0,identity_in_features_and_topology,25558.0,0.0442,False,False,results_v2_seeds/graph/results.csv
entity,NF-ToN-IoT-v2,egraphsage,random,keep,multiclass,2,ok,,43.0,10.0,386470.0,82815.0,82816.0,0.0,0.0,0.0,16261.0,3619.0,3637.0,97.0,100.0,0.8379179033471317,56.2,0.869240243431221,0.8315456004397042,0.8767305214194341,,0.8014793893131715,0.8809651294132124,0.1486157078023742,82816.0,10.0,0.8315456004397042,10.0,identity_in_features_and_topology,25558.0,0.0443,False,False,results_v2_seeds/graph/results.csv
entity,NF-ToN-IoT-v2,egraphsage,random,drop,multiclass,1,ok,,39.0,10.0,386470.0,82815.0,82816.0,0.0,0.0,0.0,16134.0,3710.0,3659.0,98.0,100.0,0.8335296454092272,55.8,0.8743479520865534,0.8337790157096331,0.8808724876193762,,0.8026646181408204,0.8900446615376344,0.1428486493985215,82816.0,10.0,0.8337790157096331,10.0,graph_topology_retains_identity,25558.0,0.0442,False,False,results_v2_seeds/graph/results.csv
entity,NF-ToN-IoT-v2,egraphsage,random,drop,multiclass,2,ok,,39.0,10.0,386470.0,82815.0,82816.0,0.0,0.0,0.0,16261.0,3619.0,3637.0,63.0,74.0,0.8208032568483231,42.2,0.8644102588871716,0.8169529031267766,0.8711371238604813,,0.7847479822708848,0.8745683970180087,0.1501615172714481,82816.0,10.0,0.8169529031267766,10.0,graph_topology_retains_identity,25558.0,0.0443,False,False,results_v2_seeds/graph/results.csv
entity,NF-ToN-IoT-v2,egraphsage,temporal,keep,multiclass,1,skipped,dataset has no timestamp column,,,,,,,,,,,,,,,,,,,,,,,,,,,,,,,,results_v2_seeds/graph/results.csv
entity,NF-ToN-IoT-v2,egraphsage,temporal,keep,multiclass,2,skipped,dataset has no timestamp column,,,,,,,,,,,,,,,,,,,,,,,,,,,,,,,,results_v2_seeds/graph/results.csv
entity,NF-ToN-IoT-v2,egraphsage,temporal,drop,multiclass,1,skipped,dataset has no timestamp column,,,,,,,,,,,,,,,,,,,,,,,,,,,,,,,,results_v2_seeds/graph/results.csv
entity,NF-ToN-IoT-v2,egraphsage,temporal,drop,multiclass,2,skipped,dataset has no timestamp column,,,,,,,,,,,,,,,,,,,,,,,,,,,,,,,,results_v2_seeds/graph/results.csv
entity,NF-ToN-IoT-v2,egraphsage,disjoint_ip,keep,multiclass,1,ok,,43.0,10.0,386471.0,82815.0,82815.0,0.0,2.0,2.0,7709.0,7682.0,7688.0,18.0,29.0,0.2976418139468748,21.4,0.3760792127030127,0.2546724088268848,0.4124601073455228,,0.2914363787234257,0.346128934684465,0.7932757185104367,82815.0,8.0,0.318340511033606,8.0,identity_in_features_and_topology,25558.0,0.0974,False,False,results_v2_seeds/graph/results.csv
entity,NF-ToN-IoT-v2,egraphsage,disjoint_ip,keep,multiclass,2,ok,,43.0,10.0,386471.0,82815.0,82815.0,0.0,2.0,2.0,7709.0,7683.0,7687.0,33.0,44.0,0.2822760060007575,30.3,0.3734106140191994,0.3151755504912112,0.4041846997287456,,0.3557619356179601,0.3809462083309061,0.8609165039623292,82815.0,8.0,0.3939694381140141,8.0,identity_in_features_and_topology,25558.0,0.0975,False,False,results_v2_seeds/graph/results.csv
entity,NF-ToN-IoT-v2,egraphsage,disjoint_ip,drop,multiclass,1,ok,,39.0,10.0,386471.0,82815.0,82815.0,0.0,2.0,2.0,7709.0,7682.0,7688.0,24.0,35.0,0.2806483361709694,24.6,0.3384894040934613,0.256297361980595,0.347758392945226,,0.2921782283300079,0.350810440772715,0.9413994085388612,82815.0,8.0,0.3203717024757437,8.0,graph_topology_retains_identity,25558.0,0.0974,False,False,results_v2_seeds/graph/results.csv
entity,NF-ToN-IoT-v2,egraphsage,disjoint_ip,drop,multiclass,2,ok,,39.0,10.0,386471.0,82815.0,82815.0,0.0,2.0,2.0,7709.0,7683.0,7687.0,22.0,33.0,0.3006714544289651,23.5,0.3859445752581054,0.3035923692781441,0.4029839326949197,,0.3477635572385603,0.3705213997087226,0.8800964741012978,82815.0,8.0,0.3794904615976802,8.0,graph_topology_retains_identity,25558.0,0.0975,False,False,results_v2_seeds/graph/results.csv
entity,NF-ToN-IoT-v3,egraphsage,random,keep,binary,1,ok,,52.0,2.0,409983.0,87854.0,87853.0,0.0,0.0,0.0,10848.0,2570.0,2665.0,57.0,68.0,0.9168531270976398,44.1,0.9280730310860188,0.9167306219254918,0.9292200752396508,0.8859983041368237,0.9052647806075848,0.9320126201426336,0.0776813752468516,87853.0,2.0,0.9167306219254918,2.0,identity_in_features_and_topology,16466.0,0.0267,False,False,results_v2_seeds/graph/results.csv
entity,NF-ToN-IoT-v3,egraphsage,random,keep,binary,2,ok,,52.0,2.0,409983.0,87854.0,87853.0,0.0,0.0,0.0,10806.0,2627.0,2647.0,75.0,86.0,0.9276926794574076,54.5,0.9392280286387488,0.9292939699287728,0.9400645650736944,0.9027911803798044,0.9188285391646638,0.9425706706539332,0.0656544400919421,87853.0,2.0,0.9292939699287728,2.0,identity_in_features_and_topology,16466.0,0.0264,False,False,results_v2_seeds/graph/results.csv
entity,NF-ToN-IoT-v3,egraphsage,random,drop,binary,1,ok,,48.0,2.0,409983.0,87854.0,87853.0,0.0,0.0,0.0,10848.0,2570.0,2665.0,65.0,76.0,0.9239898295946436,47.4,0.9351644223873972,0.9241430799280624,0.9358937589923448,0.895228635544274,0.9154771438371556,0.93461683713499,0.0640357408786299,87853.0,2.0,0.9241430799280624,2.0,graph_topology_retains_identity,16466.0,0.0267,False,False,results_v2_seeds/graph/results.csv
entity,NF-ToN-IoT-v3,egraphsage,random,drop,binary,2,ok,,48.0,2.0,409983.0,87854.0,87853.0,0.0,0.0,0.0,10806.0,2627.0,2647.0,60.0,71.0,0.9297061932150978,44.5,0.9407419211637622,0.9307010343524932,0.9414211019887104,0.9043225759023744,0.9217479862489484,0.9415526153135402,0.0604422286250768,87853.0,2.0,0.9307010343524932,2.0,graph_topology_retains_identity,16466.0,0.0264,False,False,results_v2_seeds/graph/results.csv
entity,NF-ToN-IoT-v3,egraphsage,temporal,keep,binary,1,ok,,52.0,2.0,409983.0,87854.0,87853.0,0.0,0.0,0.0,15157.0,129.0,221.0,33.0,44.0,0.9422624400359608,35.7,0.5722969050573117,0.4767461695879525,0.6265064600826667,0.2531454353918626,0.5107482917919686,0.5188259605226937,0.4013388413977395,87853.0,2.0,0.4767461695879525,2.0,identity_in_features_and_topology,16466.0,0.2486,False,False,results_v2_seeds/graph/results.csv
entity,NF-ToN-IoT-v3,egraphsage,temporal,keep,binary,2,ok,,52.0,2.0,409983.0,87854.0,87853.0,0.0,0.0,0.0,15157.0,129.0,221.0,19.0,30.0,0.941892191327151,25.7,0.7145231238546208,0.5449371190374309,0.7309976084828685,0.2671380982993396,0.5430164900430798,0.5543133712193452,0.2064842461177689,87853.0,2.0,0.5449371190374309,2.0,identity_in_features_and_topology,16466.0,0.2486,False,False,results_v2_seeds/graph/results.csv
entity,NF-ToN-IoT-v3,egraphsage,temporal,drop,binary,1,ok,,48.0,2.0,409983.0,87854.0,87853.0,0.0,0.0,0.0,15157.0,129.0,221.0,50.0,61.0,0.9395903169146956,46.6,0.725723652009607,0.5538003056770304,0.7393052590365583,0.2768307322929171,0.5509131487658324,0.5621549269912737,0.1936275512290891,87853.0,2.0,0.5538003056770304,2.0,graph_topology_retains_identity,16466.0,0.2486,False,False,results_v2_seeds/graph/results.csv
entity,NF-ToN-IoT-v3,egraphsage,temporal,drop,binary,2,ok,,48.0,2.0,409983.0,87854.0,87853.0,0.0,0.0,0.0,15157.0,129.0,221.0,20.0,31.0,0.9374103721636612,25.8,0.5276996801475191,0.4431318421154495,0.588477564677811,0.2261223119532984,0.4908780365925586,0.4836559168551176,0.4505842093064474,87853.0,2.0,0.4431318421154495,2.0,graph_topology_retains_identity,16466.0,0.2486,False,False,results_v2_seeds/graph/results.csv
entity,NF-ToN-IoT-v3,egraphsage,disjoint_ip,keep,binary,1,ok,,52.0,2.0,409983.0,87853.0,87854.0,0.0,0.0,0.0,5098.0,5086.0,5086.0,5.0,16.0,0.7296470681921632,14.6,0.6467434607416851,0.6424951345794424,0.6516784746870697,0.6814668842565508,0.6488656925450729,0.6575687396944101,0.2964915415773171,87854.0,2.0,0.6424951345794424,2.0,identity_in_features_and_topology,16466.0,0.0606,False,True,results_v2_seeds/graph/results.csv
entity,NF-ToN-IoT-v3,egraphsage,disjoint_ip,keep,binary,2,ok,,52.0,2.0,409983.0,87853.0,87854.0,0.0,0.0,0.0,5098.0,5086.0,5086.0,4.0,15.0,0.765508795613599,13.8,0.7000705716302047,0.6913612901410261,0.7035783619250737,0.7432074221338635,0.6901642123448025,0.6993176094261346,0.3038777698355968,87854.0,2.0,0.6913612901410261,2.0,identity_in_features_and_topology,16466.0,0.0598,False,True,results_v2_seeds/graph/results.csv
entity,NF-ToN-IoT-v3,egraphsage,disjoint_ip,drop,binary,1,ok,,48.0,2.0,409983.0,87853.0,87854.0,0.0,0.0,0.0,5098.0,5086.0,5086.0,4.0,15.0,0.6483820287778495,13.5,0.6975208869260364,0.6880344958310831,0.7008535081318482,0.7424351096206409,0.6865805833084038,0.6950220150354537,0.3155825589706933,87854.0,2.0,0.6880344958310831,2.0,graph_topology_retains_identity,16466.0,0.0606,False,True,results_v2_seeds/graph/results.csv
entity,NF-ToN-IoT-v3,egraphsage,disjoint_ip,drop,binary,2,ok,,48.0,2.0,409983.0,87853.0,87854.0,0.0,0.0,0.0,5098.0,5086.0,5086.0,4.0,15.0,0.6444203576012184,13.3,0.7173833860723473,0.7078713386146502,0.7202928617629026,0.7605851099732901,0.7058555269821571,0.7145385985910409,0.2975339528234453,87854.0,2.0,0.7078713386146502,2.0,graph_topology_retains_identity,16466.0,0.0598,False,True,results_v2_seeds/graph/results.csv
entity,NF-ToN-IoT-v3,egraphsage,random,keep,multiclass,1,ok,,52.0,10.0,409983.0,87854.0,87853.0,0.0,0.0,0.0,10873.0,2547.0,2661.0,76.0,87.0,0.8454765185360887,55.6,0.8483830944873824,0.8465588402558023,0.8734957481974879,,0.7915114254081921,0.9651323825619884,0.2065783936029007,87853.0,10.0,0.8465588402558023,10.0,identity_in_features_and_topology,16466.0,0.0267,False,False,results_v2_seeds/graph/results.csv
entity,NF-ToN-IoT-v3,egraphsage,random,keep,multiclass,2,ok,,52.0,10.0,409983.0,87854.0,87853.0,0.0,0.0,0.0,10814.0,2620.0,2662.0,65.0,76.0,0.8428135514297036,49.2,0.8463228347352965,0.8389428781718719,0.8712637054341003,,0.7826867128036074,0.9612488941065744,0.2076952960600861,87853.0,10.0,0.8389428781718719,10.0,identity_in_features_and_topology,16466.0,0.0267,False,False,results_v2_seeds/graph/results.csv
entity,NF-ToN-IoT-v3,egraphsage,random,drop,multiclass,1,ok,,48.0,10.0,409983.0,87854.0,87853.0,0.0,0.0,0.0,10873.0,2547.0,2661.0,99.0,100.0,0.8372588855722313,61.6,0.8549053532605603,0.838155816470674,0.877882657464522,,0.7801739807071943,0.9675492601416464,0.1991000032373984,87853.0,10.0,0.838155816470674,10.0,graph_topology_retains_identity,16466.0,0.0267,False,False,results_v2_seeds/graph/results.csv
entity,NF-ToN-IoT-v3,egraphsage,random,drop,multiclass,2,ok,,48.0,10.0,409983.0,87854.0,87853.0,0.0,0.0,0.0,10814.0,2620.0,2662.0,70.0,81.0,0.8502307757495495,50.7,0.8523442568836579,0.8462487179538017,0.877556457818524,,0.7937653368013253,0.9614428178885486,0.2007187024507106,87853.0,10.0,0.8462487179538017,10.0,graph_topology_retains_identity,16466.0,0.0267,False,False,results_v2_seeds/graph/results.csv
entity,NF-ToN-IoT-v3,egraphsage,temporal,keep,multiclass,1,ok,,52.0,10.0,409983.0,87854.0,87853.0,3.0,7.0,6.0,15157.0,129.0,221.0,30.0,41.0,0.171266597598083,33.8,0.6066155965078028,0.0834548259041474,0.6967503802478576,,0.0980191281956961,0.0726587317818042,0.273412682181957,87853.0,4.0,0.8345482590414746,1.0,identity_in_features_and_topology,16466.0,0.2486,False,False,results_v2_seeds/graph/results.csv
entity,NF-ToN-IoT-v3,egraphsage,temporal,keep,multiclass,2,ok,,52.0,10.0,409983.0,87854.0,87853.0,3.0,7.0,6.0,15157.0,129.0,221.0,29.0,40.0,0.1759511155984308,33.1,0.5952898591966125,0.0829876703851219,0.6928501769703413,,0.0992541420735989,0.0713021664144409,0.2869783358555905,87853.0,4.0,0.8298767038512195,1.0,identity_in_features_and_topology,16466.0,0.2486,False,False,results_v2_seeds/graph/results.csv
entity,NF-ToN-IoT-v3,egraphsage,temporal,drop,multiclass,1,ok,,48.0,10.0,409983.0,87854.0,87853.0,3.0,7.0,6.0,15157.0,129.0,221.0,37.0,48.0,0.1629973086646075,37.8,0.4302186607173346,0.067695338736399,0.5651770583017838,,0.0986377159559475,0.0515303966079048,0.4846960339209511,87853.0,4.0,0.6769533873639905,1.0,graph_topology_retains_identity,16466.0,0.2486,False,False,results_v2_seeds/graph/results.csv
entity,NF-ToN-IoT-v3,egraphsage,temporal,drop,multiclass,2,ok,,48.0,10.0,409983.0,87854.0,87853.0,3.0,7.0,6.0,15157.0,129.0,221.0,25.0,36.0,0.168067089979229,29.4,0.4510489112494735,0.069451065619742,0.5798353283338322,,0.0972059364651048,0.0540253861780304,0.4597461382196954,87853.0,4.0,0.69451065619742,1.0,graph_topology_retains_identity,16466.0,0.2486,False,False,results_v2_seeds/graph/results.csv
entity,NF-ToN-IoT-v3,egraphsage,disjoint_ip,keep,multiclass,1,ok,,52.0,10.0,409983.0,87853.0,87854.0,0.0,1.0,2.0,5098.0,5086.0,5086.0,36.0,47.0,0.5061405649228593,32.7,0.5395087303936076,0.2693782787896502,0.506412336245881,,0.3958580539894569,0.334189014659542,0.24556230640934,87854.0,8.0,0.3367228484870628,8.0,identity_in_features_and_topology,16466.0,0.0606,False,False,results_v2_seeds/graph/results.csv
entity,NF-ToN-IoT-v3,egraphsage,disjoint_ip,keep,multiclass,2,ok,,52.0,10.0,409983.0,87853.0,87854.0,0.0,1.0,2.0,5098.0,5086.0,5086.0,28.0,39.0,0.4564066176641743,28.0,0.4998292621849887,0.2699026427319629,0.4746286427920102,,0.3469572168628393,0.3515702155365566,0.3470038122468429,87854.0,8.0,0.3373783034149537,8.0,identity_in_features_and_topology,16466.0,0.0598,False,False,results_v2_seeds/graph/results.csv
entity,NF-ToN-IoT-v3,egraphsage,disjoint_ip,drop,multiclass,1,ok,,48.0,10.0,409983.0,87853.0,87854.0,0.0,1.0,2.0,5098.0,5086.0,5086.0,46.0,57.0,0.4645273571779834,37.6,0.3119835181095909,0.0798822772939178,0.1954790938395805,,0.185302859323377,0.1839945002833997,0.2232547057421968,87854.0,8.0,0.0998528466173973,8.0,graph_topology_retains_identity,16466.0,0.0606,False,False,results_v2_seeds/graph/results.csv
entity,NF-ToN-IoT-v3,egraphsage,disjoint_ip,drop,multiclass,2,ok,,48.0,10.0,409983.0,87853.0,87854.0,0.0,1.0,2.0,5098.0,5086.0,5086.0,71.0,82.0,0.5146072243487054,52.1,0.3163771712158809,0.0756442878075513,0.1950679229568482,,0.1764285817992674,0.1845667317933674,0.2080355015487252,87854.0,8.0,0.0945553597594391,8.0,graph_topology_retains_identity,16466.0,0.0598,False,False,results_v2_seeds/graph/results.csv
entity,NF-UNSW-NB15-v2,egraphsage,random,keep,binary,1,ok,,43.0,2.0,608758.0,130448.0,130448.0,0.0,0.0,0.0,40.0,38.0,38.0,77.0,88.0,0.9677501284945114,69.0,0.9868683306758248,0.9679420768621302,0.9871895242959332,0.94331005725254,0.9464930020732828,0.9924438649813584,0.0146914536534985,130448.0,2.0,0.9679420768621302,2.0,identity_in_features_and_topology,44.0,0.0,False,False,results_v2_seeds/graph/results.csv
entity,NF-UNSW-NB15-v2,egraphsage,random,keep,binary,2,ok,,43.0,2.0,608758.0,130448.0,130448.0,0.0,0.0,0.0,39.0,39.0,38.0,55.0,66.0,0.966456840506495,53.7,0.9866613516496996,0.9674508257427202,0.9869902937593066,0.9424450912939932,0.945859693525644,0.9921430875666416,0.0148721920991479,130448.0,2.0,0.9674508257427202,2.0,identity_in_features_and_topology,44.0,0.0,False,False,results_v2_seeds/graph/results.csv
entity,NF-UNSW-NB15-v2,egraphsage,random,drop,binary,1,ok,,39.0,2.0,608758.0,130448.0,130448.0,0.0,0.0,0.0,40.0,38.0,38.0,60.0,71.0,0.966525749107061,56.1,0.9861937323684532,0.9663821757107388,0.9865480577494058,0.940574784703204,0.9440245046906588,0.9920959396404168,0.0154574403993459,130448.0,2.0,0.9663821757107388,2.0,graph_topology_retains_identity,44.0,0.0,False,False,results_v2_seeds/graph/results.csv
entity,NF-UNSW-NB15-v2,egraphsage,random,drop,binary,2,ok,,39.0,2.0,608758.0,130448.0,130448.0,0.0,0.0,0.0,39.0,39.0,38.0,87.0,98.0,0.9668978778747486,75.1,0.986852998896112,0.9678991085914268,0.987173507730838,0.9432325973982988,0.9465181051854342,0.9923121994460802,0.0146742404681986,130448.0,2.0,0.9678991085914268,2.0,graph_topology_retains_identity,44.0,0.0,False,False,results_v2_seeds/graph/results.csv
entity,NF-UNSW-NB15-v2,egraphsage,temporal,keep,binary,1,skipped,dataset has no timestamp column,,,,,,,,,,,,,,,,,,,,,,,,,,,,,,,,results_v2_seeds/graph/results.csv
entity,NF-UNSW-NB15-v2,egraphsage,temporal,keep,binary,2,skipped,dataset has no timestamp column,,,,,,,,,,,,,,,,,,,,,,,,,,,,,,,,results_v2_seeds/graph/results.csv
entity,NF-UNSW-NB15-v2,egraphsage,temporal,drop,binary,1,skipped,dataset has no timestamp column,,,,,,,,,,,,,,,,,,,,,,,,,,,,,,,,results_v2_seeds/graph/results.csv
entity,NF-UNSW-NB15-v2,egraphsage,temporal,drop,binary,2,skipped,dataset has no timestamp column,,,,,,,,,,,,,,,,,,,,,,,,,,,,,,,,results_v2_seeds/graph/results.csv
entity,NF-UNSW-NB15-v2,egraphsage,disjoint_ip,keep,binary,1,skipped,"no entity-disjoint partition over 40 entities gives every split >= 3 entities, >= 5% of rows and >= 2 classes",,,,,,,,,,,,,,,,,,,,,,,,,,,,,,,,results_v2_seeds/graph/results.csv
entity,NF-UNSW-NB15-v2,egraphsage,disjoint_ip,keep,binary,2,skipped,"no entity-disjoint partition over 40 entities gives every split >= 3 entities, >= 5% of rows and >= 2 classes",,,,,,,,,,,,,,,,,,,,,,,,,,,,,,,,results_v2_seeds/graph/results.csv
entity,NF-UNSW-NB15-v2,egraphsage,disjoint_ip,drop,binary,1,skipped,"no entity-disjoint partition over 40 entities gives every split >= 3 entities, >= 5% of rows and >= 2 classes",,,,,,,,,,,,,,,,,,,,,,,,,,,,,,,,results_v2_seeds/graph/results.csv
entity,NF-UNSW-NB15-v2,egraphsage,disjoint_ip,drop,binary,2,skipped,"no entity-disjoint partition over 40 entities gives every split >= 3 entities, >= 5% of rows and >= 2 classes",,,,,,,,,,,,,,,,,,,,,,,,,,,,,,,,results_v2_seeds/graph/results.csv
entity,NF-UNSW-NB15-v2,egraphsage,random,keep,multiclass,1,ok,,43.0,10.0,608758.0,130448.0,130448.0,0.0,0.0,0.0,40.0,38.0,38.0,64.0,75.0,0.4798742422289558,60.2,0.9357215135532932,0.4789269897128836,0.9447143474641394,,0.4576589875909413,0.60024272482204,0.0249505120922626,130448.0,10.0,0.4789269897128836,10.0,identity_in_features_and_topology,44.0,0.0,False,False,results_v2_seeds/graph/results.csv
entity,NF-UNSW-NB15-v2,egraphsage,random,keep,multiclass,2,ok,,43.0,10.0,608758.0,130448.0,130448.0,0.0,0.0,0.0,39.0,39.0,38.0,80.0,91.0,0.5010474129322338,71.8,0.937377345762296,0.4827660644138416,0.9467162525563606,,0.4599724175404074,0.6016612081426216,0.0228763232636199,130448.0,10.0,0.4827660644138416,10.0,identity_in_features_and_topology,44.0,0.0,False,False,results_v2_seeds/graph/results.csv
entity,NF-UNSW-NB15-v2,egraphsage,random,drop,multiclass,1,ok,,39.0,10.0,608758.0,130448.0,130448.0,0.0,0.0,0.0,40.0,38.0,38.0,89.0,100.0,0.4752826691352814,77.5,0.9371780326260272,0.4792785537384587,0.9456959554214476,,0.4604188669638286,0.5795660093005434,0.0197951630949307,130448.0,10.0,0.4792785537384587,10.0,graph_topology_retains_identity,44.0,0.0,False,False,results_v2_seeds/graph/results.csv
entity,NF-UNSW-NB15-v2,egraphsage,random,drop,multiclass,2,ok,,39.0,10.0,608758.0,130448.0,130448.0,0.0,0.0,0.0,39.0,39.0,38.0,99.0,100.0,0.4749121500317067,77.2,0.9375,0.464425919589955,0.9465097883825084,,0.4484879184298191,0.582609861506179,0.0201566399862294,130448.0,10.0,0.464425919589955,10.0,graph_topology_retains_identity,44.0,0.0,False,False,results_v2_seeds/graph/results.csv
entity,NF-UNSW-NB15-v2,egraphsage,temporal,keep,multiclass,1,skipped,dataset has no timestamp column,,,,,,,,,,,,,,,,,,,,,,,,,,,,,,,,results_v2_seeds/graph/results.csv
entity,NF-UNSW-NB15-v2,egraphsage,temporal,keep,multiclass,2,skipped,dataset has no timestamp column,,,,,,,,,,,,,,,,,,,,,,,,,,,,,,,,results_v2_seeds/graph/results.csv
entity,NF-UNSW-NB15-v2,egraphsage,temporal,drop,multiclass,1,skipped,dataset has no timestamp column,,,,,,,,,,,,,,,,,,,,,,,,,,,,,,,,results_v2_seeds/graph/results.csv
entity,NF-UNSW-NB15-v2,egraphsage,temporal,drop,multiclass,2,skipped,dataset has no timestamp column,,,,,,,,,,,,,,,,,,,,,,,,,,,,,,,,results_v2_seeds/graph/results.csv
entity,NF-UNSW-NB15-v2,egraphsage,disjoint_ip,keep,multiclass,1,skipped,"no entity-disjoint partition over 40 entities gives every split >= 3 entities, >= 5% of rows and >= 2 classes",,,,,,,,,,,,,,,,,,,,,,,,,,,,,,,,results_v2_seeds/graph/results.csv
entity,NF-UNSW-NB15-v2,egraphsage,disjoint_ip,keep,multiclass,2,skipped,"no entity-disjoint partition over 40 entities gives every split >= 3 entities, >= 5% of rows and >= 2 classes",,,,,,,,,,,,,,,,,,,,,,,,,,,,,,,,results_v2_seeds/graph/results.csv
entity,NF-UNSW-NB15-v2,egraphsage,disjoint_ip,drop,multiclass,1,skipped,"no entity-disjoint partition over 40 entities gives every split >= 3 entities, >= 5% of rows and >= 2 classes",,,,,,,,,,,,,,,,,,,,,,,,,,,,,,,,results_v2_seeds/graph/results.csv
entity,NF-UNSW-NB15-v2,egraphsage,disjoint_ip,drop,multiclass,2,skipped,"no entity-disjoint partition over 40 entities gives every split >= 3 entities, >= 5% of rows and >= 2 classes",,,,,,,,,,,,,,,,,,,,,,,,,,,,,,,,results_v2_seeds/graph/results.csv
entity,NF-UNSW-NB15-v3,egraphsage,random,keep,binary,1,ok,,52.0,2.0,595896.0,127692.0,127692.0,0.0,0.0,0.0,40.0,39.0,39.0,17.0,28.0,0.9989103957686792,23.9,0.9995692760705448,0.9991558678595672,0.99956938247478,0.9985651300513944,0.9989094343798716,0.999402672092322,0.0003593211594096,127692.0,2.0,0.9991558678595672,2.0,identity_in_features_and_topology,44.0,0.0,False,False,results_v2_seeds/graph/results.csv
entity,NF-UNSW-NB15-v3,egraphsage,random,keep,binary,2,ok,,52.0,2.0,595896.0,127692.0,127692.0,0.0,0.0,0.0,40.0,39.0,39.0,14.0,25.0,0.9991864936712628,22.0,0.9993813238104188,0.998787779676218,0.9993815430240418,0.9979395425262774,0.9984346926851908,0.9991416290503085,0.0005159483314599,127692.0,2.0,0.998787779676218,2.0,identity_in_features_and_topology,44.0,0.0,False,False,results_v2_seeds/graph/results.csv
entity,NF-UNSW-NB15-v3,egraphsage,random,drop,binary,1,ok,,48.0,2.0,595896.0,127692.0,127692.0,0.0,0.0,0.0,40.0,39.0,39.0,13.0,24.0,0.9989106765151264,20.5,0.999553613382201,0.9991250969672072,0.9995537044895906,0.9985127977665876,0.9989214808317054,0.999328966149858,0.0003501077963478,127692.0,2.0,0.9991250969672072,2.0,graph_topology_retains_identity,44.0,0.0,False,False,results_v2_seeds/graph/results.csv
entity,NF-UNSW-NB15-v3,egraphsage,random,drop,binary,2,ok,,48.0,2.0,595896.0,127692.0,127692.0,0.0,0.0,0.0,40.0,39.0,39.0,29.0,40.0,0.9993092277153344,29.6,0.9995771074147166,0.9991713759084612,0.9995772527210132,0.9985915492957746,0.9988287027815744,0.99951476640619,0.0003961746116567,127692.0,2.0,0.9991713759084612,2.0,graph_topology_retains_identity,44.0,0.0,False,False,results_v2_seeds/graph/results.csv
entity,NF-UNSW-NB15-v3,egraphsage,temporal,keep,binary,1,ok,,52.0,2.0,595896.0,127692.0,127692.0,0.0,0.0,0.0,40.0,38.0,38.0,15.0,26.0,0.9584523281395833,22.7,0.9416016665100396,0.9237982434650972,0.9437526382319196,0.8869654848342453,0.8984447349784823,0.9621222126276224,0.0757555747447554,127692.0,2.0,0.9237982434650972,2.0,identity_in_features_and_topology,44.0,0.0,False,False,results_v2_seeds/graph/results.csv
entity,NF-UNSW-NB15-v3,egraphsage,temporal,keep,binary,2,ok,,52.0,2.0,595896.0,127692.0,127692.0,0.0,0.0,0.0,40.0,38.0,38.0,16.0,27.0,0.9584936884141482,23.6,0.9416251605425556,0.9238266423937708,0.9437745700798674,0.8870058210041232,0.8984772956334613,0.9621374511098696,0.075725097780261,127692.0,2.0,0.9238266423937708,2.0,identity_in_features_and_topology,44.0,0.0,False,False,results_v2_seeds/graph/results.csv
entity,NF-UNSW-NB15-v3,egraphsage,temporal,drop,binary,1,ok,,48.0,2.0,595896.0,127692.0,127692.0,0.0,0.0,0.0,40.0,38.0,38.0,13.0,24.0,0.9584814625350436,20.7,0.9416173291983836,0.9238171759093684,0.9437672594151524,0.8869923752065364,0.8984664414905208,0.962132371615787,0.0757352567684258,127692.0,2.0,0.9238171759093684,2.0,graph_topology_retains_identity,44.0,0.0,False,False,results_v2_seeds/graph/results.csv
entity,NF-UNSW-NB15-v3,egraphsage,temporal,drop,binary,2,ok,,48.0,2.0,595896.0,127692.0,127692.0,0.0,0.0,0.0,40.0,38.0,38.0,9.0,20.0,0.958722201028827,18.1,0.9438335995990352,0.926492961671105,0.9458349586169024,0.8907905956876598,0.9015818666328056,0.9634857954093016,0.07278915020064,127692.0,2.0,0.926492961671105,2.0,graph_topology_retains_identity,44.0,0.0,False,False,results_v2_seeds/graph/results.csv
entity,NF-UNSW-NB15-v3,egraphsage,disjoint_ip,keep,binary,1,skipped,"no entity-disjoint partition over 40 entities gives every split >= 3 entities, >= 5% of rows and >= 2 classes",,,,,,,,,,,,,,,,,,,,,,,,,,,,,,,,results_v2_seeds/graph/results.csv
entity,NF-UNSW-NB15-v3,egraphsage,disjoint_ip,keep,binary,2,skipped,"no entity-disjoint partition over 40 entities gives every split >= 3 entities, >= 5% of rows and >= 2 classes",,,,,,,,,,,,,,,,,,,,,,,,,,,,,,,,results_v2_seeds/graph/results.csv
entity,NF-UNSW-NB15-v3,egraphsage,disjoint_ip,drop,binary,1,skipped,"no entity-disjoint partition over 40 entities gives every split >= 3 entities, >= 5% of rows and >= 2 classes",,,,,,,,,,,,,,,,,,,,,,,,,,,,,,,,results_v2_seeds/graph/results.csv
entity,NF-UNSW-NB15-v3,egraphsage,disjoint_ip,drop,binary,2,skipped,"no entity-disjoint partition over 40 entities gives every split >= 3 entities, >= 5% of rows and >= 2 classes",,,,,,,,,,,,,,,,,,,,,,,,,,,,,,,,results_v2_seeds/graph/results.csv
entity,NF-UNSW-NB15-v3,egraphsage,random,keep,multiclass,1,ok,,52.0,10.0,595897.0,127692.0,127691.0,0.0,0.0,0.0,40.0,39.0,39.0,96.0,100.0,0.5301093323100935,68.3,0.9362680220219124,0.5374634816680128,0.9397063501366364,,0.5220734874344946,0.6499895442220935,0.0005251616945217,127691.0,10.0,0.5374634816680128,10.0,identity_in_features_and_topology,44.0,0.0,False,False,results_v2_seeds/graph/results.csv
entity,NF-UNSW-NB15-v3,egraphsage,random,keep,multiclass,2,ok,,52.0,10.0,595897.0,127692.0,127691.0,0.0,0.0,0.0,40.0,39.0,39.0,83.0,94.0,0.5339699454039935,64.6,0.9343493276738376,0.5265337006210784,0.937785142140844,,0.5129154236572958,0.6360954394371767,0.000939763032302,127691.0,10.0,0.5265337006210784,10.0,identity_in_features_and_topology,44.0,0.0,False,False,results_v2_seeds/graph/results.csv
entity,NF-UNSW-NB15-v3,egraphsage,random,drop,multiclass,1,ok,,48.0,10.0,595897.0,127692.0,127691.0,0.0,0.0,0.0,40.0,39.0,39.0,95.0,100.0,0.5046726352525504,65.8,0.9328222036008802,0.5107449537326546,0.936919461256262,,0.4992285312403102,0.6429324386554531,0.0005804418728924,127691.0,10.0,0.5107449537326546,10.0,graph_topology_retains_identity,44.0,0.0,False,False,results_v2_seeds/graph/results.csv
entity,NF-UNSW-NB15-v3,egraphsage,random,drop,multiclass,2,ok,,48.0,10.0,595897.0,127692.0,127691.0,0.0,0.0,0.0,40.0,39.0,39.0,96.0,100.0,0.5200349992773857,66.0,0.9319685804011246,0.5099778274050478,0.9361174009066036,,0.5004804328359806,0.6300775783994663,0.0007370690449427,127691.0,10.0,0.5099778274050478,10.0,graph_topology_retains_identity,44.0,0.0,False,False,results_v2_seeds/graph/results.csv
entity,NF-UNSW-NB15-v3,egraphsage,temporal,keep,multiclass,1,ok,,52.0,10.0,595896.0,127692.0,127692.0,0.0,0.0,0.0,40.0,38.0,38.0,92.0,100.0,0.4318644327229737,69.3,0.8155718447514332,0.3811529553409672,0.85324404000246,,0.4221441757953001,0.431527367456913,0.0759790724843805,127692.0,10.0,0.3811529553409672,10.0,identity_in_features_and_topology,44.0,0.0,False,False,results_v2_seeds/graph/results.csv
entity,NF-UNSW-NB15-v3,egraphsage,temporal,keep,multiclass,2,ok,,52.0,10.0,595896.0,127692.0,127692.0,0.0,0.0,0.0,40.0,38.0,38.0,69.0,80.0,0.3993462641499724,56.8,0.8177646211195689,0.39150088837174,0.8540415820202762,,0.4319959198592861,0.4600670798762992,0.0759485955198862,127692.0,10.0,0.39150088837174,10.0,identity_in_features_and_topology,44.0,0.0,False,False,results_v2_seeds/graph/results.csv
entity,NF-UNSW-NB15-v3,egraphsage,temporal,drop,multiclass,1,ok,,48.0,10.0,595896.0,127692.0,127692.0,0.0,0.0,0.0,40.0,38.0,38.0,81.0,92.0,0.4172077830884239,62.0,0.8164802806753751,0.391890997382994,0.8543306087635674,,0.4312466970896774,0.4495984361770229,0.0759282775435566,127692.0,10.0,0.391890997382994,10.0,graph_topology_retains_identity,44.0,0.0,False,False,results_v2_seeds/graph/results.csv
entity,NF-UNSW-NB15-v3,egraphsage,temporal,drop,multiclass,2,ok,,48.0,10.0,595896.0,127692.0,127692.0,0.0,0.0,0.0,40.0,38.0,38.0,66.0,77.0,0.4019601396515903,52.8,0.8152507596403846,0.3807853027258702,0.8535296098551532,,0.4266111947749058,0.4399972035104588,0.0759993904607101,127692.0,10.0,0.3807853027258702,10.0,graph_topology_retains_identity,44.0,0.0,False,False,results_v2_seeds/graph/results.csv
entity,NF-UNSW-NB15-v3,egraphsage,disjoint_ip,keep,multiclass,1,skipped,"no entity-disjoint partition over 40 entities gives every split >= 3 entities, >= 5% of rows and >= 2 classes",,,,,,,,,,,,,,,,,,,,,,,,,,,,,,,,results_v2_seeds/graph/results.csv
entity,NF-UNSW-NB15-v3,egraphsage,disjoint_ip,keep,multiclass,2,skipped,"no entity-disjoint partition over 40 entities gives every split >= 3 entities, >= 5% of rows and >= 2 classes",,,,,,,,,,,,,,,,,,,,,,,,,,,,,,,,results_v2_seeds/graph/results.csv
entity,NF-UNSW-NB15-v3,egraphsage,disjoint_ip,drop,multiclass,1,skipped,"no entity-disjoint partition over 40 entities gives every split >= 3 entities, >= 5% of rows and >= 2 classes",,,,,,,,,,,,,,,,,,,,,,,,,,,,,,,,results_v2_seeds/graph/results.csv
entity,NF-UNSW-NB15-v3,egraphsage,disjoint_ip,drop,multiclass,2,skipped,"no entity-disjoint partition over 40 entities gives every split >= 3 entities, >= 5% of rows and >= 2 classes",,,,,,,,,,,,,,,,,,,,,,,,,,,,,,,,results_v2_seeds/graph/results.csv
entity,NF-BoT-IoT-v2,xgboost,random,keep,multiclass,1,ok,,43.0,5.0,674497.0,144536.0,144534.0,0.0,0.0,0.0,19.0,15.0,17.0,599.0,599.0,0.9970888061973636,61.2,0.9973293481118628,0.9974398654468848,0.9973298051300412,,0.9973034228628398,0.9975792141013576,0.0003455936805726,144534.0,5.0,0.9974398654468848,5.0,identity_features_keep,,,False,False,results_v2_seeds/multiclass/results.csv
entity,NF-BoT-IoT-v2,mlp,random,keep,multiclass,1,ok,,43.0,5.0,674497.0,144536.0,144534.0,0.0,0.0,0.0,19.0,15.0,17.0,30.0,41.0,0.9539136205047188,406.5,0.9834364232637304,0.9520127404584746,0.9834985791037192,,0.929153766474615,0.9837307510235788,0.0011355220933102,144534.0,5.0,0.9520127404584746,5.0,identity_features_keep,,,False,False,results_v2_seeds/multiclass/results.csv
entity,NF-BoT-IoT-v2,transformer,random,keep,multiclass,1,ok,,43.0,5.0,674497.0,144536.0,144534.0,0.0,0.0,0.0,19.0,15.0,17.0,28.0,39.0,0.9559344425194,730.0,0.9839691698839028,0.9532675772818804,0.9840161862465518,,0.931784622416051,0.9834119950160354,0.0007899284127375,144534.0,5.0,0.9532675772818804,5.0,identity_features_keep,,,False,False,results_v2_seeds/multiclass/results.csv
entity,NF-BoT-IoT-v2,autoencoder,random,keep,multiclass,1,ok,,43.0,5.0,674497.0,144536.0,144534.0,0.0,0.0,0.0,19.0,15.0,17.0,22.0,33.0,0.9531939236588868,317.5,0.9836163117328794,0.9512394023702946,0.9836717187095166,,0.9291011030142118,0.98288501281199,0.0008392989385336,144534.0,5.0,0.9512394023702946,5.0,identity_features_keep,,,False,False,results_v2_seeds/multiclass/results.csv
entity,NF-BoT-IoT-v2,xgboost,random,drop,multiclass,1,ok,,39.0,5.0,674497.0,144536.0,144534.0,0.0,0.0,0.0,19.0,15.0,17.0,599.0,599.0,0.9630580955924996,62.7,0.9854567091480204,0.9613883811035848,0.9854955976118192,,0.9571562311734716,0.965738883146686,0.0009380399901258,144534.0,5.0,0.9613883811035848,5.0,identity_features_drop,,,False,False,results_v2_seeds/multiclass/results.csv
entity,NF-BoT-IoT-v2,mlp,random,drop,multiclass,1,ok,,39.0,5.0,674497.0,144536.0,144534.0,0.0,0.0,0.0,19.0,15.0,17.0,14.0,25.0,0.9279097418064592,253.1,0.9784203024893796,0.9284179930654612,0.9786103826106088,,0.8978260887428859,0.9784822343710524,0.0039496420636879,144534.0,5.0,0.9284179930654612,5.0,identity_features_drop,,,False,False,results_v2_seeds/multiclass/results.csv
entity,NF-BoT-IoT-v2,transformer,random,drop,multiclass,1,ok,,39.0,5.0,674497.0,144536.0,144534.0,0.0,0.0,0.0,19.0,15.0,17.0,28.0,39.0,0.9310467232535528,735.0,0.9783926273402798,0.9310257435821728,0.9785592617052816,,0.9011787523670688,0.9784750903167668,0.0036040483831152,144534.0,5.0,0.9310257435821728,5.0,identity_features_drop,,,False,False,results_v2_seeds/multiclass/results.csv
entity,NF-BoT-IoT-v2,autoencoder,random,drop,multiclass,1,ok,,39.0,5.0,674497.0,144536.0,144534.0,0.0,0.0,0.0,19.0,15.0,17.0,27.0,38.0,0.93598985270226,372.2,0.9790499121314016,0.9353161517358656,0.9791850114342824,,0.9071236880567448,0.9779250134298147,0.0019254505060478,144534.0,5.0,0.9353161517358656,5.0,identity_features_drop,,,False,False,results_v2_seeds/multiclass/results.csv
entity,NF-BoT-IoT-v2,xgboost,temporal,keep,multiclass,1,skipped,dataset has no timestamp column,,,,,,,,,,,,,,,,,,,,,,,,,,,,,,,,results_v2_seeds/multiclass/results.csv
entity,NF-BoT-IoT-v2,mlp,temporal,keep,multiclass,1,skipped,dataset has no timestamp column,,,,,,,,,,,,,,,,,,,,,,,,,,,,,,,,results_v2_seeds/multiclass/results.csv
entity,NF-BoT-IoT-v2,transformer,temporal,keep,multiclass,1,skipped,dataset has no timestamp column,,,,,,,,,,,,,,,,,,,,,,,,,,,,,,,,results_v2_seeds/multiclass/results.csv
entity,NF-BoT-IoT-v2,autoencoder,temporal,keep,multiclass,1,skipped,dataset has no timestamp column,,,,,,,,,,,,,,,,,,,,,,,,,,,,,,,,results_v2_seeds/multiclass/results.csv
entity,NF-BoT-IoT-v2,xgboost,temporal,drop,multiclass,1,skipped,dataset has no timestamp column,,,,,,,,,,,,,,,,,,,,,,,,,,,,,,,,results_v2_seeds/multiclass/results.csv
entity,NF-BoT-IoT-v2,mlp,temporal,drop,multiclass,1,skipped,dataset has no timestamp column,,,,,,,,,,,,,,,,,,,,,,,,,,,,,,,,results_v2_seeds/multiclass/results.csv
entity,NF-BoT-IoT-v2,transformer,temporal,drop,multiclass,1,skipped,dataset has no timestamp column,,,,,,,,,,,,,,,,,,,,,,,,,,,,,,,,results_v2_seeds/multiclass/results.csv
entity,NF-BoT-IoT-v2,autoencoder,temporal,drop,multiclass,1,skipped,dataset has no timestamp column,,,,,,,,,,,,,,,,,,,,,,,,,,,,,,,,results_v2_seeds/multiclass/results.csv
entity,NF-BoT-IoT-v2,xgboost,disjoint_ip,keep,multiclass,1,ok,,43.0,5.0,512013.0,224753.0,226801.0,0.0,0.0,0.0,14.0,3.0,3.0,44.0,44.0,0.7348390848330233,12.8,0.9768739996737228,0.8396679897888669,0.9766723309101524,,0.8679329783893748,0.823733463830885,0.1428698435277382,226801.0,5.0,0.8396679897888669,5.0,identity_features_keep,,,False,False,results_v2_seeds/multiclass/results.csv
entity,NF-BoT-IoT-v2,mlp,disjoint_ip,keep,multiclass,1,ok,,43.0,5.0,512013.0,224753.0,226801.0,0.0,0.0,0.0,14.0,3.0,3.0,8.0,19.0,0.7479153301238325,143.5,0.9604940013492004,0.7803980733552673,0.9676035235826996,,0.7887241220079585,0.8371899008101108,0.108730440967283,226801.0,5.0,0.7803980733552673,5.0,identity_features_keep,,,False,False,results_v2_seeds/multiclass/results.csv
entity,NF-BoT-IoT-v2,transformer,disjoint_ip,keep,multiclass,1,ok,,43.0,5.0,512013.0,224753.0,226801.0,0.0,0.0,0.0,14.0,3.0,3.0,14.0,25.0,0.7475204237112267,370.6,0.9622444345483484,0.778975516122857,0.9719114076229814,,0.7889571404759411,0.8327397118989943,0.0821479374110953,226801.0,5.0,0.778975516122857,5.0,identity_features_keep,,,False,False,results_v2_seeds/multiclass/results.csv
entity,NF-BoT-IoT-v2,autoencoder,disjoint_ip,keep,multiclass,1,ok,,43.0,5.0,512013.0,224753.0,226801.0,0.0,0.0,0.0,14.0,3.0,3.0,5.0,16.0,0.7493138749886347,130.8,0.965225021053699,0.7977733722780177,0.9640332119237928,,0.8209339988930491,0.7808036993232588,0.2391980796586059,226801.0,5.0,0.7977733722780177,5.0,identity_features_keep,,,False,True,results_v2_seeds/multiclass/results.csv
entity,NF-BoT-IoT-v2,xgboost,disjoint_ip,drop,multiclass,1,ok,,39.0,5.0,512013.0,224753.0,226801.0,0.0,0.0,0.0,14.0,3.0,3.0,49.0,49.0,0.7449146677795632,12.6,0.968355518714644,0.823122765672531,0.9688992853871806,,0.8201066904088767,0.8336249771460741,0.1714082503556187,226801.0,5.0,0.823122765672531,5.0,identity_features_drop,,,False,False,results_v2_seeds/multiclass/results.csv
entity,NF-BoT-IoT-v2,mlp,disjoint_ip,drop,multiclass,1,ok,,39.0,5.0,512013.0,224753.0,226801.0,0.0,0.0,0.0,14.0,3.0,3.0,32.0,43.0,0.7457842126438204,328.6,0.9504852271374464,0.8023212444886763,0.9483144308846044,,0.8165048499638605,0.8064512985303789,0.3430387624466572,226801.0,5.0,0.8023212444886763,5.0,identity_features_drop,,,False,False,results_v2_seeds/multiclass/results.csv
entity,NF-BoT-IoT-v2,transformer,disjoint_ip,drop,multiclass,1,ok,,39.0,5.0,512013.0,224753.0,226801.0,0.0,0.0,0.0,14.0,3.0,3.0,5.0,16.0,0.7688925515561126,236.8,0.97694895525152,0.8100726866683079,0.9796843335214036,,0.8008012637468944,0.8628610800772323,0.0627222617354196,226801.0,5.0,0.8100726866683079,5.0,identity_features_drop,,,False,True,results_v2_seeds/multiclass/results.csv
entity,NF-BoT-IoT-v2,autoencoder,disjoint_ip,drop,multiclass,1,ok,,39.0,5.0,512013.0,224753.0,226801.0,0.0,0.0,0.0,14.0,3.0,3.0,6.0,17.0,0.7581050411854849,141.7,0.9614155140409434,0.8347544051204938,0.9607442679329712,,0.8364829998892904,0.8484413935954997,0.2369754623044096,226801.0,5.0,0.8347544051204938,5.0,identity_features_drop,,,False,False,results_v2_seeds/multiclass/results.csv
entity,NF-BoT-IoT-v3,xgboost,random,keep,multiclass,1,ok,,52.0,5.0,700000.0,150001.0,149999.0,0.0,0.0,0.0,19.0,16.0,14.0,297.0,297.0,0.9939284488394888,37.6,0.9975866505776704,0.9922455240573756,0.9975980674949384,,0.989627215355568,0.9949945306896838,0.0080228447103617,149999.0,5.0,0.9922455240573756,5.0,identity_features_keep,,,False,False,results_v2_seeds/multiclass/results.csv
entity,NF-BoT-IoT-v3,mlp,random,keep,multiclass,1,ok,,52.0,5.0,700000.0,150001.0,149999.0,0.0,0.0,0.0,19.0,16.0,14.0,23.0,34.0,0.9685840608365004,341.8,0.9872532483549892,0.9670610202800124,0.9875552322706254,,0.959543811288844,0.9791158370902596,0.0066630405221648,149999.0,5.0,0.9670610202800124,5.0,identity_features_keep,,,False,False,results_v2_seeds/multiclass/results.csv
entity,NF-BoT-IoT-v3,transformer,random,keep,multiclass,1,ok,,52.0,5.0,700000.0,150001.0,149999.0,0.0,0.0,0.0,19.0,16.0,14.0,36.0,47.0,0.972603077927872,950.4,0.9899465996439976,0.9715784349213978,0.9901769196955073,,0.9644084686797828,0.9821326312280488,0.0077508838727223,149999.0,5.0,0.9715784349213978,5.0,identity_features_keep,,,False,False,results_v2_seeds/multiclass/results.csv
entity,NF-BoT-IoT-v3,autoencoder,random,keep,multiclass,1,ok,,52.0,5.0,700000.0,150001.0,149999.0,0.0,0.0,0.0,19.0,16.0,14.0,55.0,66.0,0.972743374864906,670.7,0.9892199281328542,0.9716312903212084,0.9894353650001954,,0.9651687978413028,0.9810036025073724,0.0146858852325265,149999.0,5.0,0.9716312903212084,5.0,identity_features_keep,,,False,False,results_v2_seeds/multiclass/results.csv
entity,NF-BoT-IoT-v3,xgboost,random,drop,multiclass,1,ok,,48.0,5.0,700000.0,150001.0,149999.0,0.0,0.0,0.0,19.0,16.0,14.0,230.0,230.0,0.9804149409521752,30.5,0.992979953199688,0.9790729499024124,0.9930827063981738,,0.9739772512516756,0.9854331439093504,0.015773728583084,149999.0,5.0,0.9790729499024124,5.0,identity_features_drop,,,False,False,results_v2_seeds/multiclass/results.csv
entity,NF-BoT-IoT-v3,mlp,random,drop,multiclass,1,ok,,48.0,5.0,700000.0,150001.0,149999.0,0.0,0.0,0.0,19.0,16.0,14.0,23.0,34.0,0.9586962058475396,356.0,0.9839665597770652,0.9580151583253642,0.9844363812670172,,0.9499801174233988,0.9731527250473736,0.0089747076420995,149999.0,5.0,0.9580151583253642,5.0,identity_features_drop,,,False,False,results_v2_seeds/multiclass/results.csv
entity,NF-BoT-IoT-v3,transformer,random,drop,multiclass,1,ok,,48.0,5.0,700000.0,150001.0,149999.0,0.0,0.0,0.0,19.0,16.0,14.0,4.0,15.0,0.958115725629564,309.0,0.9849865665771104,0.956930627272362,0.9853567280948862,,0.9488307205697948,0.9689546071724564,0.0488169703562686,149999.0,5.0,0.956930627272362,5.0,identity_features_drop,,,False,True,results_v2_seeds/multiclass/results.csv
entity,NF-BoT-IoT-v3,autoencoder,random,drop,multiclass,1,ok,,48.0,5.0,700000.0,150001.0,149999.0,0.0,0.0,0.0,19.0,16.0,14.0,13.0,24.0,0.9579759581290052,261.7,0.9835265568437124,0.9556011700098804,0.9839269786591268,,0.9459069820910502,0.9698582734931308,0.0387544193636116,149999.0,5.0,0.9556011700098804,5.0,identity_features_drop,,,False,False,results_v2_seeds/multiclass/results.csv
entity,NF-BoT-IoT-v3,xgboost,temporal,keep,multiclass,1,ok,,52.0,5.0,700000.0,150000.0,150000.0,1.0,3.0,2.0,17.0,13.0,14.0,147.0,147.0,0.3995666970956038,18.1,0.9887933333333332,0.3752291477012652,0.9838734113694676,,0.358102213621656,0.3960575000244367,0.0187553282182438,150000.0,3.0,0.9380728692531632,2.0,identity_features_keep,,,False,False,results_v2_seeds/multiclass/results.csv
entity,NF-BoT-IoT-v3,mlp,temporal,keep,multiclass,1,ok,,52.0,5.0,700000.0,150000.0,150000.0,1.0,3.0,2.0,17.0,13.0,14.0,8.0,19.0,0.3538955230746925,193.7,0.00716,0.1690007867820613,0.0066079307631785,,0.1569028487947406,0.1831202046035805,0.0843989769820971,150000.0,3.0,0.4225019669551534,2.0,identity_features_keep,,,False,False,results_v2_seeds/multiclass/results.csv
entity,NF-BoT-IoT-v3,transformer,temporal,keep,multiclass,1,ok,,52.0,5.0,700000.0,150000.0,150000.0,1.0,3.0,2.0,17.0,13.0,14.0,4.0,15.0,0.3160952844417092,307.0,0.0077533333333333,0.1307843688501546,0.005113668822041,,0.0975671140939597,0.1982949701619778,0.0085251491901108,150000.0,3.0,0.3269609221253866,2.0,identity_features_keep,,,False,True,results_v2_seeds/multiclass/results.csv
entity,NF-BoT-IoT-v3,autoencoder,temporal,keep,multiclass,1,ok,,52.0,5.0,700000.0,150000.0,150000.0,1.0,3.0,2.0,17.0,13.0,14.0,13.0,24.0,0.3502886509624407,236.6,0.0067466666666666,0.1714312640521292,0.0067160787323128,,0.1706496813561158,0.1723798743143381,0.1381074168797953,150000.0,3.0,0.4285781601303229,2.0,identity_features_keep,,,False,False,results_v2_seeds/multiclass/results.csv
entity,NF-BoT-IoT-v3,xgboost,temporal,drop,multiclass,1,ok,,48.0,5.0,700000.0,150000.0,150000.0,1.0,3.0,2.0,17.0,13.0,14.0,137.0,137.0,0.399349345165612,16.4,0.98878,0.3609526317804922,0.9840430929907612,,0.3366227955826543,0.3950399128828124,0.0238704177323103,150000.0,3.0,0.9023815794512304,2.0,identity_features_drop,,,False,False,results_v2_seeds/multiclass/results.csv
entity,NF-BoT-IoT-v3,mlp,temporal,drop,multiclass,1,ok,,48.0,5.0,700000.0,150000.0,150000.0,1.0,3.0,2.0,17.0,13.0,14.0,14.0,25.0,0.3809428062638772,260.3,0.0053133333333333,0.1422090230641951,0.0055734322317066,,0.1494490478324851,0.1357217327968616,0.3213981244671782,150000.0,3.0,0.3555225576604879,2.0,identity_features_drop,,,False,False,results_v2_seeds/multiclass/results.csv
entity,NF-BoT-IoT-v3,transformer,temporal,drop,multiclass,1,ok,,48.0,5.0,700000.0,150000.0,150000.0,1.0,3.0,2.0,17.0,13.0,14.0,10.0,21.0,0.3835094157971125,429.1,0.0076666666666666,0.1681286549707602,0.0065738304093567,,0.1471529110684581,0.196078431372549,0.0196078431372549,150000.0,3.0,0.4203216374269006,2.0,identity_features_drop,,,False,False,results_v2_seeds/multiclass/results.csv
entity,NF-BoT-IoT-v3,autoencoder,temporal,drop,multiclass,1,ok,,48.0,5.0,700000.0,150000.0,150000.0,1.0,3.0,2.0,17.0,13.0,14.0,25.0,36.0,0.3719897520171905,375.2,0.0174933333333333,0.1719663829238325,0.0275345202065299,,0.2736039262501658,0.176090778715076,0.1304347826086956,150000.0,3.0,0.4299159573095813,2.0,identity_features_drop,,,False,False,results_v2_seeds/multiclass/results.csv
entity,NF-BoT-IoT-v3,xgboost,disjoint_ip,keep,multiclass,1,ok,,52.0,5.0,505784.0,247799.0,246417.0,0.0,1.0,0.0,14.0,3.0,3.0,194.0,194.0,0.7728158301112776,24.8,0.9852120592329264,0.9606390171247944,0.9852166387834388,,0.9686008596193152,0.9543103918572592,0.1513860988348734,246417.0,5.0,0.9606390171247944,5.0,identity_features_keep,,,False,False,results_v2_seeds/multiclass/results.csv
entity,NF-BoT-IoT-v3,mlp,disjoint_ip,keep,multiclass,1,ok,,52.0,5.0,505784.0,247799.0,246417.0,0.0,1.0,0.0,14.0,3.0,3.0,4.0,15.0,0.6963420609519211,114.1,0.8670383942666293,0.8787592361605862,0.8648840860119814,,0.8814968931275734,0.890627343661266,0.1257533145841703,246417.0,5.0,0.8787592361605862,5.0,identity_features_keep,,,False,True,results_v2_seeds/multiclass/results.csv
entity,NF-BoT-IoT-v3,transformer,disjoint_ip,keep,multiclass,1,ok,,52.0,5.0,505784.0,247799.0,246417.0,0.0,1.0,0.0,14.0,3.0,3.0,4.0,15.0,0.758726659351771,226.5,0.9839053312068566,0.946047688320842,0.9843546804402136,,0.9318636865152636,0.967603018783774,0.027641623141824,246417.0,5.0,0.946047688320842,5.0,identity_features_keep,,,False,True,results_v2_seeds/multiclass/results.csv
entity,NF-BoT-IoT-v3,autoencoder,disjoint_ip,keep,multiclass,1,ok,,52.0,5.0,505784.0,247799.0,246417.0,0.0,1.0,0.0,14.0,3.0,3.0,4.0,15.0,0.7161146799223448,111.5,0.9237796093613672,0.9102574551392428,0.9240172411368016,,0.9118093895054452,0.909895784828689,0.1922860586580956,246417.0,5.0,0.9102574551392428,5.0,identity_features_keep,,,False,True,results_v2_seeds/multiclass/results.csv
entity,NF-BoT-IoT-v3,xgboost,disjoint_ip,drop,multiclass,1,ok,,48.0,5.0,505784.0,247799.0,246417.0,0.0,1.0,0.0,14.0,3.0,3.0,75.0,75.0,0.7651255232656007,14.6,0.9834711079186906,0.9592167527865392,0.9837168059727908,,0.9523004685115046,0.9672140571123564,0.0640417838489353,246417.0,5.0,0.9592167527865392,5.0,identity_features_drop,,,False,False,results_v2_seeds/multiclass/results.csv
entity,NF-BoT-IoT-v3,mlp,disjoint_ip,drop,multiclass,1,ok,,48.0,5.0,505784.0,247799.0,246417.0,0.0,1.0,0.0,14.0,3.0,3.0,8.0,19.0,0.7379501098276928,148.8,0.9667717730513724,0.9266407167374842,0.9674444451696604,,0.9104927664697604,0.9503413625108392,0.0757734029730815,246417.0,5.0,0.9266407167374842,5.0,identity_features_drop,,,False,False,results_v2_seeds/multiclass/results.csv
entity,NF-BoT-IoT-v3,transformer,disjoint_ip,drop,multiclass,1,ok,,48.0,5.0,505784.0,247799.0,246417.0,0.0,1.0,0.0,14.0,3.0,3.0,7.0,18.0,0.7573606367869397,270.0,0.9833209559405398,0.9533021909531394,0.9838209978070268,,0.944918553603447,0.9693708121151182,0.0179991964644435,246417.0,5.0,0.9533021909531394,5.0,identity_features_drop,,,False,False,results_v2_seeds/multiclass/results.csv
entity,NF-BoT-IoT-v3,autoencoder,disjoint_ip,drop,multiclass,1,ok,,48.0,5.0,505784.0,247799.0,246417.0,0.0,1.0,0.0,14.0,3.0,3.0,19.0,30.0,0.7354955394440897,218.5,0.9703794786885646,0.9401645484910944,0.9709466916490376,,0.9382080675241762,0.9485194871453816,0.0506227400562474,246417.0,5.0,0.9401645484910944,5.0,identity_features_drop,,,False,False,results_v2_seeds/multiclass/results.csv
entity,NF-CICIDS2018-v3,xgboost,random,keep,multiclass,1,ok,,52.0,15.0,560255.0,120053.0,120057.0,0.0,0.0,0.0,153501.0,69975.0,69856.0,599.0,599.0,0.8816409732558091,124.1,0.9989421691363268,0.8657456195808687,0.9990086729581188,,0.861142696659938,0.8983974925050784,0.0007601450122792,120057.0,15.0,0.8657456195808687,15.0,identity_features_keep,,,False,False,results_v2_seeds/multiclass/results.csv
entity,NF-CICIDS2018-v3,mlp,random,keep,multiclass,1,ok,,52.0,15.0,560255.0,120053.0,120057.0,0.0,0.0,0.0,153501.0,69975.0,69856.0,23.0,34.0,0.6641714772340774,271.5,0.9383376229624262,0.6696069322666107,0.9660164358153888,,0.6162361415023284,0.9159021771779898,0.0615800992365136,120057.0,15.0,0.6696069322666107,15.0,identity_features_keep,,,False,False,results_v2_seeds/multiclass/results.csv
entity,NF-CICIDS2018-v3,transformer,random,keep,multiclass,1,ok,,52.0,15.0,560255.0,120053.0,120057.0,0.0,0.0,0.0,153501.0,69975.0,69856.0,21.0,32.0,0.7045940801350918,517.7,0.979234863439866,0.6216637135318009,0.9878249212714636,,0.5864058914668219,0.7949906167742068,0.0202315518652789,120057.0,15.0,0.6216637135318009,15.0,identity_features_keep,,,False,False,results_v2_seeds/multiclass/results.csv
entity,NF-CICIDS2018-v3,autoencoder,random,keep,multiclass,1,ok,,52.0,15.0,560255.0,120053.0,120057.0,0.0,0.0,0.0,153501.0,69975.0,69856.0,15.0,26.0,0.6575183297280598,282.3,0.8859125248840134,0.6842407179479028,0.9372816965024358,,0.6363750832161955,0.915876801521008,0.1142389361311124,120057.0,15.0,0.6842407179479028,15.0,identity_features_keep,,,False,False,results_v2_seeds/multiclass/results.csv
entity,NF-CICIDS2018-v3,xgboost,random,drop,multiclass,1,ok,,48.0,15.0,560255.0,120053.0,120057.0,0.0,0.0,0.0,153501.0,69975.0,69856.0,598.0,598.0,0.8242929027164014,134.0,0.9976261275893952,0.8351168396247035,0.9978924999475568,,0.8195458321544064,0.8851593178226336,0.0018544197002856,120057.0,15.0,0.8351168396247035,15.0,identity_features_drop,,,False,False,results_v2_seeds/multiclass/results.csv
entity,NF-CICIDS2018-v3,mlp,random,drop,multiclass,1,ok,,48.0,15.0,560255.0,120053.0,120057.0,0.0,0.0,0.0,153501.0,69975.0,69856.0,27.0,38.0,0.5942477325310572,314.0,0.8922261925585347,0.539886746514577,0.9407381105379304,,0.4928722038932954,0.9151832708906348,0.1078821190504034,120057.0,15.0,0.539886746514577,15.0,identity_features_drop,,,False,False,results_v2_seeds/multiclass/results.csv
entity,NF-CICIDS2018-v3,transformer,random,drop,multiclass,1,ok,,48.0,15.0,560255.0,120053.0,120057.0,0.0,0.0,0.0,153501.0,69975.0,69856.0,30.0,41.0,0.6177577478402381,666.9,0.8520869253771125,0.5138212813982436,0.9179428001749048,,0.4284127647027642,0.8506429091967419,0.1482032176687772,120057.0,15.0,0.5138212813982436,15.0,identity_features_drop,,,False,False,results_v2_seeds/multiclass/results.csv
entity,NF-CICIDS2018-v3,autoencoder,random,drop,multiclass,1,ok,,48.0,15.0,560255.0,120053.0,120057.0,0.0,0.0,0.0,153501.0,69975.0,69856.0,30.0,41.0,0.663472371459929,402.8,0.9166812430762056,0.6765913509469528,0.9543399457879136,,0.6129232207055876,0.9385364740004796,0.0833319411263511,120057.0,15.0,0.6765913509469528,15.0,identity_features_drop,,,False,False,results_v2_seeds/multiclass/results.csv
entity,NF-CICIDS2018-v3,xgboost,temporal,keep,multiclass,1,ok,,52.0,15.0,560256.0,120055.0,120054.0,1.0,13.0,12.0,136335.0,34504.0,35580.0,80.0,80.0,0.0668185978044091,30.9,0.9955186832592,0.0670855371304853,0.9935073458609234,,0.1330483974439084,0.0669382345652781,0.0002091367670801,120054.0,3.0,0.50314152847864,2.0,identity_features_keep,,,False,False,results_v2_seeds/multiclass/results.csv
entity,NF-CICIDS2018-v3,mlp,temporal,keep,multiclass,1,ok,,52.0,15.0,560256.0,120055.0,120054.0,1.0,13.0,12.0,136335.0,34504.0,35580.0,20.0,31.0,0.0697646116416147,251.8,0.9910956736135406,0.0737911487234512,0.99175108380859,,0.0788660881424529,0.0716190085921265,0.0049439931737759,120054.0,3.0,0.5534336154258842,2.0,identity_features_keep,,,False,False,results_v2_seeds/multiclass/results.csv
entity,NF-CICIDS2018-v3,transformer,temporal,keep,multiclass,1,ok,,52.0,15.0,560256.0,120055.0,120054.0,1.0,13.0,12.0,136335.0,34504.0,35580.0,19.0,30.0,0.0798829424473267,486.8,0.9959934696053444,0.1007218348024189,0.9958436561929545,,0.1057760192692902,0.0968314934880781,0.001489053781611,120054.0,3.0,0.755413761018142,2.0,identity_features_keep,,,False,False,results_v2_seeds/multiclass/results.csv
entity,NF-CICIDS2018-v3,autoencoder,temporal,keep,multiclass,1,ok,,52.0,15.0,560256.0,120055.0,120054.0,1.0,13.0,12.0,136335.0,34504.0,35580.0,14.0,25.0,0.0767622204772528,266.9,0.9897546104253088,0.0861512568567582,0.9919428421174116,,0.1022143022895332,0.0799188703397364,0.0067843967240816,120054.0,3.0,0.6461344264256865,2.0,identity_features_keep,,,False,False,results_v2_seeds/multiclass/results.csv
entity,NF-CICIDS2018-v3,xgboost,temporal,drop,multiclass,1,ok,,48.0,15.0,560256.0,120055.0,120054.0,1.0,13.0,12.0,136335.0,34504.0,35580.0,78.0,78.0,0.0678890039693712,25.3,0.9955686607693204,0.0676509649428419,0.993565196678945,,0.13304951303435,0.0672259757072105,0.0001756748843473,120054.0,3.0,0.5073822370713144,2.0,identity_features_drop,,,False,False,results_v2_seeds/multiclass/results.csv
entity,NF-CICIDS2018-v3,mlp,temporal,drop,multiclass,1,ok,,48.0,15.0,560256.0,120055.0,120054.0,1.0,13.0,12.0,136335.0,34504.0,35580.0,22.0,33.0,0.0695829618557029,269.7,0.990370999716794,0.0695965147211997,0.991255971284923,,0.0749729539873006,0.0682999468950844,0.0054793832975012,120054.0,3.0,0.5219738604089978,2.0,identity_features_drop,,,False,False,results_v2_seeds/multiclass/results.csv
entity,NF-CICIDS2018-v3,transformer,temporal,drop,multiclass,1,ok,,48.0,15.0,560256.0,120055.0,120054.0,1.0,13.0,12.0,136335.0,34504.0,35580.0,5.0,16.0,0.0657294489611562,248.4,0.979151048694754,0.0660333028588441,0.9862505610529472,,0.0665155861866041,0.0655579629521188,0.0166305557182174,120054.0,3.0,0.495249771441331,2.0,identity_features_drop,,,False,True,results_v2_seeds/multiclass/results.csv
entity,NF-CICIDS2018-v3,autoencoder,temporal,drop,multiclass,1,ok,,48.0,15.0,560256.0,120055.0,120054.0,1.0,13.0,12.0,136335.0,34504.0,35580.0,15.0,26.0,0.0744922462438614,278.8,0.9851150315691272,0.0773153829743424,0.9890842553064644,,0.0780466561736401,0.0766220855149462,0.0112682890102811,120054.0,3.0,0.5798653723075686,2.0,identity_features_drop,,,False,False,results_v2_seeds/multiclass/results.csv
entity,NF-CICIDS2018-v3,xgboost,disjoint_ip,keep,multiclass,1,ok,,52.0,15.0,560255.0,120055.0,120055.0,0.0,12.0,12.0,80139.0,50868.0,50869.0,238.0,238.0,0.1725140737411956,61.6,0.9990171171546376,0.1699724914944097,0.9990645594638085,,0.1673301706294479,0.1733615299702435,0.0005924566088117,120055.0,3.0,0.8498624574720487,3.0,identity_features_keep,,,False,False,results_v2_seeds/multiclass/results.csv
entity,NF-CICIDS2018-v3,mlp,disjoint_ip,keep,multiclass,1,ok,,52.0,15.0,560255.0,120055.0,120055.0,0.0,12.0,12.0,80139.0,50868.0,50869.0,13.0,24.0,0.0753020391001361,195.4,0.948340344008996,0.0777495747400431,0.9718609500942088,,0.0735477169106282,0.1815958205712191,0.0515353805073431,120055.0,3.0,0.3887478737002158,3.0,identity_features_keep,,,False,False,results_v2_seeds/multiclass/results.csv
entity,NF-CICIDS2018-v3,transformer,disjoint_ip,keep,multiclass,1,ok,,52.0,15.0,560255.0,120055.0,120055.0,0.0,12.0,12.0,80139.0,50868.0,50869.0,31.0,42.0,0.1221888488126113,660.9,0.9745783182707926,0.1279989627776695,0.9860950812560868,,0.1214714667507885,0.1899299501732157,0.0253504672897196,120055.0,3.0,0.6399948138883476,3.0,identity_features_keep,,,False,False,results_v2_seeds/multiclass/results.csv
entity,NF-CICIDS2018-v3,autoencoder,disjoint_ip,keep,multiclass,1,ok,,52.0,15.0,560255.0,120055.0,120055.0,0.0,12.0,12.0,80139.0,50868.0,50869.0,9.0,20.0,0.0781568026507745,227.2,0.9706634459206196,0.0803925205100558,0.983516145986398,,0.0745393752198333,0.1818331413562309,0.0291555407209612,120055.0,3.0,0.4019626025502794,3.0,identity_features_keep,,,False,False,results_v2_seeds/multiclass/results.csv
entity,NF-CICIDS2018-v3,xgboost,disjoint_ip,drop,multiclass,1,ok,,48.0,15.0,560255.0,120055.0,120055.0,0.0,12.0,12.0,80139.0,50868.0,50869.0,597.0,597.0,0.151516530448086,128.8,0.9983007788097122,0.1502679004546488,0.9984466756728274,,0.1399288460788196,0.1642475697444086,0.0011849132176234,120055.0,3.0,0.7513395022732441,3.0,identity_features_drop,,,False,False,results_v2_seeds/multiclass/results.csv
entity,NF-CICIDS2018-v3,mlp,disjoint_ip,drop,multiclass,1,ok,,48.0,15.0,560255.0,120055.0,120055.0,0.0,12.0,12.0,80139.0,50868.0,50869.0,27.0,38.0,0.0759900264790371,315.7,0.9566948481945776,0.0784877771631394,0.9762499071810168,,0.0737948194346975,0.1809002308088344,0.0431491989319092,120055.0,3.0,0.3924388858156973,3.0,identity_features_drop,,,False,False,results_v2_seeds/multiclass/results.csv
entity,NF-CICIDS2018-v3,transformer,disjoint_ip,drop,multiclass,1,ok,,48.0,15.0,560255.0,120055.0,120055.0,0.0,12.0,12.0,80139.0,50868.0,50869.0,7.0,18.0,0.093755103584588,287.3,0.972196076798134,0.0983315657207992,0.9845168111009772,,0.0873324482871878,0.1815328389922947,0.0276201602136181,120055.0,3.0,0.491657828603996,3.0,identity_features_drop,,,False,False,results_v2_seeds/multiclass/results.csv
entity,NF-CICIDS2018-v3,autoencoder,disjoint_ip,drop,multiclass,1,ok,,48.0,15.0,560255.0,120055.0,120055.0,0.0,12.0,12.0,80139.0,50868.0,50869.0,30.0,41.0,0.0859856032739448,397.7,0.936978884677856,0.0901472592620098,0.9659907219803964,,0.082327986082679,0.1825388208242798,0.0629506008010681,120055.0,3.0,0.4507362963100491,3.0,identity_features_drop,,,False,False,results_v2_seeds/multiclass/results.csv
entity,NF-CSE-CIC-IDS2018-v2,xgboost,random,keep,multiclass,1,ok,,43.0,15.0,577526.0,123754.0,123758.0,0.0,1.0,1.0,186768.0,79334.0,79358.0,599.0,599.0,0.7891169282110849,124.7,0.9988606797136348,0.8317747816502377,0.9989197516085848,,0.8508106628641356,0.8349821083522696,0.0006553716199815,123758.0,14.0,0.8911872660538261,14.0,identity_features_keep,,,False,False,results_v2_seeds/multiclass/results.csv
entity,NF-CSE-CIC-IDS2018-v2,mlp,random,keep,multiclass,1,ok,,43.0,15.0,577526.0,123754.0,123758.0,0.0,1.0,1.0,186768.0,79334.0,79358.0,29.0,40.0,0.6482507976778431,325.0,0.934767853391296,0.6672226001566766,0.9653093981502257,,0.6158952189089345,0.8401119795459326,0.0649869734776769,123758.0,14.0,0.7148813573107249,14.0,identity_features_keep,,,False,False,results_v2_seeds/multiclass/results.csv
entity,NF-CSE-CIC-IDS2018-v2,transformer,random,keep,multiclass,1,ok,,43.0,15.0,577526.0,123754.0,123758.0,0.0,1.0,1.0,186768.0,79334.0,79358.0,10.0,21.0,0.6084011032591942,345.1,0.9534494739733996,0.6022757229781742,0.9752065617677396,,0.5855555108188413,0.8033522322238432,0.0462077447125265,123758.0,14.0,0.6452954174766152,14.0,identity_features_keep,,,False,False,results_v2_seeds/multiclass/results.csv
entity,NF-CSE-CIC-IDS2018-v2,autoencoder,random,keep,multiclass,1,ok,,43.0,15.0,577526.0,123754.0,123758.0,0.0,1.0,1.0,186768.0,79334.0,79358.0,39.0,50.0,0.6266589106209668,530.5,0.952520241115726,0.6324894575605519,0.974709646009369,,0.5682510586335567,0.8372072510191121,0.0471543926080554,123758.0,14.0,0.6776672759577341,14.0,identity_features_keep,,,False,False,results_v2_seeds/multiclass/results.csv
entity,NF-CSE-CIC-IDS2018-v2,xgboost,random,drop,multiclass,1,ok,,39.0,15.0,577526.0,123754.0,123758.0,0.0,1.0,1.0,186768.0,79334.0,79358.0,581.0,581.0,0.7690171227845648,115.3,0.996420433426526,0.7832951412561429,0.9974792408042404,,0.7704395142042552,0.8400775126883115,0.0031716750004045,123758.0,14.0,0.8392447942030101,14.0,identity_features_drop,,,False,False,results_v2_seeds/multiclass/results.csv
entity,NF-CSE-CIC-IDS2018-v2,mlp,random,drop,multiclass,1,ok,,39.0,15.0,577526.0,123754.0,123758.0,0.0,1.0,1.0,186768.0,79334.0,79358.0,32.0,43.0,0.6190504073986841,357.1,0.9520435042583104,0.6132490945464643,0.9744571244423744,,0.5458366985029208,0.8412652178368961,0.0476883991132255,123758.0,14.0,0.6570526012997832,14.0,identity_features_drop,,,False,False,results_v2_seeds/multiclass/results.csv
entity,NF-CSE-CIC-IDS2018-v2,transformer,random,drop,multiclass,1,ok,,39.0,15.0,577526.0,123754.0,123758.0,0.0,1.0,1.0,186768.0,79334.0,79358.0,18.0,29.0,0.6099978346913892,446.3,0.9671536385526592,0.6695942272741375,0.9823477653859022,,0.6252309251673243,0.8048513114103932,0.0324934867388384,123758.0,14.0,0.7174223863651473,14.0,identity_features_drop,,,False,False,results_v2_seeds/multiclass/results.csv
entity,NF-CSE-CIC-IDS2018-v2,autoencoder,random,drop,multiclass,1,ok,,39.0,15.0,577526.0,123754.0,123758.0,0.0,1.0,1.0,186768.0,79334.0,79358.0,60.0,71.0,0.6957631725154196,640.4,0.9459509688262576,0.6793250458509453,0.9712692926455432,,0.6373137100400074,0.8336722634133598,0.0538132919073741,123758.0,14.0,0.7278482634117271,14.0,identity_features_drop,,,False,False,results_v2_seeds/multiclass/results.csv
entity,NF-CSE-CIC-IDS2018-v2,xgboost,temporal,keep,multiclass,1,skipped,dataset has no timestamp column,,,,,,,,,,,,,,,,,,,,,,,,,,,,,,,,results_v2_seeds/multiclass/results.csv
entity,NF-CSE-CIC-IDS2018-v2,mlp,temporal,keep,multiclass,1,skipped,dataset has no timestamp column,,,,,,,,,,,,,,,,,,,,,,,,,,,,,,,,results_v2_seeds/multiclass/results.csv
entity,NF-CSE-CIC-IDS2018-v2,transformer,temporal,keep,multiclass,1,skipped,dataset has no timestamp column,,,,,,,,,,,,,,,,,,,,,,,,,,,,,,,,results_v2_seeds/multiclass/results.csv
entity,NF-CSE-CIC-IDS2018-v2,autoencoder,temporal,keep,multiclass,1,skipped,dataset has no timestamp column,,,,,,,,,,,,,,,,,,,,,,,,,,,,,,,,results_v2_seeds/multiclass/results.csv
entity,NF-CSE-CIC-IDS2018-v2,xgboost,temporal,drop,multiclass,1,skipped,dataset has no timestamp column,,,,,,,,,,,,,,,,,,,,,,,,,,,,,,,,results_v2_seeds/multiclass/results.csv
entity,NF-CSE-CIC-IDS2018-v2,mlp,temporal,drop,multiclass,1,skipped,dataset has no timestamp column,,,,,,,,,,,,,,,,,,,,,,,,,,,,,,,,results_v2_seeds/multiclass/results.csv
entity,NF-CSE-CIC-IDS2018-v2,transformer,temporal,drop,multiclass,1,skipped,dataset has no timestamp column,,,,,,,,,,,,,,,,,,,,,,,,,,,,,,,,results_v2_seeds/multiclass/results.csv
entity,NF-CSE-CIC-IDS2018-v2,autoencoder,temporal,drop,multiclass,1,skipped,dataset has no timestamp column,,,,,,,,,,,,,,,,,,,,,,,,,,,,,,,,results_v2_seeds/multiclass/results.csv
entity,NF-CSE-CIC-IDS2018-v2,xgboost,disjoint_ip,keep,multiclass,1,ok,,43.0,15.0,577526.0,123756.0,123756.0,0.0,10.0,9.0,99660.0,62454.0,62454.0,338.0,338.0,0.2872577380357975,80.3,0.9992323604512104,0.2814519316875986,0.9992614120698584,,0.2778167174269809,0.2885236095744531,0.0004286846660303,123756.0,6.0,0.7036298292189965,6.0,identity_features_keep,,,False,False,results_v2_seeds/multiclass/results.csv
entity,NF-CSE-CIC-IDS2018-v2,mlp,disjoint_ip,keep,multiclass,1,ok,,43.0,15.0,577526.0,123756.0,123756.0,0.0,10.0,9.0,99660.0,62454.0,62454.0,9.0,20.0,0.2655002720574223,163.6,0.9603736384498528,0.2532148553753112,0.9791810895484508,,0.25066665300322,0.3004896424304133,0.0394389892747949,123756.0,6.0,0.6330371384382781,6.0,identity_features_keep,,,False,False,results_v2_seeds/multiclass/results.csv
entity,NF-CSE-CIC-IDS2018-v2,transformer,disjoint_ip,keep,multiclass,1,ok,,43.0,15.0,577526.0,123756.0,123756.0,0.0,10.0,9.0,99660.0,62454.0,62454.0,8.0,19.0,0.2377770353884075,294.2,0.9191473544717024,0.2439947155188837,0.9572591819467938,,0.2403538013527718,0.3021217801861944,0.0807463966222883,123756.0,6.0,0.6099867887972094,6.0,identity_features_keep,,,False,False,results_v2_seeds/multiclass/results.csv
entity,NF-CSE-CIC-IDS2018-v2,autoencoder,disjoint_ip,keep,multiclass,1,ok,,43.0,15.0,577526.0,123756.0,123756.0,0.0,10.0,9.0,99660.0,62454.0,62454.0,21.0,32.0,0.2608340728070622,321.7,0.9746355732247324,0.2534000557055501,0.9865506366736938,,0.2490639617342686,0.300564722555139,0.0251548926670656,123756.0,6.0,0.6335001392638753,6.0,identity_features_keep,,,False,False,results_v2_seeds/multiclass/results.csv
entity,NF-CSE-CIC-IDS2018-v2,xgboost,disjoint_ip,drop,multiclass,1,ok,,39.0,15.0,577526.0,123756.0,123756.0,0.0,10.0,9.0,99660.0,62454.0,62454.0,599.0,599.0,0.2765235914652107,115.8,0.9973334626199942,0.2667801654437422,0.998174512615726,,0.2589501095503675,0.2974297843115226,0.0024022518077551,123756.0,6.0,0.6669504136093557,6.0,identity_features_drop,,,False,False,results_v2_seeds/multiclass/results.csv
entity,NF-CSE-CIC-IDS2018-v2,mlp,disjoint_ip,drop,multiclass,1,ok,,39.0,15.0,577526.0,123756.0,123756.0,0.0,10.0,9.0,99660.0,62454.0,62454.0,31.0,42.0,0.2664886065484895,347.2,0.9619816412941596,0.2629268334207202,0.9800212772409724,,0.2674026839249233,0.303226909672803,0.037853664849475,123756.0,6.0,0.6573170835518004,6.0,identity_features_drop,,,False,False,results_v2_seeds/multiclass/results.csv
entity,NF-CSE-CIC-IDS2018-v2,transformer,disjoint_ip,drop,multiclass,1,ok,,39.0,15.0,577526.0,123756.0,123756.0,0.0,10.0,9.0,99660.0,62454.0,62454.0,21.0,32.0,0.2678387590288202,505.3,0.9774960405960116,0.2643346300025389,0.9880256896943492,,0.2678587482493788,0.3016322623138326,0.0222996910235048,123756.0,6.0,0.6608365750063472,6.0,identity_features_drop,,,False,False,results_v2_seeds/multiclass/results.csv
entity,NF-CSE-CIC-IDS2018-v2,autoencoder,disjoint_ip,drop,multiclass,1,ok,,39.0,15.0,577526.0,123756.0,123756.0,0.0,10.0,9.0,99660.0,62454.0,62454.0,9.0,20.0,0.2666773972865982,237.5,0.9632745079026472,0.2534833017518805,0.9806894658208032,,0.250754041343979,0.302436532075543,0.0365514340715337,123756.0,6.0,0.6337082543797014,6.0,identity_features_drop,,,False,False,results_v2_seeds/multiclass/results.csv
entity,NF-ToN-IoT-v2,xgboost,random,keep,multiclass,1,ok,,43.0,10.0,386470.0,82815.0,82816.0,0.0,0.0,0.0,16134.0,3710.0,3659.0,343.0,343.0,0.9478258817638489,40.6,0.9848217735703244,0.9488681706819616,0.9848736523468504,,0.9456356785916424,0.9522043698895756,0.0063417824372262,82816.0,10.0,0.9488681706819616,10.0,identity_features_keep,,,False,False,results_v2_seeds/multiclass/results.csv
entity,NF-ToN-IoT-v2,mlp,random,keep,multiclass,1,ok,,43.0,10.0,386470.0,82815.0,82816.0,0.0,0.0,0.0,16134.0,3710.0,3659.0,50.0,61.0,0.8974955392941902,322.8,0.9575082109737248,0.8936205784142993,0.957934011529922,,0.8776387383478081,0.916046406360896,0.0312332785033393,82816.0,10.0,0.8936205784142993,10.0,identity_features_keep,,,False,False,results_v2_seeds/multiclass/results.csv
entity,NF-ToN-IoT-v2,transformer,random,keep,multiclass,1,ok,,43.0,10.0,386470.0,82815.0,82816.0,0.0,0.0,0.0,16134.0,3710.0,3659.0,43.0,54.0,0.9088263763733428,554.7,0.9625555448222566,0.907236163948126,0.9628159430769654,,0.8927718010882307,0.9237396991439136,0.0282407499157732,82816.0,10.0,0.907236163948126,10.0,identity_features_keep,,,False,False,results_v2_seeds/multiclass/results.csv
entity,NF-ToN-IoT-v2,autoencoder,random,keep,multiclass,1,ok,,43.0,10.0,386470.0,82815.0,82816.0,0.0,0.0,0.0,16134.0,3710.0,3659.0,66.0,77.0,0.8999661611635013,426.7,0.9607684505409584,0.8973847734106473,0.9608768116270294,,0.8862928253127583,0.912532357413648,0.0250302225569274,82816.0,10.0,0.8973847734106473,10.0,identity_features_keep,,,False,False,results_v2_seeds/multiclass/results.csv
entity,NF-ToN-IoT-v2,xgboost,random,drop,multiclass,1,ok,,39.0,10.0,386470.0,82815.0,82816.0,0.0,0.0,0.0,16134.0,3710.0,3659.0,460.0,460.0,0.9035308052109656,49.3,0.9739301584234932,0.9067595920592768,0.9743000463968696,,0.898807729741167,0.9156127773430268,0.009968489268515,82816.0,10.0,0.9067595920592768,10.0,identity_features_drop,,,False,False,results_v2_seeds/multiclass/results.csv
entity,NF-ToN-IoT-v2,mlp,random,drop,multiclass,1,ok,,39.0,10.0,386470.0,82815.0,82816.0,0.0,0.0,0.0,16134.0,3710.0,3659.0,48.0,59.0,0.8527306643391761,332.4,0.9401081916537868,0.8519200961892504,0.9429221148641692,,0.8176593564217762,0.8995547182600114,0.0554707782556134,82816.0,10.0,0.8519200961892504,10.0,identity_features_drop,,,False,False,results_v2_seeds/multiclass/results.csv
entity,NF-ToN-IoT-v2,transformer,random,drop,multiclass,1,ok,,39.0,10.0,386470.0,82815.0,82816.0,0.0,0.0,0.0,16134.0,3710.0,3659.0,14.0,25.0,0.8513479698287932,272.7,0.9390938948995364,0.8490817094246326,0.941536211481532,,0.81636335350113,0.8949828176071207,0.0508729859886244,82816.0,10.0,0.8490817094246326,10.0,identity_features_drop,,,False,False,results_v2_seeds/multiclass/results.csv
entity,NF-ToN-IoT-v2,autoencoder,random,drop,multiclass,1,ok,,39.0,10.0,386470.0,82815.0,82816.0,0.0,0.0,0.0,16134.0,3710.0,3659.0,41.0,52.0,0.8531559756104526,331.0,0.9366668276661516,0.8490359136991088,0.9382782169398028,,0.815357910849278,0.8921904348551413,0.0587011236845756,82816.0,10.0,0.8490359136991088,10.0,identity_features_drop,,,False,False,results_v2_seeds/multiclass/results.csv
entity,NF-ToN-IoT-v2,xgboost,temporal,keep,multiclass,1,skipped,dataset has no timestamp column,,,,,,,,,,,,,,,,,,,,,,,,,,,,,,,,results_v2_seeds/multiclass/results.csv
entity,NF-ToN-IoT-v2,mlp,temporal,keep,multiclass,1,skipped,dataset has no timestamp column,,,,,,,,,,,,,,,,,,,,,,,,,,,,,,,,results_v2_seeds/multiclass/results.csv
entity,NF-ToN-IoT-v2,transformer,temporal,keep,multiclass,1,skipped,dataset has no timestamp column,,,,,,,,,,,,,,,,,,,,,,,,,,,,,,,,results_v2_seeds/multiclass/results.csv
entity,NF-ToN-IoT-v2,autoencoder,temporal,keep,multiclass,1,skipped,dataset has no timestamp column,,,,,,,,,,,,,,,,,,,,,,,,,,,,,,,,results_v2_seeds/multiclass/results.csv
entity,NF-ToN-IoT-v2,xgboost,temporal,drop,multiclass,1,skipped,dataset has no timestamp column,,,,,,,,,,,,,,,,,,,,,,,,,,,,,,,,results_v2_seeds/multiclass/results.csv
entity,NF-ToN-IoT-v2,mlp,temporal,drop,multiclass,1,skipped,dataset has no timestamp column,,,,,,,,,,,,,,,,,,,,,,,,,,,,,,,,results_v2_seeds/multiclass/results.csv
entity,NF-ToN-IoT-v2,transformer,temporal,drop,multiclass,1,skipped,dataset has no timestamp column,,,,,,,,,,,,,,,,,,,,,,,,,,,,,,,,results_v2_seeds/multiclass/results.csv
entity,NF-ToN-IoT-v2,autoencoder,temporal,drop,multiclass,1,skipped,dataset has no timestamp column,,,,,,,,,,,,,,,,,,,,,,,,,,,,,,,,results_v2_seeds/multiclass/results.csv
entity,NF-ToN-IoT-v2,xgboost,disjoint_ip,keep,multiclass,1,ok,,43.0,10.0,386471.0,82815.0,82815.0,0.0,2.0,2.0,7709.0,7682.0,7688.0,7.0,7.0,0.0369538531256357,7.8,0.4426855038338465,0.0987132869977742,0.2912941306958117,,0.2389487764278932,0.1223616191601592,0.0010910448189726,82815.0,8.0,0.1233916087472178,8.0,identity_features_keep,,,False,False,results_v2_seeds/multiclass/results.csv
entity,NF-ToN-IoT-v2,mlp,disjoint_ip,keep,multiclass,1,ok,,43.0,10.0,386471.0,82815.0,82815.0,0.0,2.0,2.0,7709.0,7682.0,7688.0,23.0,34.0,0.2832674896720842,203.0,0.579206665459156,0.2377047362054491,0.501334454629538,,0.5483294463182361,0.2729095500218617,0.0095035746073674,82815.0,8.0,0.2971309202568114,8.0,identity_features_keep,,,False,False,results_v2_seeds/multiclass/results.csv
entity,NF-ToN-IoT-v2,transformer,disjoint_ip,keep,multiclass,1,ok,,43.0,10.0,386471.0,82815.0,82815.0,0.0,2.0,2.0,7709.0,7682.0,7688.0,19.0,30.0,0.1108838044929774,336.7,0.3370766165549719,0.0952167198535283,0.2327667279687589,,0.0802785405023896,0.14690482227074,0.4238422004651296,82815.0,8.0,0.1190208998169105,8.0,identity_features_keep,,,False,False,results_v2_seeds/multiclass/results.csv
entity,NF-ToN-IoT-v2,autoencoder,disjoint_ip,keep,multiclass,1,ok,,43.0,10.0,386471.0,82815.0,82815.0,0.0,2.0,2.0,7709.0,7682.0,7688.0,6.0,17.0,0.3684653438721028,134.8,0.7390810843446236,0.4845686542108697,0.724604635998325,,0.5526592254112702,0.496457842074346,0.164948749605214,82815.0,8.0,0.6057108177635872,8.0,identity_features_keep,,,False,False,results_v2_seeds/multiclass/results.csv
entity,NF-ToN-IoT-v2,xgboost,disjoint_ip,drop,multiclass,1,ok,,39.0,10.0,386471.0,82815.0,82815.0,0.0,2.0,2.0,7709.0,7682.0,7688.0,33.0,33.0,0.4713984112569278,9.9,0.9108011833605024,0.6692408849903753,0.9073448185666432,,0.6845415245017075,0.6742918599666613,0.0353441097935628,82815.0,8.0,0.8365511062379689,8.0,identity_features_drop,,,False,False,results_v2_seeds/multiclass/results.csv
entity,NF-ToN-IoT-v2,mlp,disjoint_ip,drop,multiclass,1,ok,,39.0,10.0,386471.0,82815.0,82815.0,0.0,2.0,2.0,7709.0,7682.0,7688.0,28.0,39.0,0.4795871029957063,233.5,0.8830767373060436,0.6355408411620388,0.8809927582352853,,0.6550811103963261,0.6479701106897673,0.0677022021878319,82815.0,8.0,0.7944260514525485,8.0,identity_features_drop,,,False,False,results_v2_seeds/multiclass/results.csv
entity,NF-ToN-IoT-v2,transformer,disjoint_ip,drop,multiclass,1,ok,,39.0,10.0,386471.0,82815.0,82815.0,0.0,2.0,2.0,7709.0,7682.0,7688.0,21.0,32.0,0.4682796012119913,349.1,0.8970838616192719,0.6538182559791179,0.9077659477574932,,0.6781860635803088,0.6599391213514256,0.0620172844468689,82815.0,8.0,0.8172728199738974,8.0,identity_features_drop,,,False,False,results_v2_seeds/multiclass/results.csv
entity,NF-ToN-IoT-v2,autoencoder,disjoint_ip,drop,multiclass,1,ok,,39.0,10.0,386471.0,82815.0,82815.0,0.0,2.0,2.0,7709.0,7682.0,7688.0,37.0,48.0,0.4909861474261709,317.0,0.8853347823461933,0.6321502563568072,0.8826550548390648,,0.653502807158292,0.6432002387863898,0.0557294208848947,82815.0,8.0,0.7901878204460089,8.0,identity_features_drop,,,False,False,results_v2_seeds/multiclass/results.csv
entity,NF-ToN-IoT-v3,xgboost,random,keep,multiclass,1,ok,,52.0,10.0,409983.0,87854.0,87853.0,0.0,0.0,0.0,10873.0,2547.0,2661.0,599.0,599.0,0.9636501175479608,83.7,0.969050573116456,0.963690908978306,0.9707490433330934,,0.94523126436908,0.9885871309683943,0.0397876266632134,87853.0,10.0,0.963690908978306,10.0,identity_features_keep,,,False,False,results_v2_seeds/multiclass/results.csv
entity,NF-ToN-IoT-v3,mlp,random,keep,multiclass,1,ok,,52.0,10.0,409983.0,87854.0,87853.0,0.0,0.0,0.0,10873.0,2547.0,2661.0,48.0,59.0,0.9082871473012066,355.6,0.9159732735364756,0.9102513632382022,0.92809678972914,,0.8718140063288441,0.9849354084874103,0.1185697173751173,87853.0,10.0,0.9102513632382022,10.0,identity_features_keep,,,False,False,results_v2_seeds/multiclass/results.csv
entity,NF-ToN-IoT-v3,transformer,random,keep,multiclass,1,ok,,52.0,10.0,409983.0,87854.0,87853.0,0.0,0.0,0.0,10873.0,2547.0,2661.0,23.0,34.0,0.9095481601444396,401.5,0.9145845901676664,0.911355059396138,0.9276717496529328,,0.8750074003632375,0.9856285403235028,0.120528343423225,87853.0,10.0,0.911355059396138,10.0,identity_features_keep,,,False,False,results_v2_seeds/multiclass/results.csv
entity,NF-ToN-IoT-v3,autoencoder,random,keep,multiclass,1,ok,,52.0,10.0,409983.0,87854.0,87853.0,0.0,0.0,0.0,10873.0,2547.0,2661.0,33.0,44.0,0.9069726085653924,244.6,0.9160188041387316,0.9083444217776212,0.9277481564175744,,0.8678501364059485,0.9836162593944404,0.1178898637055262,87853.0,10.0,0.9083444217776212,10.0,identity_features_keep,,,False,False,results_v2_seeds/multiclass/results.csv
entity,NF-ToN-IoT-v3,xgboost,random,drop,multiclass,1,ok,,48.0,10.0,409983.0,87854.0,87853.0,0.0,0.0,0.0,10873.0,2547.0,2661.0,427.0,427.0,0.9415920524698448,55.2,0.9443046907902974,0.9416040728080114,0.9504153681116464,,0.9162245816274864,0.9871607053858952,0.0770500825536598,87853.0,10.0,0.9416040728080114,10.0,identity_features_drop,,,False,False,results_v2_seeds/multiclass/results.csv
entity,NF-ToN-IoT-v3,mlp,random,drop,multiclass,1,ok,,48.0,10.0,409983.0,87854.0,87853.0,0.0,0.0,0.0,10873.0,2547.0,2661.0,65.0,76.0,0.893392324772417,434.9,0.9067647092301914,0.8956349080825403,0.9198005334299688,,0.8481356991135078,0.9825116065657936,0.1309203923726893,87853.0,10.0,0.8956349080825403,10.0,identity_features_drop,,,False,False,results_v2_seeds/multiclass/results.csv
entity,NF-ToN-IoT-v3,transformer,random,drop,multiclass,1,ok,,48.0,10.0,409983.0,87854.0,87853.0,0.0,0.0,0.0,10873.0,2547.0,2661.0,13.0,24.0,0.8844026801868241,277.4,0.9023027102090992,0.8833695337754317,0.9153192370322794,,0.8270001761260317,0.9811309560410664,0.1363754087215513,87853.0,10.0,0.8833695337754317,10.0,identity_features_drop,,,False,False,results_v2_seeds/multiclass/results.csv
entity,NF-ToN-IoT-v3,autoencoder,random,drop,multiclass,1,ok,,48.0,10.0,409983.0,87854.0,87853.0,0.0,0.0,0.0,10873.0,2547.0,2661.0,66.0,77.0,0.9014231047368164,428.5,0.9112494735524114,0.9041976294019418,0.923996985847598,,0.8629324062277741,0.9820902558153068,0.1236038719285182,87853.0,10.0,0.9041976294019418,10.0,identity_features_drop,,,False,False,results_v2_seeds/multiclass/results.csv
entity,NF-ToN-IoT-v3,xgboost,temporal,keep,multiclass,1,ok,,52.0,10.0,409983.0,87854.0,87853.0,3.0,7.0,6.0,15157.0,129.0,221.0,116.0,116.0,0.1746580130434164,13.2,0.8324360010472038,0.0928878530194395,0.7755051455746336,,0.0869418422178895,0.0997068728100672,0.0029312718993278,87853.0,4.0,0.9288785301943948,1.0,identity_features_keep,,,False,False,results_v2_seeds/multiclass/results.csv
entity,NF-ToN-IoT-v3,mlp,temporal,keep,multiclass,1,ok,,52.0,10.0,409983.0,87854.0,87853.0,3.0,7.0,6.0,15157.0,129.0,221.0,26.0,37.0,0.1874073387825302,207.1,0.610235279387158,0.083922575393502,0.7006555424842855,,0.098520655689503,0.073092287346449,0.2690771265355093,87853.0,4.0,0.8392257539350203,1.0,identity_features_keep,,,False,False,results_v2_seeds/multiclass/results.csv
entity,NF-ToN-IoT-v3,transformer,temporal,keep,multiclass,1,ok,,52.0,10.0,409983.0,87854.0,87853.0,3.0,7.0,6.0,15157.0,129.0,221.0,4.0,15.0,0.187858893473164,171.1,0.6609905182520802,0.0831573143925019,0.6942665064080726,,0.087565595029857,0.0791716089274271,0.2082839107257283,87853.0,4.0,0.8315731439250195,1.0,identity_features_keep,,,False,True,results_v2_seeds/multiclass/results.csv
entity,NF-ToN-IoT-v3,autoencoder,temporal,keep,multiclass,1,ok,,52.0,10.0,409983.0,87854.0,87853.0,3.0,7.0,6.0,15157.0,129.0,221.0,17.0,28.0,0.1863888985203339,152.8,0.5823250202042047,0.0788183183761506,0.6580409545417372,,0.0905982149181837,0.0697492739989365,0.3025072600106344,87853.0,4.0,0.7881831837615068,1.0,identity_features_keep,,,False,False,results_v2_seeds/multiclass/results.csv
entity,NF-ToN-IoT-v3,xgboost,temporal,drop,multiclass,1,ok,,48.0,10.0,409983.0,87854.0,87853.0,3.0,7.0,6.0,15157.0,129.0,221.0,183.0,183.0,0.1878821974539295,19.7,0.7876680363789512,0.0895131037694357,0.7473299286509059,,0.0851522795791546,0.0943446903077153,0.0565530969228462,87853.0,4.0,0.8951310376943575,1.0,identity_features_drop,,,False,False,results_v2_seeds/multiclass/results.csv
entity,NF-ToN-IoT-v3,mlp,temporal,drop,multiclass,1,ok,,48.0,10.0,409983.0,87854.0,87853.0,3.0,7.0,6.0,15157.0,129.0,221.0,31.0,42.0,0.1809509495457781,240.9,0.1756456808532434,0.0341957429834572,0.2854945375351597,,0.0912860861334595,0.0210383519435014,0.7896164805649856,87853.0,4.0,0.3419574298345724,1.0,identity_features_drop,,,False,False,results_v2_seeds/multiclass/results.csv
entity,NF-ToN-IoT-v3,transformer,temporal,drop,multiclass,1,ok,,48.0,10.0,409983.0,87854.0,87853.0,3.0,7.0,6.0,15157.0,129.0,221.0,5.0,16.0,0.1852463310988948,183.3,0.4191205764174245,0.0612626552530218,0.5114716600279324,,0.0785766111822449,0.0502010988861166,0.4979890111388332,87853.0,4.0,0.6126265525302187,1.0,identity_features_drop,,,False,True,results_v2_seeds/multiclass/results.csv
entity,NF-ToN-IoT-v3,autoencoder,temporal,drop,multiclass,1,ok,,48.0,10.0,409983.0,87854.0,87853.0,3.0,7.0,6.0,15157.0,129.0,221.0,49.0,60.0,0.1813441800525087,330.6,0.1116524193823773,0.0230626351923257,0.1925460830536827,,0.0837159682512588,0.0133734167723287,0.8662658322767121,87853.0,4.0,0.2306263519232577,1.0,identity_features_drop,,,False,False,results_v2_seeds/multiclass/results.csv
entity,NF-ToN-IoT-v3,xgboost,disjoint_ip,keep,multiclass,1,ok,,52.0,10.0,409983.0,87853.0,87854.0,0.0,1.0,2.0,5098.0,5086.0,5086.0,23.0,23.0,0.1569836163955792,9.0,0.3773761012589068,0.0959352287515787,0.2207661341635007,,0.2934516751366406,0.1217036171011953,0.0321658327376697,87854.0,8.0,0.1199190359394734,8.0,identity_features_keep,,,False,False,results_v2_seeds/multiclass/results.csv
entity,NF-ToN-IoT-v3,mlp,disjoint_ip,keep,multiclass,1,ok,,52.0,10.0,409983.0,87853.0,87854.0,0.0,1.0,2.0,5098.0,5086.0,5086.0,7.0,18.0,0.5252775270306952,104.0,0.8752703348737678,0.6413042090864511,0.8799733594280573,,0.6261233559863223,0.7242779959662322,0.3000655229926138,87854.0,8.0,0.8016302613580639,8.0,identity_features_keep,,,False,False,results_v2_seeds/multiclass/results.csv
entity,NF-ToN-IoT-v3,transformer,disjoint_ip,keep,multiclass,1,ok,,52.0,10.0,409983.0,87853.0,87854.0,0.0,1.0,2.0,5098.0,5086.0,5086.0,4.0,15.0,0.5058265964130921,172.8,0.8390739180913789,0.606155609544795,0.8442649918299504,,0.6280668963919054,0.6545917914688075,0.2911901358112937,87854.0,8.0,0.7576945119309937,8.0,identity_features_keep,,,False,True,results_v2_seeds/multiclass/results.csv
entity,NF-ToN-IoT-v3,autoencoder,disjoint_ip,keep,multiclass,1,ok,,52.0,10.0,409983.0,87853.0,87854.0,0.0,1.0,2.0,5098.0,5086.0,5086.0,8.0,19.0,0.509803800395656,106.1,0.8774216313429098,0.6617267799709847,0.8825428516364112,,0.6529437570621817,0.740469534918811,0.3077197998570407,87854.0,8.0,0.8271584749637308,8.0,identity_features_keep,,,False,False,results_v2_seeds/multiclass/results.csv
entity,NF-ToN-IoT-v3,xgboost,disjoint_ip,drop,multiclass,1,ok,,48.0,10.0,409983.0,87853.0,87854.0,0.0,1.0,2.0,5098.0,5086.0,5086.0,35.0,35.0,0.561816076581161,9.4,0.8832950121792975,0.6681962274933894,0.8883731967765202,,0.6564278915426017,0.748309116485728,0.3018822968787229,87854.0,8.0,0.8352452843667368,8.0,identity_features_drop,,,False,False,results_v2_seeds/multiclass/results.csv
entity,NF-ToN-IoT-v3,mlp,disjoint_ip,drop,multiclass,1,ok,,48.0,10.0,409983.0,87853.0,87854.0,0.0,1.0,2.0,5098.0,5086.0,5086.0,10.0,21.0,0.5162782677513265,122.1,0.8669952421062217,0.6435180928212536,0.8736902669876111,,0.6387031718925603,0.723010859507353,0.3280021443888491,87854.0,8.0,0.804397616026567,8.0,identity_features_drop,,,False,False,results_v2_seeds/multiclass/results.csv
entity,NF-ToN-IoT-v3,transformer,disjoint_ip,drop,multiclass,1,ok,,48.0,10.0,409983.0,87853.0,87854.0,0.0,1.0,2.0,5098.0,5086.0,5086.0,7.0,18.0,0.5478389000810221,207.3,0.8560338743824982,0.6203523719512714,0.862024291613227,,0.5913147962089657,0.7305022066304236,0.351739337622111,87854.0,8.0,0.7754404649390891,8.0,identity_features_drop,,,False,False,results_v2_seeds/multiclass/results.csv
entity,NF-ToN-IoT-v3,autoencoder,disjoint_ip,drop,multiclass,1,ok,,48.0,10.0,409983.0,87853.0,87854.0,0.0,1.0,2.0,5098.0,5086.0,5086.0,13.0,24.0,0.5705084251824304,134.4,0.8709563594144831,0.6544901260604857,0.8769415084185291,,0.6434759613811265,0.7348545248927755,0.3142125327614963,87854.0,8.0,0.8181126575756071,8.0,identity_features_drop,,,False,False,results_v2_seeds/multiclass/results.csv
entity,NF-UNSW-NB15-v2,xgboost,random,keep,multiclass,1,ok,,43.0,10.0,608758.0,130448.0,130448.0,0.0,0.0,0.0,40.0,38.0,38.0,399.0,399.0,0.6825497383936192,88.7,0.9699803753219672,0.6941810501574294,0.9748603399244644,,0.6902134331165785,0.7243355764968025,0.0095188914708666,130448.0,10.0,0.6941810501574294,10.0,identity_features_keep,,,False,False,results_v2_seeds/multiclass/results.csv
entity,NF-UNSW-NB15-v2,mlp,random,keep,multiclass,1,ok,,43.0,10.0,608758.0,130448.0,130448.0,0.0,0.0,0.0,40.0,38.0,38.0,52.0,63.0,0.6102729493331499,526.6,0.9580292530356924,0.6219778141790209,0.9648403300788984,,0.595515892919994,0.7361003531344688,0.0153111283242964,130448.0,10.0,0.6219778141790209,10.0,identity_features_keep,,,False,False,results_v2_seeds/multiclass/results.csv
entity,NF-UNSW-NB15-v2,transformer,random,keep,multiclass,1,ok,,43.0,10.0,608758.0,130448.0,130448.0,0.0,0.0,0.0,40.0,38.0,38.0,31.0,42.0,0.6261483517319616,705.4,0.958504538206795,0.6473500268247865,0.965139225271721,,0.6194447023450232,0.7581377932319804,0.0156467854376452,130448.0,10.0,0.6473500268247865,10.0,identity_features_keep,,,False,False,results_v2_seeds/multiclass/results.csv
entity,NF-UNSW-NB15-v2,autoencoder,random,keep,multiclass,1,ok,,43.0,10.0,608758.0,130448.0,130448.0,0.0,0.0,0.0,40.0,38.0,38.0,27.0,38.0,0.6081269038661385,308.4,0.9573239911688948,0.6152817529303432,0.9642518926301464,,0.5873800703237195,0.7317921818906565,0.015973835958344,130448.0,10.0,0.6152817529303432,10.0,identity_features_keep,,,False,False,results_v2_seeds/multiclass/results.csv
entity,NF-UNSW-NB15-v2,xgboost,random,drop,multiclass,1,ok,,39.0,10.0,608758.0,130448.0,130448.0,0.0,0.0,0.0,40.0,38.0,38.0,587.0,587.0,0.6636984670071795,96.7,0.967557954127315,0.6619190008707954,0.9725864338165936,,0.6366339820575339,0.7404445268562575,0.0105172562182631,130448.0,10.0,0.6619190008707954,10.0,identity_features_drop,,,False,False,results_v2_seeds/multiclass/results.csv
entity,NF-UNSW-NB15-v2,mlp,random,drop,multiclass,1,ok,,39.0,10.0,608758.0,130448.0,130448.0,0.0,0.0,0.0,40.0,38.0,38.0,28.0,39.0,0.5502618397619454,333.0,0.9532840672145224,0.5519141191265746,0.9611792697876506,,0.5266529517062735,0.7042466566140345,0.0162234271451932,130448.0,10.0,0.5519141191265746,10.0,identity_features_drop,,,False,False,results_v2_seeds/multiclass/results.csv
entity,NF-UNSW-NB15-v2,transformer,random,drop,multiclass,1,ok,,39.0,10.0,608758.0,130448.0,130448.0,0.0,0.0,0.0,40.0,38.0,38.0,5.0,16.0,0.5450350867654749,275.7,0.9533453943333742,0.5543671756380816,0.9600864795670856,,0.5424781134016858,0.662081303922432,0.0169808072983905,130448.0,10.0,0.5543671756380816,10.0,identity_features_drop,,,False,True,results_v2_seeds/multiclass/results.csv
entity,NF-UNSW-NB15-v2,autoencoder,random,drop,multiclass,1,ok,,39.0,10.0,608758.0,130448.0,130448.0,0.0,0.0,0.0,40.0,38.0,38.0,31.0,42.0,0.55346523774926,349.5,0.9533913896725132,0.5661445447932263,0.9609478506363984,,0.535682976213532,0.688162411891698,0.0166107238144418,130448.0,10.0,0.5661445447932263,10.0,identity_features_drop,,,False,False,results_v2_seeds/multiclass/results.csv
entity,NF-UNSW-NB15-v2,xgboost,temporal,keep,multiclass,1,skipped,dataset has no timestamp column,,,,,,,,,,,,,,,,,,,,,,,,,,,,,,,,results_v2_seeds/multiclass/results.csv
entity,NF-UNSW-NB15-v2,mlp,temporal,keep,multiclass,1,skipped,dataset has no timestamp column,,,,,,,,,,,,,,,,,,,,,,,,,,,,,,,,results_v2_seeds/multiclass/results.csv
entity,NF-UNSW-NB15-v2,transformer,temporal,keep,multiclass,1,skipped,dataset has no timestamp column,,,,,,,,,,,,,,,,,,,,,,,,,,,,,,,,results_v2_seeds/multiclass/results.csv
entity,NF-UNSW-NB15-v2,autoencoder,temporal,keep,multiclass,1,skipped,dataset has no timestamp column,,,,,,,,,,,,,,,,,,,,,,,,,,,,,,,,results_v2_seeds/multiclass/results.csv
entity,NF-UNSW-NB15-v2,xgboost,temporal,drop,multiclass,1,skipped,dataset has no timestamp column,,,,,,,,,,,,,,,,,,,,,,,,,,,,,,,,results_v2_seeds/multiclass/results.csv
entity,NF-UNSW-NB15-v2,mlp,temporal,drop,multiclass,1,skipped,dataset has no timestamp column,,,,,,,,,,,,,,,,,,,,,,,,,,,,,,,,results_v2_seeds/multiclass/results.csv
entity,NF-UNSW-NB15-v2,transformer,temporal,drop,multiclass,1,skipped,dataset has no timestamp column,,,,,,,,,,,,,,,,,,,,,,,,,,,,,,,,results_v2_seeds/multiclass/results.csv
entity,NF-UNSW-NB15-v2,autoencoder,temporal,drop,multiclass,1,skipped,dataset has no timestamp column,,,,,,,,,,,,,,,,,,,,,,,,,,,,,,,,results_v2_seeds/multiclass/results.csv
entity,NF-UNSW-NB15-v2,xgboost,disjoint_ip,keep,multiclass,1,skipped,"no entity-disjoint partition over 40 entities gives every split >= 3 entities, >= 5% of rows and >= 2 classes",,,,,,,,,,,,,,,,,,,,,,,,,,,,,,,,results_v2_seeds/multiclass/results.csv
entity,NF-UNSW-NB15-v2,mlp,disjoint_ip,keep,multiclass,1,skipped,"no entity-disjoint partition over 40 entities gives every split >= 3 entities, >= 5% of rows and >= 2 classes",,,,,,,,,,,,,,,,,,,,,,,,,,,,,,,,results_v2_seeds/multiclass/results.csv
entity,NF-UNSW-NB15-v2,transformer,disjoint_ip,keep,multiclass,1,skipped,"no entity-disjoint partition over 40 entities gives every split >= 3 entities, >= 5% of rows and >= 2 classes",,,,,,,,,,,,,,,,,,,,,,,,,,,,,,,,results_v2_seeds/multiclass/results.csv
entity,NF-UNSW-NB15-v2,autoencoder,disjoint_ip,keep,multiclass,1,skipped,"no entity-disjoint partition over 40 entities gives every split >= 3 entities, >= 5% of rows and >= 2 classes",,,,,,,,,,,,,,,,,,,,,,,,,,,,,,,,results_v2_seeds/multiclass/results.csv
entity,NF-UNSW-NB15-v2,xgboost,disjoint_ip,drop,multiclass,1,skipped,"no entity-disjoint partition over 40 entities gives every split >= 3 entities, >= 5% of rows and >= 2 classes",,,,,,,,,,,,,,,,,,,,,,,,,,,,,,,,results_v2_seeds/multiclass/results.csv
entity,NF-UNSW-NB15-v2,mlp,disjoint_ip,drop,multiclass,1,skipped,"no entity-disjoint partition over 40 entities gives every split >= 3 entities, >= 5% of rows and >= 2 classes",,,,,,,,,,,,,,,,,,,,,,,,,,,,,,,,results_v2_seeds/multiclass/results.csv
entity,NF-UNSW-NB15-v2,transformer,disjoint_ip,drop,multiclass,1,skipped,"no entity-disjoint partition over 40 entities gives every split >= 3 entities, >= 5% of rows and >= 2 classes",,,,,,,,,,,,,,,,,,,,,,,,,,,,,,,,results_v2_seeds/multiclass/results.csv
entity,NF-UNSW-NB15-v2,autoencoder,disjoint_ip,drop,multiclass,1,skipped,"no entity-disjoint partition over 40 entities gives every split >= 3 entities, >= 5% of rows and >= 2 classes",,,,,,,,,,,,,,,,,,,,,,,,,,,,,,,,results_v2_seeds/multiclass/results.csv
entity,NF-UNSW-NB15-v3,xgboost,random,keep,multiclass,1,ok,,52.0,10.0,595897.0,127692.0,127691.0,0.0,0.0,0.0,40.0,39.0,39.0,572.0,572.0,0.8177793848799944,116.7,0.9772106099881746,0.8075976309177951,0.9771837303822803,,0.800295505754753,0.8186976052644015,0.0,127691.0,10.0,0.8075976309177951,10.0,identity_features_keep,,,False,False,results_v2_seeds/multiclass/results.csv
entity,NF-UNSW-NB15-v3,mlp,random,keep,multiclass,1,ok,,52.0,10.0,595897.0,127692.0,127691.0,0.0,0.0,0.0,40.0,39.0,39.0,26.0,37.0,0.5717027223289096,307.3,0.9482579038460032,0.5719199481494105,0.9507321721143044,,0.5496019016519426,0.6961152343581224,0.0006449354143249,127691.0,10.0,0.5719199481494105,10.0,identity_features_keep,,,False,False,results_v2_seeds/multiclass/results.csv
entity,NF-UNSW-NB15-v3,transformer,random,keep,multiclass,1,ok,,52.0,10.0,595897.0,127692.0,127691.0,0.0,0.0,0.0,40.0,39.0,39.0,9.0,20.0,0.5635002895596847,344.5,0.9451723300780792,0.5658112255621301,0.9490436663855232,,0.5458121734236012,0.6892642231806425,0.0011240302935377,127691.0,10.0,0.5658112255621301,10.0,identity_features_keep,,,False,False,results_v2_seeds/multiclass/results.csv
entity,NF-UNSW-NB15-v3,autoencoder,random,keep,multiclass,1,ok,,52.0,10.0,595897.0,127692.0,127691.0,0.0,0.0,0.0,40.0,39.0,39.0,11.0,22.0,0.5581340987290927,204.1,0.9442325614177975,0.5549824231839526,0.9471124067614074,,0.5322892999533357,0.659022614088747,0.0012253772872173,127691.0,10.0,0.5549824231839526,10.0,identity_features_keep,,,False,False,results_v2_seeds/multiclass/results.csv
entity,NF-UNSW-NB15-v3,xgboost,random,drop,multiclass,1,ok,,48.0,10.0,595897.0,127692.0,127691.0,0.0,0.0,0.0,40.0,39.0,39.0,598.0,598.0,0.8022396537722823,122.8,0.9764509636544472,0.8002911498323808,0.9765068077622628,,0.7863473627604719,0.8199251911837948,2.764008918535444e-05,127691.0,10.0,0.8002911498323808,10.0,identity_features_drop,,,False,False,results_v2_seeds/multiclass/results.csv
entity,NF-UNSW-NB15-v3,mlp,random,drop,multiclass,1,ok,,48.0,10.0,595897.0,127692.0,127691.0,0.0,0.0,0.0,40.0,39.0,39.0,18.0,29.0,0.5632706245039267,259.4,0.9471771698866795,0.5615255652744817,0.949138600111786,,0.5390773095201936,0.671891151496605,0.0012253772872173,127691.0,10.0,0.5615255652744817,10.0,identity_features_drop,,,False,False,results_v2_seeds/multiclass/results.csv
entity,NF-UNSW-NB15-v3,transformer,random,drop,multiclass,1,ok,,48.0,10.0,595897.0,127692.0,127691.0,0.0,0.0,0.0,40.0,39.0,39.0,12.0,23.0,0.5665663732114682,399.3,0.9461590871713746,0.5719458507379943,0.9489591531495044,,0.5532655108855574,0.6772787535404182,0.0015754850835652,127691.0,10.0,0.5719458507379943,10.0,identity_features_drop,,,False,False,results_v2_seeds/multiclass/results.csv
entity,NF-UNSW-NB15-v3,autoencoder,random,drop,multiclass,1,ok,,48.0,10.0,595897.0,127692.0,127691.0,0.0,0.0,0.0,40.0,39.0,39.0,20.0,31.0,0.5747971082783622,281.7,0.9455404061366892,0.5724176787534393,0.9483396647963328,,0.5541054795284067,0.6714125584738654,0.0012161639241555,127691.0,10.0,0.5724176787534393,10.0,identity_features_drop,,,False,False,results_v2_seeds/multiclass/results.csv
entity,NF-UNSW-NB15-v3,xgboost,temporal,keep,multiclass,1,ok,,52.0,10.0,595896.0,127692.0,127692.0,0.0,0.0,0.0,40.0,38.0,38.0,107.0,107.0,0.6201903450706042,38.0,0.9098847226137894,0.5604719158986022,0.9120027500370024,,0.6472987452889538,0.6272286409192033,0.0,127692.0,10.0,0.5604719158986022,10.0,identity_features_keep,,,False,False,results_v2_seeds/multiclass/results.csv
entity,NF-UNSW-NB15-v3,mlp,temporal,keep,multiclass,1,ok,,52.0,10.0,595896.0,127692.0,127692.0,0.0,0.0,0.0,40.0,38.0,38.0,14.0,25.0,0.5032966651747611,233.1,0.8928907057607368,0.4929682803242038,0.9026086797425404,,0.4914564030098886,0.6284631986303771,0.0012800325087621,127692.0,10.0,0.4929682803242038,10.0,identity_features_keep,,,False,False,results_v2_seeds/multiclass/results.csv
entity,NF-UNSW-NB15-v3,transformer,temporal,keep,multiclass,1,ok,,52.0,10.0,595896.0,127692.0,127692.0,0.0,0.0,0.0,40.0,38.0,38.0,7.0,18.0,0.4950833136344655,313.9,0.8893900949158914,0.4813717330160454,0.9004102517666892,,0.495136794980971,0.6069497738614272,0.00206227459745,127692.0,10.0,0.4813717330160454,10.0,identity_features_keep,,,False,False,results_v2_seeds/multiclass/results.csv
entity,NF-UNSW-NB15-v3,autoencoder,temporal,keep,multiclass,1,ok,,52.0,10.0,595896.0,127692.0,127692.0,0.0,0.0,0.0,40.0,38.0,38.0,28.0,39.0,0.5184514784627796,370.2,0.8958039657926886,0.5122465077045976,0.9054658727086468,,0.5054968205652854,0.64560585781242,0.0012597145324325,127692.0,10.0,0.5122465077045976,10.0,identity_features_keep,,,False,False,results_v2_seeds/multiclass/results.csv
entity,NF-UNSW-NB15-v3,xgboost,temporal,drop,multiclass,1,ok,,48.0,10.0,595896.0,127692.0,127692.0,0.0,0.0,0.0,40.0,38.0,38.0,89.0,89.0,0.6364124622828748,31.1,0.923346803245309,0.586788734957513,0.9243203990738138,,0.6136811843580355,0.6922735134745194,0.0001117488698125,127692.0,10.0,0.586788734957513,10.0,identity_features_drop,,,False,False,results_v2_seeds/multiclass/results.csv
entity,NF-UNSW-NB15-v3,mlp,temporal,drop,multiclass,1,ok,,48.0,10.0,595896.0,127692.0,127692.0,0.0,0.0,0.0,40.0,38.0,38.0,20.0,31.0,0.5033202296656394,304.0,0.8903690129373806,0.4896508097005914,0.9017057551158184,,0.4902440307972115,0.6267141626889852,0.0013105094732564,127692.0,10.0,0.4896508097005914,10.0,identity_features_drop,,,False,False,results_v2_seeds/multiclass/results.csv
entity,NF-UNSW-NB15-v3,transformer,temporal,drop,multiclass,1,ok,,48.0,10.0,595896.0,127692.0,127692.0,0.0,0.0,0.0,40.0,38.0,38.0,23.0,34.0,0.5177996248243355,577.0,0.8952009522914514,0.509847303094913,0.9062294222402328,,0.5067751288390754,0.6411408292113115,0.0011886016152791,127692.0,10.0,0.509847303094913,10.0,identity_features_drop,,,False,False,results_v2_seeds/multiclass/results.csv
entity,NF-UNSW-NB15-v3,autoencoder,temporal,drop,multiclass,1,ok,,48.0,10.0,595896.0,127692.0,127692.0,0.0,0.0,0.0,40.0,38.0,38.0,13.0,24.0,0.5066663379425506,202.4,0.8864768348839395,0.4888909555548807,0.8976072675073886,,0.4923121057052326,0.6135337487319166,0.0015340072128815,127692.0,10.0,0.4888909555548807,10.0,identity_features_drop,,,False,False,results_v2_seeds/multiclass/results.csv
entity,NF-UNSW-NB15-v3,xgboost,disjoint_ip,keep,multiclass,1,skipped,"no entity-disjoint partition over 40 entities gives every split >= 3 entities, >= 5% of rows and >= 2 classes",,,,,,,,,,,,,,,,,,,,,,,,,,,,,,,,results_v2_seeds/multiclass/results.csv
entity,NF-UNSW-NB15-v3,mlp,disjoint_ip,keep,multiclass,1,skipped,"no entity-disjoint partition over 40 entities gives every split >= 3 entities, >= 5% of rows and >= 2 classes",,,,,,,,,,,,,,,,,,,,,,,,,,,,,,,,results_v2_seeds/multiclass/results.csv
entity,NF-UNSW-NB15-v3,transformer,disjoint_ip,keep,multiclass,1,skipped,"no entity-disjoint partition over 40 entities gives every split >= 3 entities, >= 5% of rows and >= 2 classes",,,,,,,,,,,,,,,,,,,,,,,,,,,,,,,,results_v2_seeds/multiclass/results.csv
entity,NF-UNSW-NB15-v3,autoencoder,disjoint_ip,keep,multiclass,1,skipped,"no entity-disjoint partition over 40 entities gives every split >= 3 entities, >= 5% of rows and >= 2 classes",,,,,,,,,,,,,,,,,,,,,,,,,,,,,,,,results_v2_seeds/multiclass/results.csv
entity,NF-UNSW-NB15-v3,xgboost,disjoint_ip,drop,multiclass,1,skipped,"no entity-disjoint partition over 40 entities gives every split >= 3 entities, >= 5% of rows and >= 2 classes",,,,,,,,,,,,,,,,,,,,,,,,,,,,,,,,results_v2_seeds/multiclass/results.csv
entity,NF-UNSW-NB15-v3,mlp,disjoint_ip,drop,multiclass,1,skipped,"no entity-disjoint partition over 40 entities gives every split >= 3 entities, >= 5% of rows and >= 2 classes",,,,,,,,,,,,,,,,,,,,,,,,,,,,,,,,results_v2_seeds/multiclass/results.csv
entity,NF-UNSW-NB15-v3,transformer,disjoint_ip,drop,multiclass,1,skipped,"no entity-disjoint partition over 40 entities gives every split >= 3 entities, >= 5% of rows and >= 2 classes",,,,,,,,,,,,,,,,,,,,,,,,,,,,,,,,results_v2_seeds/multiclass/results.csv
entity,NF-UNSW-NB15-v3,autoencoder,disjoint_ip,drop,multiclass,1,skipped,"no entity-disjoint partition over 40 entities gives every split >= 3 entities, >= 5% of rows and >= 2 classes",,,,,,,,,,,,,,,,,,,,,,,,,,,,,,,,results_v2_seeds/multiclass/results.csv
entity,NF-BoT-IoT-v2,xgboost,random,keep,multiclass,2,ok,,43.0,5.0,674497.0,144536.0,144534.0,0.0,0.0,0.0,19.0,13.0,14.0,599.0,599.0,0.9972389027333938,61.6,0.997135622068164,0.9961513695270212,0.9971363649142976,,0.99594960429303,0.9963570079081888,0.0003949642063687,144534.0,5.0,0.9961513695270212,5.0,identity_features_keep,,,False,False,results_v2_seeds/multiclass/results.csv
entity,NF-BoT-IoT-v2,mlp,random,keep,multiclass,2,ok,,43.0,5.0,674497.0,144536.0,144534.0,0.0,0.0,0.0,19.0,13.0,14.0,33.0,44.0,0.9531635173246104,410.0,0.9827583821107836,0.9505813072287392,0.9828216489954926,,0.9276606142119336,0.9825662753997972,0.0007899284127375,144534.0,5.0,0.9505813072287392,5.0,identity_features_keep,,,False,False,results_v2_seeds/multiclass/results.csv
entity,NF-BoT-IoT-v2,transformer,random,keep,multiclass,2,ok,,43.0,5.0,674497.0,144536.0,144534.0,0.0,0.0,0.0,19.0,13.0,14.0,32.0,43.0,0.9547752584147228,837.0,0.983083565112707,0.9514890048728258,0.9831290346152112,,0.9303209059504208,0.9813287380906814,0.0007405578869414,144534.0,5.0,0.9514890048728258,5.0,identity_features_keep,,,False,False,results_v2_seeds/multiclass/results.csv
entity,NF-BoT-IoT-v2,autoencoder,random,keep,multiclass,2,ok,,43.0,5.0,674497.0,144536.0,144534.0,0.0,0.0,0.0,19.0,13.0,14.0,20.0,31.0,0.9529793429843167,320.5,0.9826269251525592,0.951896875389006,0.982678303561061,,0.9300900909801584,0.9820067165043742,0.0016785978770673,144534.0,5.0,0.951896875389006,5.0,identity_features_keep,,,False,False,results_v2_seeds/multiclass/results.csv
entity,NF-BoT-IoT-v2,xgboost,random,drop,multiclass,2,ok,,39.0,5.0,674497.0,144536.0,144534.0,0.0,0.0,0.0,19.0,13.0,14.0,599.0,599.0,0.964438078484475,63.4,0.9845780231640998,0.9571505924175326,0.9846199574374116,,0.9486833822487334,0.9661868406745994,0.0009874105159219,144534.0,5.0,0.9571505924175326,5.0,identity_features_drop,,,False,False,results_v2_seeds/multiclass/results.csv
entity,NF-BoT-IoT-v2,mlp,random,drop,multiclass,2,ok,,39.0,5.0,674497.0,144536.0,144534.0,0.0,0.0,0.0,19.0,13.0,14.0,18.0,29.0,0.926873661780912,310.4,0.9775831292291088,0.9254783352150084,0.9777817092965434,,0.894971546736738,0.9759631394493572,0.0040977536410762,144534.0,5.0,0.9254783352150084,5.0,identity_features_drop,,,False,False,results_v2_seeds/multiclass/results.csv
entity,NF-BoT-IoT-v2,transformer,random,drop,multiclass,2,ok,,39.0,5.0,674497.0,144536.0,144534.0,0.0,0.0,0.0,19.0,13.0,14.0,21.0,32.0,0.9309069949727876,593.0,0.9771818395671606,0.927755830440712,0.9773579216366374,,0.8981421312392965,0.9747198071076296,0.0043939767958528,144534.0,5.0,0.927755830440712,5.0,identity_features_drop,,,False,False,results_v2_seeds/multiclass/results.csv
entity,NF-BoT-IoT-v2,autoencoder,random,drop,multiclass,2,ok,,39.0,5.0,674497.0,144536.0,144534.0,0.0,0.0,0.0,19.0,13.0,14.0,46.0,57.0,0.9356842958275212,586.8,0.97832343946753,0.9329407241667704,0.9784625455036998,,0.9044577025781638,0.9766695439469631,0.0014317452480868,144534.0,5.0,0.9329407241667704,5.0,identity_features_drop,,,False,False,results_v2_seeds/multiclass/results.csv
entity,NF-BoT-IoT-v2,xgboost,temporal,keep,multiclass,2,skipped,dataset has no timestamp column,,,,,,,,,,,,,,,,,,,,,,,,,,,,,,,,results_v2_seeds/multiclass/results.csv
entity,NF-BoT-IoT-v2,mlp,temporal,keep,multiclass,2,skipped,dataset has no timestamp column,,,,,,,,,,,,,,,,,,,,,,,,,,,,,,,,results_v2_seeds/multiclass/results.csv
entity,NF-BoT-IoT-v2,transformer,temporal,keep,multiclass,2,skipped,dataset has no timestamp column,,,,,,,,,,,,,,,,,,,,,,,,,,,,,,,,results_v2_seeds/multiclass/results.csv
entity,NF-BoT-IoT-v2,autoencoder,temporal,keep,multiclass,2,skipped,dataset has no timestamp column,,,,,,,,,,,,,,,,,,,,,,,,,,,,,,,,results_v2_seeds/multiclass/results.csv
entity,NF-BoT-IoT-v2,xgboost,temporal,drop,multiclass,2,skipped,dataset has no timestamp column,,,,,,,,,,,,,,,,,,,,,,,,,,,,,,,,results_v2_seeds/multiclass/results.csv
entity,NF-BoT-IoT-v2,mlp,temporal,drop,multiclass,2,skipped,dataset has no timestamp column,,,,,,,,,,,,,,,,,,,,,,,,,,,,,,,,results_v2_seeds/multiclass/results.csv
entity,NF-BoT-IoT-v2,transformer,temporal,drop,multiclass,2,skipped,dataset has no timestamp column,,,,,,,,,,,,,,,,,,,,,,,,,,,,,,,,results_v2_seeds/multiclass/results.csv
entity,NF-BoT-IoT-v2,autoencoder,temporal,drop,multiclass,2,skipped,dataset has no timestamp column,,,,,,,,,,,,,,,,,,,,,,,,,,,,,,,,results_v2_seeds/multiclass/results.csv
entity,NF-BoT-IoT-v2,xgboost,disjoint_ip,keep,multiclass,2,ok,,43.0,5.0,512013.0,224753.0,226801.0,0.0,0.0,0.0,14.0,3.0,3.0,52.0,52.0,0.7566544448178582,13.2,0.9849207014078422,0.8556298467706032,0.9847340022192812,,0.8800285281850092,0.8411995712068505,0.0575213371266002,226801.0,5.0,0.8556298467706032,5.0,identity_features_keep,,,False,False,results_v2_seeds/multiclass/results.csv
entity,NF-BoT-IoT-v2,mlp,disjoint_ip,keep,multiclass,2,ok,,43.0,5.0,512013.0,224753.0,226801.0,0.0,0.0,0.0,14.0,3.0,3.0,4.0,15.0,0.7356956359610555,122.5,0.9391845714965984,0.7657529548338523,0.9523191866605364,,0.7867549730622894,0.8528389391373932,0.1905672119487909,226801.0,5.0,0.7657529548338523,5.0,identity_features_keep,,,False,True,results_v2_seeds/multiclass/results.csv
entity,NF-BoT-IoT-v2,transformer,disjoint_ip,keep,multiclass,2,ok,,43.0,5.0,512013.0,224753.0,226801.0,0.0,0.0,0.0,14.0,3.0,3.0,5.0,16.0,0.6811156289511395,244.8,0.8920639679719226,0.6974724743074228,0.920032902839454,,0.7467960565388869,0.7541929800945804,0.1067745376955903,226801.0,5.0,0.6974724743074228,5.0,identity_features_keep,,,False,True,results_v2_seeds/multiclass/results.csv
entity,NF-BoT-IoT-v2,autoencoder,disjoint_ip,keep,multiclass,2,ok,,43.0,5.0,512013.0,224753.0,226801.0,0.0,0.0,0.0,14.0,3.0,3.0,5.0,16.0,0.7441153512892061,135.8,0.960904052451268,0.7775765403578039,0.961083326788426,,0.7937529831349444,0.7862812773590491,0.2716927453769559,226801.0,5.0,0.7775765403578039,5.0,identity_features_keep,,,False,True,results_v2_seeds/multiclass/results.csv
entity,NF-BoT-IoT-v2,xgboost,disjoint_ip,drop,multiclass,2,ok,,39.0,5.0,512013.0,224753.0,226801.0,0.0,0.0,0.0,14.0,3.0,3.0,50.0,50.0,0.7504989819177504,10.6,0.9731350390871292,0.8269757292152216,0.973630892874676,,0.8223930331744123,0.8360707817180515,0.1240665007112375,226801.0,5.0,0.8269757292152216,5.0,identity_features_drop,,,False,False,results_v2_seeds/multiclass/results.csv
entity,NF-BoT-IoT-v2,mlp,disjoint_ip,drop,multiclass,2,ok,,39.0,5.0,512013.0,224753.0,226801.0,0.0,0.0,0.0,14.0,3.0,3.0,7.0,18.0,0.7401407379014969,143.4,0.9498944008183384,0.7632055870805761,0.9498346799233024,,0.7793571323382397,0.8045825278784694,0.3528627311522048,226801.0,5.0,0.7632055870805761,5.0,identity_features_drop,,,False,False,results_v2_seeds/multiclass/results.csv
entity,NF-BoT-IoT-v2,transformer,disjoint_ip,drop,multiclass,2,ok,,39.0,5.0,512013.0,224753.0,226801.0,0.0,0.0,0.0,14.0,3.0,3.0,21.0,32.0,0.7756339765428231,440.3,0.9772046860463578,0.8377464318386408,0.9777070327765236,,0.8270135653415803,0.8586678087511185,0.0646781650071123,226801.0,5.0,0.8377464318386408,5.0,identity_features_drop,,,False,False,results_v2_seeds/multiclass/results.csv
entity,NF-BoT-IoT-v2,autoencoder,disjoint_ip,drop,multiclass,2,ok,,39.0,5.0,512013.0,224753.0,226801.0,0.0,0.0,0.0,14.0,3.0,3.0,11.0,22.0,0.7639840437900862,166.8,0.9614507872540244,0.862874691037322,0.9607967662232724,,0.854992515203144,0.9101620408345624,0.2444879089615931,226801.0,5.0,0.862874691037322,5.0,identity_features_drop,,,False,False,results_v2_seeds/multiclass/results.csv
entity,NF-BoT-IoT-v3,xgboost,random,keep,multiclass,2,ok,,52.0,5.0,700001.0,150000.0,149999.0,0.0,0.0,0.0,19.0,15.0,15.0,279.0,279.0,0.9919735117143944,33.7,0.9974733164887766,0.9927887780972574,0.9974858025836416,,0.9909504202971808,0.994763052307618,0.0082914231344297,149999.0,5.0,0.9927887780972574,5.0,identity_features_keep,,,False,False,results_v2_seeds/multiclass/results.csv
entity,NF-BoT-IoT-v3,mlp,random,keep,multiclass,2,ok,,52.0,5.0,700001.0,150000.0,149999.0,0.0,0.0,0.0,19.0,15.0,15.0,32.0,43.0,0.9691720829754644,438.6,0.9875932506216708,0.9682303506964234,0.9878820385124352,,0.9612170845324002,0.979595931850466,0.0063884735625934,149999.0,5.0,0.9682303506964234,5.0,identity_features_keep,,,False,False,results_v2_seeds/multiclass/results.csv
entity,NF-BoT-IoT-v3,transformer,random,keep,multiclass,2,ok,,52.0,5.0,700001.0,150000.0,149999.0,0.0,0.0,0.0,19.0,15.0,15.0,57.0,68.0,0.9742148628060048,1386.0,0.990606604044027,0.9724664784406288,0.9908122223212222,,0.9662834436430054,0.9817107392153152,0.0059806986543428,149999.0,5.0,0.9724664784406288,5.0,identity_features_keep,,,False,False,results_v2_seeds/multiclass/results.csv
entity,NF-BoT-IoT-v3,autoencoder,random,keep,multiclass,2,ok,,52.0,5.0,700001.0,150000.0,149999.0,0.0,0.0,0.0,19.0,15.0,15.0,39.0,50.0,0.9697591824870868,532.3,0.9880732538216922,0.9692415724083168,0.988344350251554,,0.9623049697100736,0.979948884721636,0.0106021476145167,149999.0,5.0,0.9692415724083168,5.0,identity_features_keep,,,False,False,results_v2_seeds/multiclass/results.csv
entity,NF-BoT-IoT-v3,xgboost,random,drop,multiclass,2,ok,,48.0,5.0,700001.0,150000.0,149999.0,0.0,0.0,0.0,19.0,15.0,15.0,234.0,234.0,0.9790013142827496,38.4,0.99279995199968,0.9794951323713368,0.99291325840162,,0.974112023594685,0.986364435676881,0.01264102215577,149999.0,5.0,0.9794951323713368,5.0,identity_features_drop,,,False,False,results_v2_seeds/multiclass/results.csv
entity,NF-BoT-IoT-v3,mlp,random,drop,multiclass,2,ok,,48.0,5.0,700001.0,150000.0,149999.0,0.0,0.0,0.0,19.0,15.0,15.0,16.0,27.0,0.957846480251394,310.7,0.983259888399256,0.9560445998351318,0.9837480769648876,,0.9472694975266144,0.972247453710158,0.0095147478591817,149999.0,5.0,0.9560445998351318,5.0,identity_features_drop,,,False,False,results_v2_seeds/multiclass/results.csv
entity,NF-BoT-IoT-v3,transformer,random,drop,multiclass,2,ok,,48.0,5.0,700001.0,150000.0,149999.0,0.0,0.0,0.0,19.0,15.0,15.0,9.0,20.0,0.9587100090536196,429.1,0.9851332342215616,0.9583106666288324,0.9855184865018616,,0.9508309893354976,0.970204599660582,0.0400978659779801,149999.0,5.0,0.9583106666288324,5.0,identity_features_drop,,,False,False,results_v2_seeds/multiclass/results.csv
entity,NF-BoT-IoT-v3,autoencoder,random,drop,multiclass,2,ok,,48.0,5.0,700001.0,150000.0,149999.0,0.0,0.0,0.0,19.0,15.0,15.0,22.0,33.0,0.9595760214927648,343.8,0.9840065600437335,0.9594404143792822,0.9843052278703174,,0.9525763508316404,0.96911579188607,0.0545059127361696,149999.0,5.0,0.9594404143792822,5.0,identity_features_drop,,,False,False,results_v2_seeds/multiclass/results.csv
entity,NF-BoT-IoT-v3,xgboost,temporal,keep,multiclass,2,ok,,52.0,5.0,700000.0,150000.0,150000.0,1.0,3.0,2.0,17.0,13.0,14.0,159.0,159.0,0.4,18.8,0.9887,0.3804658191500112,0.9837324473943206,,0.3663153479131086,0.3968961803310485,0.014480408858603,150000.0,3.0,0.951164547875028,2.0,identity_features_keep,,,False,False,results_v2_seeds/multiclass/results.csv
entity,NF-BoT-IoT-v3,mlp,temporal,keep,multiclass,2,ok,,52.0,5.0,700000.0,150000.0,150000.0,1.0,3.0,2.0,17.0,13.0,14.0,33.0,44.0,0.3612328027206316,442.7,0.0062466666666666,0.1565580618212197,0.0061266388192703,,0.1536065573770491,0.1596252129471891,0.2018739352640545,150000.0,3.0,0.3913951545530493,2.0,identity_features_keep,,,False,False,results_v2_seeds/multiclass/results.csv
entity,NF-BoT-IoT-v3,transformer,temporal,keep,multiclass,2,ok,,52.0,5.0,700000.0,150000.0,150000.0,1.0,3.0,2.0,17.0,13.0,14.0,17.0,28.0,0.3284632193661189,563.0,0.0078666666666666,0.1738464670998306,0.0068987946490252,,0.3699741900689549,0.1997999363866675,0.0017035775127768,150000.0,3.0,0.4339608597548191,2.0,identity_features_keep,,,False,False,results_v2_seeds/multiclass/results.csv
entity,NF-BoT-IoT-v3,autoencoder,temporal,keep,multiclass,2,ok,,52.0,5.0,700000.0,150000.0,150000.0,1.0,3.0,2.0,17.0,13.0,14.0,4.0,15.0,0.3505654496037448,148.2,0.0073,0.1788339161239246,0.0070114905249985,,0.1720491286508501,0.1863727376618195,0.0681431005110732,150000.0,3.0,0.4470847903098116,2.0,identity_features_keep,,,False,True,results_v2_seeds/multiclass/results.csv
entity,NF-BoT-IoT-v3,xgboost,temporal,drop,multiclass,2,ok,,48.0,5.0,700000.0,150000.0,150000.0,1.0,3.0,2.0,17.0,13.0,14.0,147.0,147.0,0.3993335421345826,21.6,0.9886933333333332,0.3614642821386379,0.9840047531863938,,0.3362108951261357,0.3974018225287448,0.0119250425894378,150000.0,3.0,0.9036607053465948,2.0,identity_features_drop,,,False,False,results_v2_seeds/multiclass/results.csv
entity,NF-BoT-IoT-v3,mlp,temporal,drop,multiclass,2,ok,,48.0,5.0,700000.0,150000.0,150000.0,1.0,3.0,2.0,17.0,13.0,14.0,13.0,24.0,0.3808369543712583,248.3,0.0054733333333333,0.1447689553036686,0.0056914346173992,,0.1506412733115334,0.1395257138244909,0.3023850085178876,150000.0,3.0,0.3619223882591716,2.0,identity_features_drop,,,False,False,results_v2_seeds/multiclass/results.csv
entity,NF-BoT-IoT-v3,transformer,temporal,drop,multiclass,2,ok,,48.0,5.0,700000.0,150000.0,150000.0,1.0,3.0,2.0,17.0,13.0,14.0,14.0,25.0,0.3835491131197487,529.9,0.00776,0.1685341146126667,0.0066614320750964,,0.2378970427163198,0.1974514225510057,0.0127768313458262,150000.0,3.0,0.4213352865316667,2.0,identity_features_drop,,,False,False,results_v2_seeds/multiclass/results.csv
entity,NF-BoT-IoT-v3,autoencoder,temporal,drop,multiclass,2,ok,,48.0,5.0,700000.0,150000.0,150000.0,1.0,3.0,2.0,17.0,13.0,14.0,15.0,26.0,0.3736654248299512,287.2,0.0066933333333333,0.158204581476675,0.0062041691674385,,0.1474196465367887,0.1708701822955503,0.145655877342419,150000.0,3.0,0.3955114536916876,2.0,identity_features_drop,,,False,False,results_v2_seeds/multiclass/results.csv
entity,NF-BoT-IoT-v3,xgboost,disjoint_ip,keep,multiclass,2,ok,,52.0,5.0,505731.0,246552.0,247717.0,0.0,0.0,1.0,14.0,3.0,3.0,100.0,100.0,0.9631102327451372,16.7,0.9909816443764456,0.7755872453952171,0.9910491871508744,,0.7732882008723234,0.7780155273016368,0.0709812108559499,247717.0,4.0,0.9694840567440214,4.0,identity_features_keep,,,False,False,results_v2_seeds/multiclass/results.csv
entity,NF-BoT-IoT-v3,mlp,disjoint_ip,keep,multiclass,2,ok,,52.0,5.0,505731.0,246552.0,247717.0,0.0,0.0,1.0,14.0,3.0,3.0,5.0,16.0,0.877776475479255,121.8,0.9353899813093168,0.7207960598006952,0.936037258130674,,0.718612752771526,0.7238844587499295,0.1661313634173759,247717.0,4.0,0.9009950747508688,4.0,identity_features_keep,,,False,True,results_v2_seeds/multiclass/results.csv
entity,NF-BoT-IoT-v3,transformer,disjoint_ip,keep,multiclass,2,ok,,52.0,5.0,505731.0,246552.0,247717.0,0.0,0.0,1.0,14.0,3.0,3.0,23.0,34.0,0.9591180681366348,514.7,0.9889066959473916,0.7699381205414688,0.9891226175098604,,0.7645785852999641,0.7777114792551597,0.03115464910872,247717.0,4.0,0.962422650676836,4.0,identity_features_keep,,,False,False,results_v2_seeds/multiclass/results.csv
entity,NF-BoT-IoT-v3,autoencoder,disjoint_ip,keep,multiclass,2,ok,,52.0,5.0,505731.0,246552.0,247717.0,0.0,0.0,1.0,14.0,3.0,3.0,6.0,17.0,0.8210967826696459,131.0,0.7209638418033482,0.6151064475292187,0.7023387528477723,,0.6541620424328173,0.6388896395409842,0.0969166532840854,247717.0,4.0,0.7688830594115234,4.0,identity_features_keep,,,False,False,results_v2_seeds/multiclass/results.csv
entity,NF-BoT-IoT-v3,xgboost,disjoint_ip,drop,multiclass,2,ok,,48.0,5.0,505731.0,246552.0,247717.0,0.0,0.0,1.0,14.0,3.0,3.0,81.0,81.0,0.9573948249123132,17.2,0.988636226015978,0.7704083642422503,0.9887365030913552,,0.7688130122095281,0.772684187388399,0.0766821904608961,247717.0,4.0,0.9630104553028128,4.0,identity_features_drop,,,False,False,results_v2_seeds/multiclass/results.csv
entity,NF-BoT-IoT-v3,mlp,disjoint_ip,drop,multiclass,2,ok,,48.0,5.0,505731.0,246552.0,247717.0,0.0,0.0,1.0,14.0,3.0,3.0,8.0,19.0,0.9408405228337668,158.8,0.9686053036327744,0.7290160648353046,0.9693200263223708,,0.7261231843369942,0.7327317286588341,0.2066002890637546,247717.0,4.0,0.9112700810441308,4.0,identity_features_drop,,,False,False,results_v2_seeds/multiclass/results.csv
entity,NF-BoT-IoT-v3,transformer,disjoint_ip,drop,multiclass,2,ok,,48.0,5.0,505731.0,246552.0,247717.0,0.0,0.0,1.0,14.0,3.0,3.0,17.0,28.0,0.9530152329557314,439.1,0.9837233617394042,0.7577004832963397,0.9841702242509066,,0.752855866997839,0.7684601577815073,0.0354906054279749,247717.0,4.0,0.9471256041204246,4.0,identity_features_drop,,,False,False,results_v2_seeds/multiclass/results.csv
entity,NF-BoT-IoT-v3,autoencoder,disjoint_ip,drop,multiclass,2,ok,,48.0,5.0,505731.0,246552.0,247717.0,0.0,0.0,1.0,14.0,3.0,3.0,15.0,26.0,0.9490550928930764,194.1,0.9592559251080872,0.7269020597215958,0.9595462318192188,,0.7258164387724341,0.728908146875032,0.2036293560301911,247717.0,4.0,0.9086275746519948,4.0,identity_features_drop,,,False,False,results_v2_seeds/multiclass/results.csv
entity,NF-CICIDS2018-v3,xgboost,random,keep,multiclass,2,ok,,52.0,15.0,560255.0,120053.0,120057.0,0.0,0.0,0.0,153388.0,69781.0,70120.0,598.0,598.0,0.7955737283365651,116.3,0.9990171335282408,0.8564848238299602,0.9990663142352018,,0.8460936530306705,0.8968084940297941,0.0006599061095611,120057.0,15.0,0.8564848238299602,15.0,identity_features_keep,,,False,False,results_v2_seeds/multiclass/results.csv
entity,NF-CICIDS2018-v3,mlp,random,keep,multiclass,2,ok,,52.0,15.0,560255.0,120053.0,120057.0,0.0,0.0,0.0,153388.0,69781.0,70120.0,21.0,32.0,0.6255839093129868,265.4,0.9346976852661651,0.5784807553815551,0.9639969569625249,,0.519857176833847,0.8041250538549439,0.0651636400086873,120057.0,15.0,0.5784807553815551,15.0,identity_features_keep,,,False,False,results_v2_seeds/multiclass/results.csv
entity,NF-CICIDS2018-v3,transformer,random,keep,multiclass,2,ok,,52.0,15.0,560255.0,120053.0,120057.0,0.0,0.0,0.0,153388.0,69781.0,70120.0,16.0,27.0,0.6404939509040095,444.0,0.9608769167978544,0.6280597445985546,0.9781458879686744,,0.6283143973828523,0.7802013614997383,0.0388175150776016,120057.0,15.0,0.6280597445985546,15.0,identity_features_keep,,,False,False,results_v2_seeds/multiclass/results.csv
entity,NF-CICIDS2018-v3,autoencoder,random,keep,multiclass,2,ok,,52.0,15.0,560255.0,120053.0,120057.0,0.0,0.0,0.0,153388.0,69781.0,70120.0,20.0,31.0,0.6072004847566325,333.1,0.9109006555219604,0.6765830321767652,0.9511546712264428,,0.6573891399211772,0.8274653632629149,0.0890873247907513,120057.0,15.0,0.6765830321767652,15.0,identity_features_keep,,,False,False,results_v2_seeds/multiclass/results.csv
entity,NF-CICIDS2018-v3,xgboost,random,drop,multiclass,2,ok,,48.0,15.0,560255.0,120053.0,120057.0,0.0,0.0,0.0,153388.0,69781.0,70120.0,581.0,581.0,0.8209862910610207,124.7,0.997834362011378,0.7999263249096022,0.9980535318882138,,0.7930549677413818,0.8193311540954014,0.0016288821691698,120057.0,15.0,0.7999263249096022,15.0,identity_features_drop,,,False,False,results_v2_seeds/multiclass/results.csv
entity,NF-CICIDS2018-v3,mlp,random,drop,multiclass,2,ok,,48.0,15.0,560255.0,120053.0,120057.0,0.0,0.0,0.0,153388.0,69781.0,70120.0,33.0,44.0,0.6137529805339599,379.1,0.9401034508608412,0.5394741319578524,0.9669086667967722,,0.5052755432039536,0.8011395274253954,0.0596672068429757,120057.0,15.0,0.5394741319578524,15.0,identity_features_drop,,,False,False,results_v2_seeds/multiclass/results.csv
entity,NF-CICIDS2018-v3,transformer,random,drop,multiclass,2,ok,,48.0,15.0,560255.0,120053.0,120057.0,0.0,0.0,0.0,153388.0,69781.0,70120.0,12.0,23.0,0.6388554466791992,379.3,0.9321655546948532,0.5348281669282753,0.9628612927352808,,0.49320090824802,0.7132096871492322,0.0676278463671751,120057.0,15.0,0.5348281669282753,15.0,identity_features_drop,,,False,False,results_v2_seeds/multiclass/results.csv
entity,NF-CICIDS2018-v3,autoencoder,random,drop,multiclass,2,ok,,48.0,15.0,560255.0,120053.0,120057.0,0.0,0.0,0.0,153388.0,69781.0,70120.0,5.0,16.0,0.4999006698574856,210.6,0.7943060379652999,0.5260675836740941,0.8829700565801577,,0.4555291770393907,0.8473908771748574,0.2061580099236513,120057.0,15.0,0.5260675836740941,15.0,identity_features_drop,,,False,True,results_v2_seeds/multiclass/results.csv
entity,NF-CICIDS2018-v3,xgboost,temporal,keep,multiclass,2,ok,,52.0,15.0,560256.0,120055.0,120054.0,1.0,13.0,12.0,136352.0,34468.0,35562.0,70.0,70.0,0.0668261233809676,25.4,0.9954187282389592,0.0673440340102884,0.9933823944725944,,0.1330433889060152,0.0670697015961761,0.0002175240740585,120054.0,3.0,0.5050802550771631,2.0,identity_features_keep,,,False,False,results_v2_seeds/multiclass/results.csv
entity,NF-CICIDS2018-v3,mlp,temporal,keep,multiclass,2,ok,,52.0,15.0,560256.0,120055.0,120054.0,1.0,13.0,12.0,136352.0,34468.0,35562.0,25.0,36.0,0.0685021715264089,305.7,0.9917537108301264,0.0693929886867552,0.991803889387517,,0.1330639584169901,0.0679332585465515,0.0039656311962987,120054.0,3.0,0.5204474151506644,2.0,identity_features_keep,,,False,False,results_v2_seeds/multiclass/results.csv
entity,NF-CICIDS2018-v3,transformer,temporal,keep,multiclass,2,ok,,52.0,15.0,560256.0,120055.0,120054.0,1.0,13.0,12.0,136352.0,34468.0,35562.0,10.0,21.0,0.0664261215797931,340.6,0.995277125293618,0.0665230281013821,0.99346518814957,,0.0664021406600368,0.0666443565052247,0.0003346524216285,120054.0,3.0,0.4989227107603657,2.0,identity_features_keep,,,False,False,results_v2_seeds/multiclass/results.csv
entity,NF-CICIDS2018-v3,autoencoder,temporal,keep,multiclass,2,ok,,52.0,15.0,560256.0,120055.0,120054.0,1.0,13.0,12.0,136352.0,34468.0,35562.0,20.0,31.0,0.0679052959407415,319.3,0.9882136371965948,0.0676539755819996,0.98999311673952,,0.1080685853896076,0.066864486536554,0.0074711153128581,120054.0,3.0,0.5074048168649975,2.0,identity_features_keep,,,False,False,results_v2_seeds/multiclass/results.csv
entity,NF-CICIDS2018-v3,xgboost,temporal,drop,multiclass,2,ok,,48.0,15.0,560256.0,120055.0,120054.0,1.0,13.0,12.0,136352.0,34468.0,35562.0,94.0,94.0,0.0678997351699964,28.6,0.9954853649191198,0.0679001848343376,0.9935438341822884,,0.1330572314256191,0.0673514058100236,0.0001673262108142,120054.0,3.0,0.509251386257532,2.0,identity_features_drop,,,False,False,results_v2_seeds/multiclass/results.csv
entity,NF-CICIDS2018-v3,mlp,temporal,drop,multiclass,2,ok,,48.0,15.0,560256.0,120055.0,120054.0,1.0,13.0,12.0,136352.0,34468.0,35562.0,45.0,56.0,0.0744579387778564,471.8,0.9950022489879554,0.0784715143029182,0.9938438544621224,,0.0895611723275512,0.0746659738872485,0.0010959866808336,120054.0,3.0,0.588536357271887,2.0,identity_features_drop,,,False,False,results_v2_seeds/multiclass/results.csv
entity,NF-CICIDS2018-v3,transformer,temporal,drop,multiclass,2,ok,,48.0,15.0,560256.0,120055.0,120054.0,1.0,13.0,12.0,136352.0,34468.0,35562.0,24.0,35.0,0.0692876871646629,556.8,0.9954853649191198,0.0734719993399932,0.993868640030831,,0.1125554288772641,0.0704010698071735,0.00035138504271,120054.0,3.0,0.5510399950499496,2.0,identity_features_drop,,,False,False,results_v2_seeds/multiclass/results.csv
entity,NF-CICIDS2018-v3,autoencoder,temporal,drop,multiclass,2,ok,,48.0,15.0,560256.0,120055.0,120054.0,1.0,13.0,12.0,136352.0,34468.0,35562.0,21.0,32.0,0.0725501111456156,319.8,0.973328668765722,0.0722373337599802,0.9826103921790365,,0.0709577779121782,0.076402982973382,0.0230575518502095,120054.0,3.0,0.5417800031998522,2.0,identity_features_drop,,,False,False,results_v2_seeds/multiclass/results.csv
entity,NF-CICIDS2018-v3,xgboost,disjoint_ip,keep,multiclass,2,ok,,52.0,15.0,560255.0,120055.0,120055.0,0.0,12.0,12.0,80139.0,50868.0,50869.0,294.0,294.0,0.1610716548689819,71.6,0.999100412311024,0.1696541692195189,0.9991057632589057,,0.1674702934019328,0.1719639944227649,0.0004839826767579,120055.0,3.0,0.8482708460975948,3.0,identity_features_keep,,,False,False,results_v2_seeds/multiclass/results.csv
entity,NF-CICIDS2018-v3,mlp,disjoint_ip,keep,multiclass,2,ok,,52.0,15.0,560255.0,120055.0,120055.0,0.0,12.0,12.0,80139.0,50868.0,50869.0,20.0,31.0,0.0786238679785322,236.1,0.9638998792220232,0.079763111856617,0.980002248132516,,0.0743614336300715,0.1794914033816626,0.0358898188402773,120055.0,3.0,0.3988155592830851,3.0,identity_features_keep,,,False,False,results_v2_seeds/multiclass/results.csv
entity,NF-CICIDS2018-v3,transformer,disjoint_ip,keep,multiclass,2,ok,,52.0,15.0,560255.0,120055.0,120055.0,0.0,12.0,12.0,80139.0,50868.0,50869.0,22.0,33.0,0.1202734064959485,502.4,0.9491066594477532,0.121629145444977,0.9727540842657222,,0.1149033483010861,0.1847613451663044,0.0508098365306786,120055.0,3.0,0.6081457272248851,3.0,identity_features_keep,,,False,False,results_v2_seeds/multiclass/results.csv
entity,NF-CICIDS2018-v3,autoencoder,disjoint_ip,keep,multiclass,2,ok,,52.0,15.0,560255.0,120055.0,120055.0,0.0,12.0,12.0,80139.0,50868.0,50869.0,19.0,30.0,0.0831452171861353,292.2,0.9419016284203072,0.0840215589088791,0.968517948262574,,0.0776730806344654,0.1823188348450409,0.0579944759218618,120055.0,3.0,0.4201077945443959,3.0,identity_features_keep,,,False,False,results_v2_seeds/multiclass/results.csv
entity,NF-CICIDS2018-v3,xgboost,disjoint_ip,drop,multiclass,2,ok,,48.0,15.0,560255.0,120055.0,120055.0,0.0,12.0,12.0,80139.0,50868.0,50869.0,595.0,595.0,0.1453495434269454,102.3,0.9984340510599308,0.155519436271296,0.9985631250859032,,0.1465547578380934,0.167272790581064,0.001076444229341,120055.0,3.0,0.7775971813564805,3.0,identity_features_drop,,,False,False,results_v2_seeds/multiclass/results.csv
entity,NF-CICIDS2018-v3,mlp,disjoint_ip,drop,multiclass,2,ok,,48.0,15.0,560255.0,120055.0,120055.0,0.0,12.0,12.0,80139.0,50868.0,50869.0,5.0,16.0,0.0749586554047961,132.2,0.9508308691849569,0.076064588958391,0.97314056619935,,0.0725138110370385,0.1795057185985088,0.048999073757291,120055.0,3.0,0.3803229447919551,3.0,identity_features_drop,,,False,True,results_v2_seeds/multiclass/results.csv
entity,NF-CICIDS2018-v3,transformer,disjoint_ip,drop,multiclass,2,ok,,48.0,15.0,560255.0,120055.0,120055.0,0.0,12.0,12.0,80139.0,50868.0,50869.0,8.0,19.0,0.0949749981997325,332.7,0.8540668860105785,0.0973705996548486,0.919917174473124,,0.0921076565467294,0.179066226421961,0.1460542895050859,120055.0,3.0,0.4868529982742431,3.0,identity_features_drop,,,False,False,results_v2_seeds/multiclass/results.csv
entity,NF-CICIDS2018-v3,autoencoder,disjoint_ip,drop,multiclass,2,ok,,48.0,15.0,560255.0,120055.0,120055.0,0.0,12.0,12.0,80139.0,50868.0,50869.0,16.0,27.0,0.0867532685120526,342.5,0.9711632168589396,0.0889380510456005,0.9838599645864884,,0.0800740238082709,0.1745817858845298,0.0285382888709017,120055.0,3.0,0.4446902552280027,3.0,identity_features_drop,,,False,False,results_v2_seeds/multiclass/results.csv
entity,NF-CSE-CIC-IDS2018-v2,xgboost,random,keep,multiclass,2,ok,,43.0,15.0,577526.0,123754.0,123758.0,0.0,1.0,1.0,187027.0,79207.0,79273.0,585.0,585.0,0.8309796307439901,243.9,0.9987879571421644,0.7873048010533071,0.9988888394332291,,0.7661921799420898,0.8207663916007959,0.000784827742447,123758.0,14.0,0.8435408582714005,14.0,identity_features_keep,,,False,False,results_v2_seeds/multiclass/results.csv
entity,NF-CSE-CIC-IDS2018-v2,mlp,random,keep,multiclass,2,ok,,43.0,15.0,577526.0,123754.0,123758.0,0.0,1.0,1.0,187027.0,79207.0,79273.0,25.0,36.0,0.5370285676746729,309.1,0.9380888508217652,0.4922333759884777,0.9670545592083972,,0.4294743730700515,0.688057286605351,0.0615968412706118,123758.0,14.0,0.5273929028447976,14.0,identity_features_keep,,,False,False,results_v2_seeds/multiclass/results.csv
entity,NF-CSE-CIC-IDS2018-v2,transformer,random,keep,multiclass,2,ok,,43.0,15.0,577526.0,123754.0,123758.0,0.0,1.0,1.0,187027.0,79207.0,79273.0,13.0,24.0,0.5426057907760662,419.5,0.9468559608267748,0.497695972577593,0.9717050190091696,,0.4628648986647958,0.6808068182495659,0.0528100069582665,123758.0,14.0,0.5332456849045639,14.0,identity_features_keep,,,False,False,results_v2_seeds/multiclass/results.csv
entity,NF-CSE-CIC-IDS2018-v2,autoencoder,random,keep,multiclass,2,ok,,43.0,15.0,577526.0,123754.0,123758.0,0.0,1.0,1.0,187027.0,79207.0,79273.0,72.0,83.0,0.6734739283743233,815.9,0.9500395934000226,0.5823961127557309,0.9734230265194448,,0.5707867569707399,0.6466333771383327,0.0496221499425538,123758.0,14.0,0.6239958350954259,14.0,identity_features_keep,,,False,False,results_v2_seeds/multiclass/results.csv
entity,NF-CSE-CIC-IDS2018-v2,xgboost,random,drop,multiclass,2,ok,,39.0,15.0,577526.0,123754.0,123758.0,0.0,1.0,1.0,187027.0,79207.0,79273.0,578.0,578.0,0.7296441196966411,205.9,0.9972931042841676,0.7679632591388462,0.9979792543555054,,0.769089029927239,0.8047563939542856,0.0023383012120329,123758.0,14.0,0.8228177776487638,14.0,identity_features_drop,,,False,False,results_v2_seeds/multiclass/results.csv
entity,NF-CSE-CIC-IDS2018-v2,mlp,random,drop,multiclass,2,ok,,39.0,15.0,577526.0,123754.0,123758.0,0.0,1.0,1.0,187027.0,79207.0,79273.0,14.0,25.0,0.4579468622726024,258.5,0.9611984679778276,0.4456615541635028,0.9791971621846614,,0.3681984360280192,0.7085451828837429,0.0384889234105215,123758.0,14.0,0.4774945223180387,14.0,identity_features_drop,,,False,False,results_v2_seeds/multiclass/results.csv
entity,NF-CSE-CIC-IDS2018-v2,transformer,random,drop,multiclass,2,ok,,39.0,15.0,577526.0,123754.0,123758.0,0.0,1.0,1.0,187027.0,79207.0,79273.0,29.0,40.0,0.6202763375417412,641.5,0.939583703679762,0.5856994271500182,0.9678706982922196,,0.5516908296803053,0.7487397134193479,0.0601323688852209,123758.0,14.0,0.6275351005178766,14.0,identity_features_drop,,,False,False,results_v2_seeds/multiclass/results.csv
entity,NF-CSE-CIC-IDS2018-v2,autoencoder,random,drop,multiclass,2,ok,,39.0,15.0,577526.0,123754.0,123758.0,0.0,1.0,1.0,187027.0,79207.0,79273.0,22.0,33.0,0.552734089679028,328.1,0.9376444351072254,0.542126027975101,0.966834157488222,,0.5141281184593082,0.6897803873406674,0.0620661197145492,123758.0,14.0,0.5808493156876082,14.0,identity_features_drop,,,False,False,results_v2_seeds/multiclass/results.csv
entity,NF-CSE-CIC-IDS2018-v2,xgboost,temporal,keep,multiclass,2,skipped,dataset has no timestamp column,,,,,,,,,,,,,,,,,,,,,,,,,,,,,,,,results_v2_seeds/multiclass/results.csv
entity,NF-CSE-CIC-IDS2018-v2,mlp,temporal,keep,multiclass,2,skipped,dataset has no timestamp column,,,,,,,,,,,,,,,,,,,,,,,,,,,,,,,,results_v2_seeds/multiclass/results.csv
entity,NF-CSE-CIC-IDS2018-v2,transformer,temporal,keep,multiclass,2,skipped,dataset has no timestamp column,,,,,,,,,,,,,,,,,,,,,,,,,,,,,,,,results_v2_seeds/multiclass/results.csv
entity,NF-CSE-CIC-IDS2018-v2,autoencoder,temporal,keep,multiclass,2,skipped,dataset has no timestamp column,,,,,,,,,,,,,,,,,,,,,,,,,,,,,,,,results_v2_seeds/multiclass/results.csv
entity,NF-CSE-CIC-IDS2018-v2,xgboost,temporal,drop,multiclass,2,skipped,dataset has no timestamp column,,,,,,,,,,,,,,,,,,,,,,,,,,,,,,,,results_v2_seeds/multiclass/results.csv
entity,NF-CSE-CIC-IDS2018-v2,mlp,temporal,drop,multiclass,2,skipped,dataset has no timestamp column,,,,,,,,,,,,,,,,,,,,,,,,,,,,,,,,results_v2_seeds/multiclass/results.csv
entity,NF-CSE-CIC-IDS2018-v2,transformer,temporal,drop,multiclass,2,skipped,dataset has no timestamp column,,,,,,,,,,,,,,,,,,,,,,,,,,,,,,,,results_v2_seeds/multiclass/results.csv
entity,NF-CSE-CIC-IDS2018-v2,autoencoder,temporal,drop,multiclass,2,skipped,dataset has no timestamp column,,,,,,,,,,,,,,,,,,,,,,,,,,,,,,,,results_v2_seeds/multiclass/results.csv
entity,NF-CSE-CIC-IDS2018-v2,xgboost,disjoint_ip,keep,multiclass,2,ok,,43.0,15.0,577526.0,123756.0,123756.0,0.0,9.0,10.0,99660.0,62454.0,62454.0,285.0,285.0,0.1842127453371049,59.8,0.9988929829664824,0.2093240713346593,0.9989539534593244,,0.2196115784932319,0.207143550744298,0.0006389466277367,123756.0,5.0,0.6279722140039781,5.0,identity_features_keep,,,False,False,results_v2_seeds/multiclass/results.csv
entity,NF-CSE-CIC-IDS2018-v2,mlp,disjoint_ip,keep,multiclass,2,ok,,43.0,15.0,577526.0,123756.0,123756.0,0.0,9.0,10.0,99660.0,62454.0,62454.0,22.0,33.0,0.2497299208379843,263.3,0.95922621933482,0.2598461294825853,0.9786339919489532,,0.2551588827767242,0.3087201926006206,0.0406256824192622,123756.0,5.0,0.7795383884477558,5.0,identity_features_keep,,,False,False,results_v2_seeds/multiclass/results.csv
entity,NF-CSE-CIC-IDS2018-v2,transformer,disjoint_ip,keep,multiclass,2,ok,,43.0,15.0,577526.0,123756.0,123756.0,0.0,9.0,10.0,99660.0,62454.0,62454.0,9.0,20.0,0.2494849154286253,349.8,0.971678140857817,0.2468647776390283,0.9850812832771444,,0.2408766078715639,0.3011923828455561,0.0281460033484038,123756.0,5.0,0.740594332917085,5.0,identity_features_keep,,,False,False,results_v2_seeds/multiclass/results.csv
entity,NF-CSE-CIC-IDS2018-v2,autoencoder,disjoint_ip,keep,multiclass,2,ok,,43.0,15.0,577526.0,123756.0,123756.0,0.0,9.0,10.0,99660.0,62454.0,62454.0,34.0,45.0,0.2539829674838966,418.3,0.9700539771809044,0.2578191478839431,0.984240244344226,,0.2508489166503552,0.3103945562825708,0.029795941475724,123756.0,5.0,0.7734574436518294,5.0,identity_features_keep,,,False,False,results_v2_seeds/multiclass/results.csv
entity,NF-CSE-CIC-IDS2018-v2,xgboost,disjoint_ip,drop,multiclass,2,ok,,39.0,15.0,577526.0,123756.0,123756.0,0.0,9.0,10.0,99660.0,62454.0,62454.0,599.0,599.0,0.2619417669021078,117.8,0.9976162771906008,0.2759288268207404,0.998363994655359,,0.2691652014007746,0.3024833758276548,0.0021433019791169,123756.0,5.0,0.8277864804622214,5.0,identity_features_drop,,,False,False,results_v2_seeds/multiclass/results.csv
entity,NF-CSE-CIC-IDS2018-v2,mlp,disjoint_ip,drop,multiclass,2,ok,,39.0,15.0,577526.0,123756.0,123756.0,0.0,9.0,10.0,99660.0,62454.0,62454.0,7.0,18.0,0.2386152956986181,179.0,0.9642764795242252,0.2523935321837596,0.9812512866581702,,0.2435728502690889,0.3090571897671484,0.0355707249213448,123756.0,5.0,0.757180596551279,5.0,identity_features_drop,,,False,False,results_v2_seeds/multiclass/results.csv
entity,NF-CSE-CIC-IDS2018-v2,transformer,disjoint_ip,drop,multiclass,2,ok,,39.0,15.0,577526.0,123756.0,123756.0,0.0,9.0,10.0,99660.0,62454.0,62454.0,6.0,17.0,0.2349937879027457,296.0,0.9397200943792624,0.231235102378942,0.9683586609631802,,0.2254250835159044,0.3019153900465116,0.0601580381912148,123756.0,5.0,0.6937053071368262,5.0,identity_features_drop,,,False,False,results_v2_seeds/multiclass/results.csv
entity,NF-CSE-CIC-IDS2018-v2,autoencoder,disjoint_ip,drop,multiclass,2,ok,,39.0,15.0,577526.0,123756.0,123756.0,0.0,9.0,10.0,99660.0,62454.0,62454.0,5.0,16.0,0.2318954230796655,207.1,0.9323507547108828,0.2556138973847282,0.9644264734666372,,0.2503958107170493,0.3107341955068842,0.0675584959681659,123756.0,5.0,0.7668416921541845,5.0,identity_features_drop,,,False,True,results_v2_seeds/multiclass/results.csv
entity,NF-ToN-IoT-v2,xgboost,random,keep,multiclass,2,ok,,43.0,10.0,386470.0,82815.0,82816.0,0.0,0.0,0.0,16230.0,3649.0,3648.0,296.0,296.0,0.9467661320065378,31.1,0.9846044242658424,0.9456976344615492,0.984662046981943,,0.9421506145332076,0.9493817528890156,0.0061039655958302,82816.0,10.0,0.9456976344615492,10.0,identity_features_keep,,,False,False,results_v2_seeds/multiclass/results.csv
entity,NF-ToN-IoT-v2,mlp,random,keep,multiclass,2,ok,,43.0,10.0,386470.0,82815.0,82816.0,0.0,0.0,0.0,16230.0,3649.0,3648.0,32.0,43.0,0.8971542884958549,224.6,0.9593556800618238,0.8939938535566224,0.9596731301631238,,0.8741628745837178,0.9179784002304756,0.0278047523732138,82816.0,10.0,0.8939938535566224,10.0,identity_features_keep,,,False,False,results_v2_seeds/multiclass/results.csv
entity,NF-ToN-IoT-v2,transformer,random,keep,multiclass,2,ok,,43.0,10.0,386470.0,82815.0,82816.0,0.0,0.0,0.0,16230.0,3649.0,3648.0,24.0,35.0,0.9042125114841268,382.8,0.9599111282843896,0.9026421898482112,0.9603393271969622,,0.8873036038859192,0.9295476727579643,0.0298261955250797,82816.0,10.0,0.9026421898482112,10.0,identity_features_keep,,,False,False,results_v2_seeds/multiclass/results.csv
entity,NF-ToN-IoT-v2,autoencoder,random,keep,multiclass,2,ok,,43.0,10.0,386470.0,82815.0,82816.0,0.0,0.0,0.0,16230.0,3649.0,3648.0,54.0,65.0,0.8980074660553774,351.1,0.9581602588871716,0.8918970607593227,0.9587659106250788,,0.8764553599413484,0.9135853107276471,0.0273489367605382,82816.0,10.0,0.8918970607593227,10.0,identity_features_keep,,,False,False,results_v2_seeds/multiclass/results.csv
entity,NF-ToN-IoT-v2,xgboost,random,drop,multiclass,2,ok,,39.0,10.0,386470.0,82815.0,82816.0,0.0,0.0,0.0,16230.0,3649.0,3648.0,454.0,454.0,0.9074036534375424,42.7,0.9741595826893354,0.9084450432429348,0.9745456232511044,,0.9010180698442192,0.9173264492420176,0.0090568580431637,82816.0,10.0,0.9084450432429348,10.0,identity_features_drop,,,False,False,results_v2_seeds/multiclass/results.csv
entity,NF-ToN-IoT-v2,mlp,random,drop,multiclass,2,ok,,39.0,10.0,386470.0,82815.0,82816.0,0.0,0.0,0.0,16230.0,3649.0,3648.0,46.0,57.0,0.8591170378877019,299.5,0.9414726622874808,0.8542705705004806,0.943990262696764,,0.8230434669516427,0.8977719229859664,0.0526169761588616,82816.0,10.0,0.8542705705004806,10.0,identity_features_drop,,,False,False,results_v2_seeds/multiclass/results.csv
entity,NF-ToN-IoT-v2,transformer,random,drop,multiclass,2,ok,,39.0,10.0,386470.0,82815.0,82816.0,0.0,0.0,0.0,16230.0,3649.0,3648.0,26.0,37.0,0.8654076558331703,392.3,0.9481018160741884,0.8623280871227967,0.9492730465392722,,0.8351952766983498,0.8971103164879068,0.0387641451475455,82816.0,10.0,0.8623280871227967,10.0,identity_features_drop,,,False,False,results_v2_seeds/multiclass/results.csv
entity,NF-ToN-IoT-v2,autoencoder,random,drop,multiclass,2,ok,,39.0,10.0,386470.0,82815.0,82816.0,0.0,0.0,0.0,16230.0,3649.0,3648.0,89.0,100.0,0.8670462828662895,540.2,0.9503598338485316,0.8631216456677551,0.9522594454216105,,0.8386351683490266,0.8964923579050886,0.0351572563863731,82816.0,10.0,0.8631216456677551,10.0,identity_features_drop,,,False,False,results_v2_seeds/multiclass/results.csv
entity,NF-ToN-IoT-v2,xgboost,temporal,keep,multiclass,2,skipped,dataset has no timestamp column,,,,,,,,,,,,,,,,,,,,,,,,,,,,,,,,results_v2_seeds/multiclass/results.csv
entity,NF-ToN-IoT-v2,mlp,temporal,keep,multiclass,2,skipped,dataset has no timestamp column,,,,,,,,,,,,,,,,,,,,,,,,,,,,,,,,results_v2_seeds/multiclass/results.csv
entity,NF-ToN-IoT-v2,transformer,temporal,keep,multiclass,2,skipped,dataset has no timestamp column,,,,,,,,,,,,,,,,,,,,,,,,,,,,,,,,results_v2_seeds/multiclass/results.csv
entity,NF-ToN-IoT-v2,autoencoder,temporal,keep,multiclass,2,skipped,dataset has no timestamp column,,,,,,,,,,,,,,,,,,,,,,,,,,,,,,,,results_v2_seeds/multiclass/results.csv
entity,NF-ToN-IoT-v2,xgboost,temporal,drop,multiclass,2,skipped,dataset has no timestamp column,,,,,,,,,,,,,,,,,,,,,,,,,,,,,,,,results_v2_seeds/multiclass/results.csv
entity,NF-ToN-IoT-v2,mlp,temporal,drop,multiclass,2,skipped,dataset has no timestamp column,,,,,,,,,,,,,,,,,,,,,,,,,,,,,,,,results_v2_seeds/multiclass/results.csv
entity,NF-ToN-IoT-v2,transformer,temporal,drop,multiclass,2,skipped,dataset has no timestamp column,,,,,,,,,,,,,,,,,,,,,,,,,,,,,,,,results_v2_seeds/multiclass/results.csv
entity,NF-ToN-IoT-v2,autoencoder,temporal,drop,multiclass,2,skipped,dataset has no timestamp column,,,,,,,,,,,,,,,,,,,,,,,,,,,,,,,,results_v2_seeds/multiclass/results.csv
entity,NF-ToN-IoT-v2,xgboost,disjoint_ip,keep,multiclass,2,ok,,43.0,10.0,386471.0,82815.0,82815.0,0.0,2.0,2.0,7709.0,7683.0,7687.0,12.0,12.0,0.0980888422012407,6.3,0.4547002354645897,0.1275996962345887,0.3144901820742382,,0.3639496871151483,0.1413271709896274,0.0015791891581486,82815.0,8.0,0.1594996202932359,8.0,identity_features_keep,,,False,False,results_v2_seeds/multiclass/results.csv
entity,NF-ToN-IoT-v2,mlp,disjoint_ip,keep,multiclass,2,ok,,43.0,10.0,386471.0,82815.0,82815.0,0.0,2.0,2.0,7709.0,7683.0,7687.0,7.0,18.0,0.2810303330250067,97.2,0.5882146954054217,0.2289763492795965,0.5074566552783922,,0.443691505746865,0.2515777815379174,0.0109107614562995,82815.0,8.0,0.2862204365994956,8.0,identity_features_keep,,,False,False,results_v2_seeds/multiclass/results.csv
entity,NF-ToN-IoT-v2,transformer,disjoint_ip,keep,multiclass,2,ok,,43.0,10.0,386471.0,82815.0,82815.0,0.0,2.0,2.0,7709.0,7683.0,7687.0,4.0,15.0,0.1330756716059577,153.0,0.4219525448288354,0.1277726100045066,0.3366203654909984,,0.1786400668005399,0.1535558758392794,0.2451762949351096,82815.0,8.0,0.1597157625056332,8.0,identity_features_keep,,,False,True,results_v2_seeds/multiclass/results.csv
entity,NF-ToN-IoT-v2,autoencoder,disjoint_ip,keep,multiclass,2,ok,,43.0,10.0,386471.0,82815.0,82815.0,0.0,2.0,2.0,7709.0,7683.0,7687.0,5.0,16.0,0.3370029737546599,118.2,0.7715751977298798,0.4801265988699285,0.7377994565676853,,0.5188376398421866,0.4834663527050615,0.0607270012633513,82815.0,8.0,0.6001582485874106,8.0,identity_features_keep,,,False,True,results_v2_seeds/multiclass/results.csv
entity,NF-ToN-IoT-v2,xgboost,disjoint_ip,drop,multiclass,2,ok,,39.0,10.0,386471.0,82815.0,82815.0,0.0,2.0,2.0,7709.0,7683.0,7687.0,37.0,37.0,0.4674911789098995,8.5,0.9098593250015092,0.668905463962244,0.906442542157344,,0.6861399206260483,0.6741190643521725,0.0364074882278626,82815.0,8.0,0.8361318299528051,8.0,identity_features_drop,,,False,False,results_v2_seeds/multiclass/results.csv
entity,NF-ToN-IoT-v2,mlp,disjoint_ip,drop,multiclass,2,ok,,39.0,10.0,386471.0,82815.0,82815.0,0.0,2.0,2.0,7709.0,7683.0,7687.0,34.0,45.0,0.4902547590518966,241.5,0.8868803960635151,0.6409920170746218,0.8859606936393442,,0.6602107063639491,0.6508051327686212,0.0597794877684621,82815.0,8.0,0.8012400213432773,8.0,identity_features_drop,,,False,False,results_v2_seeds/multiclass/results.csv
entity,NF-ToN-IoT-v2,transformer,disjoint_ip,drop,multiclass,2,ok,,39.0,10.0,386471.0,82815.0,82815.0,0.0,2.0,2.0,7709.0,7683.0,7687.0,8.0,19.0,0.4677750315939172,213.1,0.8554730423232506,0.6164617982467196,0.8722584309619892,,0.6378422543291068,0.6395364383823365,0.1350063167566326,82815.0,8.0,0.7705772478083994,8.0,identity_features_drop,,,False,False,results_v2_seeds/multiclass/results.csv
entity,NF-ToN-IoT-v2,autoencoder,disjoint_ip,drop,multiclass,2,ok,,39.0,10.0,386471.0,82815.0,82815.0,0.0,2.0,2.0,7709.0,7683.0,7687.0,26.0,37.0,0.5057717455962735,228.8,0.8766769305077583,0.6238264655717145,0.8885175948233144,,0.6479599748477953,0.6342608318432288,0.0646031928333524,82815.0,8.0,0.779783081964643,8.0,identity_features_drop,,,False,False,results_v2_seeds/multiclass/results.csv
entity,NF-ToN-IoT-v3,xgboost,random,keep,multiclass,2,ok,,52.0,10.0,409983.0,87854.0,87853.0,0.0,0.0,0.0,10893.0,2586.0,2628.0,599.0,599.0,0.9641795685482693,68.2,0.969357904681684,0.9640325003775644,0.9710224397338552,,0.9463817237021668,0.9878698408405796,0.0389297160801579,87853.0,10.0,0.9640325003775644,10.0,identity_features_keep,,,False,False,results_v2_seeds/multiclass/results.csv
entity,NF-ToN-IoT-v3,mlp,random,keep,multiclass,2,ok,,52.0,10.0,409983.0,87854.0,87853.0,0.0,0.0,0.0,10893.0,2586.0,2628.0,53.0,64.0,0.9106993248763652,349.7,0.9154382889599672,0.9083084657801032,0.9279511326442872,,0.8684646834074791,0.9856197777880752,0.119330506005374,87853.0,10.0,0.9083084657801032,10.0,identity_features_keep,,,False,False,results_v2_seeds/multiclass/results.csv
entity,NF-ToN-IoT-v3,transformer,random,keep,multiclass,2,ok,,52.0,10.0,409983.0,87854.0,87853.0,0.0,0.0,0.0,10893.0,2586.0,2628.0,11.0,22.0,0.9083179258117318,254.5,0.916291987752268,0.90784169922928,0.9278874794417518,,0.8675694583823319,0.9837722890846334,0.1174366279257988,87853.0,10.0,0.90784169922928,10.0,identity_features_keep,,,False,False,results_v2_seeds/multiclass/results.csv
entity,NF-ToN-IoT-v3,autoencoder,random,keep,multiclass,2,ok,,52.0,10.0,409983.0,87854.0,87853.0,0.0,0.0,0.0,10893.0,2586.0,2628.0,26.0,37.0,0.9072363332745026,199.2,0.9149602176362788,0.9041633739918332,0.927028387126582,,0.8614547568139914,0.9830251241920404,0.1189905791705785,87853.0,10.0,0.9041633739918332,10.0,identity_features_keep,,,False,False,results_v2_seeds/multiclass/results.csv
entity,NF-ToN-IoT-v3,xgboost,random,drop,multiclass,2,ok,,48.0,10.0,409983.0,87854.0,87853.0,0.0,0.0,0.0,10893.0,2586.0,2628.0,434.0,434.0,0.9464186823274848,56.9,0.9492106131833858,0.9454987884947792,0.9540760530362002,,0.9197616619479716,0.9880261834402864,0.06963644015669,87853.0,10.0,0.9454987884947792,10.0,identity_features_drop,,,False,False,results_v2_seeds/multiclass/results.csv
entity,NF-ToN-IoT-v3,mlp,random,drop,multiclass,2,ok,,48.0,10.0,409983.0,87854.0,87853.0,0.0,0.0,0.0,10893.0,2586.0,2628.0,38.0,49.0,0.8898001136920399,296.6,0.9043060567083652,0.8875275489212532,0.9177181612602412,,0.8343998235771399,0.9828468430140004,0.1342225387678461,87853.0,10.0,0.8875275489212532,10.0,identity_features_drop,,,False,False,results_v2_seeds/multiclass/results.csv
entity,NF-ToN-IoT-v3,transformer,random,drop,multiclass,2,ok,,48.0,10.0,409983.0,87854.0,87853.0,0.0,0.0,0.0,10893.0,2586.0,2628.0,69.0,80.0,0.9113181549354225,933.5,0.9126723048729128,0.9125063341428268,0.9259076947006846,,0.8760925052227586,0.9841678890074872,0.1223898475185341,87853.0,10.0,0.9125063341428268,10.0,identity_features_drop,,,False,False,results_v2_seeds/multiclass/results.csv
entity,NF-ToN-IoT-v3,autoencoder,random,drop,multiclass,2,ok,,48.0,10.0,409983.0,87854.0,87853.0,0.0,0.0,0.0,10893.0,2586.0,2628.0,31.0,42.0,0.8941709907876841,224.8,0.907390755011212,0.8921336428773893,0.9208552999099092,,0.8440073659565369,0.9813702464486213,0.1281847907021917,87853.0,10.0,0.8921336428773893,10.0,identity_features_drop,,,False,False,results_v2_seeds/multiclass/results.csv
entity,NF-ToN-IoT-v3,xgboost,temporal,keep,multiclass,2,ok,,52.0,10.0,409983.0,87854.0,87853.0,3.0,7.0,6.0,15157.0,128.0,221.0,106.0,106.0,0.17812512328722,11.2,0.8201313557875087,0.0930729136390939,0.7760437400989051,,0.08832485442844,0.0983604543220662,0.016395456779337,87853.0,4.0,0.9307291363909396,1.0,identity_features_keep,,,False,False,results_v2_seeds/multiclass/results.csv
entity,NF-ToN-IoT-v3,mlp,temporal,keep,multiclass,2,ok,,52.0,10.0,409983.0,87854.0,87853.0,3.0,7.0,6.0,15157.0,128.0,221.0,7.0,18.0,0.1860135281625662,100.3,0.536373259877295,0.0781796462819789,0.6518633910563695,,0.0996321041948579,0.0643286190138153,0.3567138098618467,87853.0,4.0,0.7817964628197897,1.0,identity_features_keep,,,False,False,results_v2_seeds/multiclass/results.csv
entity,NF-ToN-IoT-v3,transformer,temporal,keep,multiclass,2,ok,,52.0,10.0,409983.0,87854.0,87853.0,3.0,7.0,6.0,15157.0,128.0,221.0,5.0,16.0,0.187293060275867,182.9,0.6225740725985452,0.080398944575515,0.6703679428187571,,0.0870842422023022,0.0746669032927428,0.2533309670725714,87853.0,4.0,0.8039894457551503,1.0,identity_features_keep,,,False,True,results_v2_seeds/multiclass/results.csv
entity,NF-ToN-IoT-v3,autoencoder,temporal,keep,multiclass,2,ok,,52.0,10.0,409983.0,87854.0,87853.0,3.0,7.0,6.0,15157.0,128.0,221.0,25.0,36.0,0.1864638019638881,191.4,0.5643062843613764,0.0798820524802011,0.6660580866082764,,0.0974543453047905,0.0676786981925408,0.3232130180745918,87853.0,4.0,0.7988205248020109,1.0,identity_features_keep,,,False,False,results_v2_seeds/multiclass/results.csv
entity,NF-ToN-IoT-v3,xgboost,temporal,drop,multiclass,2,ok,,48.0,10.0,409983.0,87854.0,87853.0,3.0,7.0,6.0,15157.0,128.0,221.0,215.0,215.0,0.1876801767945832,17.2,0.7923690710618875,0.0904275080864109,0.7539862978322623,,0.0862495353735596,0.0950308523999344,0.0496914760006552,87853.0,4.0,0.9042750808641092,1.0,identity_features_drop,,,False,False,results_v2_seeds/multiclass/results.csv
entity,NF-ToN-IoT-v3,mlp,temporal,drop,multiclass,2,ok,,48.0,10.0,409983.0,87854.0,87853.0,3.0,7.0,6.0,15157.0,128.0,221.0,16.0,27.0,0.1794970857950353,153.1,0.1282597065552684,0.0264187660457428,0.2202801782958753,,0.0935026138909634,0.0153825151531698,0.8461748484683012,87853.0,4.0,0.2641876604574282,1.0,identity_features_drop,,,False,False,results_v2_seeds/multiclass/results.csv
entity,NF-ToN-IoT-v3,transformer,temporal,drop,multiclass,2,ok,,48.0,10.0,409983.0,87854.0,87853.0,3.0,7.0,6.0,15157.0,128.0,221.0,17.0,28.0,0.1849999227101283,316.2,0.4544750890692406,0.064641313322648,0.5389805110253051,,0.0794061493178473,0.0545063616010484,0.4549363839895156,87853.0,4.0,0.6464131332264802,1.0,identity_features_drop,,,False,False,results_v2_seeds/multiclass/results.csv
entity,NF-ToN-IoT-v3,autoencoder,temporal,drop,multiclass,2,ok,,48.0,10.0,409983.0,87854.0,87853.0,3.0,7.0,6.0,15157.0,128.0,221.0,10.0,21.0,0.1775899458947513,111.6,0.0853129659772574,0.0183363914373088,0.1528891837006988,,0.0881972228759708,0.0102318025446404,0.8976819745535958,87853.0,4.0,0.1833639143730887,1.0,identity_features_drop,,,False,False,results_v2_seeds/multiclass/results.csv
entity,NF-ToN-IoT-v3,xgboost,disjoint_ip,keep,multiclass,2,ok,,52.0,10.0,409983.0,87853.0,87854.0,0.0,1.0,2.0,5098.0,5086.0,5086.0,26.0,26.0,0.1453522337519088,9.5,0.3834885150363102,0.0830880272372373,0.222059246205432,,0.2217028661961849,0.1156307898696706,0.0132832975935191,87854.0,8.0,0.1038600340465467,8.0,identity_features_keep,,,False,False,results_v2_seeds/multiclass/results.csv
entity,NF-ToN-IoT-v3,mlp,disjoint_ip,keep,multiclass,2,ok,,52.0,10.0,409983.0,87853.0,87854.0,0.0,1.0,2.0,5098.0,5086.0,5086.0,7.0,18.0,0.5809161183525917,101.1,0.8792200696610285,0.6476348303463546,0.8837404935897991,,0.6368240937171958,0.7270923323963663,0.3035799380509888,87854.0,8.0,0.8095435379329433,8.0,identity_features_keep,,,False,False,results_v2_seeds/multiclass/results.csv
entity,NF-ToN-IoT-v3,transformer,disjoint_ip,keep,multiclass,2,ok,,52.0,10.0,409983.0,87853.0,87854.0,0.0,1.0,2.0,5098.0,5086.0,5086.0,4.0,15.0,0.2289186685940952,172.3,0.3944271177180322,0.2549154544034603,0.2767357413601927,,0.3186792352876629,0.3472973813041216,0.1210686204431737,87854.0,8.0,0.3186443180043254,8.0,identity_features_keep,,,False,True,results_v2_seeds/multiclass/results.csv
entity,NF-ToN-IoT-v3,autoencoder,disjoint_ip,keep,multiclass,2,ok,,52.0,10.0,409983.0,87853.0,87854.0,0.0,1.0,2.0,5098.0,5086.0,5086.0,6.0,17.0,0.5017683344252526,93.2,0.8571835090035741,0.6453781523240931,0.8664824061335956,,0.6356879338642916,0.7286575191578153,0.3070943531093638,87854.0,8.0,0.8067226904051163,8.0,identity_features_keep,,,False,False,results_v2_seeds/multiclass/results.csv
entity,NF-ToN-IoT-v3,xgboost,disjoint_ip,drop,multiclass,2,ok,,48.0,10.0,409983.0,87853.0,87854.0,0.0,1.0,2.0,5098.0,5086.0,5086.0,37.0,37.0,0.5748510200352844,8.7,0.8836934004143238,0.6596141601427883,0.8884500603293962,,0.6424111758701899,0.7462936156238724,0.3000953061710745,87854.0,8.0,0.8245177001784855,8.0,identity_features_drop,,,False,False,results_v2_seeds/multiclass/results.csv
entity,NF-ToN-IoT-v3,mlp,disjoint_ip,drop,multiclass,2,ok,,48.0,10.0,409983.0,87853.0,87854.0,0.0,1.0,2.0,5098.0,5086.0,5086.0,20.0,31.0,0.5206029588087422,175.3,0.8730735083206228,0.6502897521119996,0.8795861895420783,,0.630220160912125,0.7424347553788928,0.3178460805337145,87854.0,8.0,0.8128621901399994,8.0,identity_features_drop,,,False,False,results_v2_seeds/multiclass/results.csv
entity,NF-ToN-IoT-v3,transformer,disjoint_ip,drop,multiclass,2,ok,,48.0,10.0,409983.0,87853.0,87854.0,0.0,1.0,2.0,5098.0,5086.0,5086.0,30.0,41.0,0.5019303016459551,462.6,0.8738930498326769,0.6340120179366459,0.8791192444056201,,0.617336265333309,0.7220592294678372,0.3193650226352156,87854.0,8.0,0.7925150224208073,8.0,identity_features_drop,,,False,False,results_v2_seeds/multiclass/results.csv
entity,NF-ToN-IoT-v3,autoencoder,disjoint_ip,drop,multiclass,2,ok,,48.0,10.0,409983.0,87853.0,87854.0,0.0,1.0,2.0,5098.0,5086.0,5086.0,11.0,22.0,0.5477120899093499,121.7,0.8650374484940925,0.6428461581187986,0.871717910818845,,0.622830461503201,0.7376618315598079,0.3144805813676435,87854.0,8.0,0.8035576976484982,8.0,identity_features_drop,,,False,False,results_v2_seeds/multiclass/results.csv
entity,NF-UNSW-NB15-v2,xgboost,random,keep,multiclass,2,ok,,43.0,10.0,608758.0,130448.0,130448.0,0.0,0.0,0.0,39.0,38.0,39.0,381.0,381.0,0.6868640677640403,65.7,0.970654973629339,0.6798005125407878,0.9753555138998764,,0.6745968061602226,0.7135708887467768,0.0088647904294689,130448.0,10.0,0.6798005125407878,10.0,identity_features_keep,,,False,False,results_v2_seeds/multiclass/results.csv
entity,NF-UNSW-NB15-v2,mlp,random,keep,multiclass,2,ok,,43.0,10.0,608758.0,130448.0,130448.0,0.0,0.0,0.0,39.0,38.0,39.0,18.0,29.0,0.6008372724502795,237.2,0.9582132343922484,0.5955445130210604,0.9645735773256366,,0.5710220743765574,0.7151046560852139,0.0151131766933471,130448.0,10.0,0.5955445130210604,10.0,identity_features_keep,,,False,False,results_v2_seeds/multiclass/results.csv
entity,NF-UNSW-NB15-v2,transformer,random,keep,multiclass,2,ok,,43.0,10.0,608758.0,130448.0,130448.0,0.0,0.0,0.0,39.0,38.0,39.0,30.0,41.0,0.6076852151468868,661.4,0.9589798233778976,0.6094576036775315,0.965580346521797,,0.5847028672096302,0.75277956768287,0.0153713744728462,130448.0,10.0,0.6094576036775315,10.0,identity_features_keep,,,False,False,results_v2_seeds/multiclass/results.csv
entity,NF-UNSW-NB15-v2,autoencoder,random,keep,multiclass,2,ok,,43.0,10.0,608758.0,130448.0,130448.0,0.0,0.0,0.0,39.0,38.0,39.0,27.0,38.0,0.622934071320407,301.3,0.9567720470992273,0.6082686329945142,0.9638106782192958,,0.5899155265887599,0.701440026133221,0.0149582580256476,130448.0,10.0,0.6082686329945142,10.0,identity_features_keep,,,False,False,results_v2_seeds/multiclass/results.csv
entity,NF-UNSW-NB15-v2,xgboost,random,drop,multiclass,2,ok,,39.0,10.0,608758.0,130448.0,130448.0,0.0,0.0,0.0,39.0,38.0,39.0,599.0,599.0,0.660035188908603,84.7,0.9683858702318164,0.6707838770624046,0.9731469686818324,,0.6527480349238617,0.7357230772788161,0.009699629916516,130448.0,10.0,0.6707838770624046,10.0,identity_features_drop,,,False,False,results_v2_seeds/multiclass/results.csv
entity,NF-UNSW-NB15-v2,mlp,random,drop,multiclass,2,ok,,39.0,10.0,608758.0,130448.0,130448.0,0.0,0.0,0.0,39.0,38.0,39.0,17.0,28.0,0.5481738571750132,236.6,0.9544339506929964,0.5442881712594849,0.961496898289779,,0.5233811984224898,0.679727621490033,0.0155176865478956,130448.0,10.0,0.5442881712594849,10.0,identity_features_drop,,,False,False,results_v2_seeds/multiclass/results.csv
entity,NF-UNSW-NB15-v2,transformer,random,drop,multiclass,2,ok,,39.0,10.0,608758.0,130448.0,130448.0,0.0,0.0,0.0,39.0,38.0,39.0,30.0,41.0,0.5522703604065542,726.4,0.95411964920888,0.5504751650489774,0.9618331284523272,,0.5240347525899505,0.7092952839122486,0.0168086754453911,130448.0,10.0,0.5504751650489774,10.0,identity_features_drop,,,False,False,results_v2_seeds/multiclass/results.csv
entity,NF-UNSW-NB15-v2,autoencoder,random,drop,multiclass,2,ok,,39.0,10.0,608758.0,130448.0,130448.0,0.0,0.0,0.0,39.0,38.0,39.0,20.0,31.0,0.5522141125509737,253.9,0.9535217098000736,0.5462147392228409,0.9612885467919188,,0.5269827334173995,0.6794555303148332,0.0150098975815474,130448.0,10.0,0.5462147392228409,10.0,identity_features_drop,,,False,False,results_v2_seeds/multiclass/results.csv
entity,NF-UNSW-NB15-v2,xgboost,temporal,keep,multiclass,2,skipped,dataset has no timestamp column,,,,,,,,,,,,,,,,,,,,,,,,,,,,,,,,results_v2_seeds/multiclass/results.csv
entity,NF-UNSW-NB15-v2,mlp,temporal,keep,multiclass,2,skipped,dataset has no timestamp column,,,,,,,,,,,,,,,,,,,,,,,,,,,,,,,,results_v2_seeds/multiclass/results.csv
entity,NF-UNSW-NB15-v2,transformer,temporal,keep,multiclass,2,skipped,dataset has no timestamp column,,,,,,,,,,,,,,,,,,,,,,,,,,,,,,,,results_v2_seeds/multiclass/results.csv
entity,NF-UNSW-NB15-v2,autoencoder,temporal,keep,multiclass,2,skipped,dataset has no timestamp column,,,,,,,,,,,,,,,,,,,,,,,,,,,,,,,,results_v2_seeds/multiclass/results.csv
entity,NF-UNSW-NB15-v2,xgboost,temporal,drop,multiclass,2,skipped,dataset has no timestamp column,,,,,,,,,,,,,,,,,,,,,,,,,,,,,,,,results_v2_seeds/multiclass/results.csv
entity,NF-UNSW-NB15-v2,mlp,temporal,drop,multiclass,2,skipped,dataset has no timestamp column,,,,,,,,,,,,,,,,,,,,,,,,,,,,,,,,results_v2_seeds/multiclass/results.csv
entity,NF-UNSW-NB15-v2,transformer,temporal,drop,multiclass,2,skipped,dataset has no timestamp column,,,,,,,,,,,,,,,,,,,,,,,,,,,,,,,,results_v2_seeds/multiclass/results.csv
entity,NF-UNSW-NB15-v2,autoencoder,temporal,drop,multiclass,2,skipped,dataset has no timestamp column,,,,,,,,,,,,,,,,,,,,,,,,,,,,,,,,results_v2_seeds/multiclass/results.csv
entity,NF-UNSW-NB15-v2,xgboost,disjoint_ip,keep,multiclass,2,skipped,"no entity-disjoint partition over 40 entities gives every split >= 3 entities, >= 5% of rows and >= 2 classes",,,,,,,,,,,,,,,,,,,,,,,,,,,,,,,,results_v2_seeds/multiclass/results.csv
entity,NF-UNSW-NB15-v2,mlp,disjoint_ip,keep,multiclass,2,skipped,"no entity-disjoint partition over 40 entities gives every split >= 3 entities, >= 5% of rows and >= 2 classes",,,,,,,,,,,,,,,,,,,,,,,,,,,,,,,,results_v2_seeds/multiclass/results.csv
entity,NF-UNSW-NB15-v2,transformer,disjoint_ip,keep,multiclass,2,skipped,"no entity-disjoint partition over 40 entities gives every split >= 3 entities, >= 5% of rows and >= 2 classes",,,,,,,,,,,,,,,,,,,,,,,,,,,,,,,,results_v2_seeds/multiclass/results.csv
entity,NF-UNSW-NB15-v2,autoencoder,disjoint_ip,keep,multiclass,2,skipped,"no entity-disjoint partition over 40 entities gives every split >= 3 entities, >= 5% of rows and >= 2 classes",,,,,,,,,,,,,,,,,,,,,,,,,,,,,,,,results_v2_seeds/multiclass/results.csv
entity,NF-UNSW-NB15-v2,xgboost,disjoint_ip,drop,multiclass,2,skipped,"no entity-disjoint partition over 40 entities gives every split >= 3 entities, >= 5% of rows and >= 2 classes",,,,,,,,,,,,,,,,,,,,,,,,,,,,,,,,results_v2_seeds/multiclass/results.csv
entity,NF-UNSW-NB15-v2,mlp,disjoint_ip,drop,multiclass,2,skipped,"no entity-disjoint partition over 40 entities gives every split >= 3 entities, >= 5% of rows and >= 2 classes",,,,,,,,,,,,,,,,,,,,,,,,,,,,,,,,results_v2_seeds/multiclass/results.csv
entity,NF-UNSW-NB15-v2,transformer,disjoint_ip,drop,multiclass,2,skipped,"no entity-disjoint partition over 40 entities gives every split >= 3 entities, >= 5% of rows and >= 2 classes",,,,,,,,,,,,,,,,,,,,,,,,,,,,,,,,results_v2_seeds/multiclass/results.csv
entity,NF-UNSW-NB15-v2,autoencoder,disjoint_ip,drop,multiclass,2,skipped,"no entity-disjoint partition over 40 entities gives every split >= 3 entities, >= 5% of rows and >= 2 classes",,,,,,,,,,,,,,,,,,,,,,,,,,,,,,,,results_v2_seeds/multiclass/results.csv
entity,NF-UNSW-NB15-v3,xgboost,random,keep,multiclass,2,ok,,52.0,10.0,595897.0,127692.0,127691.0,0.0,0.0,0.0,40.0,39.0,39.0,536.0,536.0,0.8256439642589168,93.4,0.9775395290192732,0.8198082423301839,0.9775125470605188,,0.8075895948666547,0.8384356356109006,0.0,127691.0,10.0,0.8198082423301839,10.0,identity_features_keep,,,False,False,results_v2_seeds/multiclass/results.csv
entity,NF-UNSW-NB15-v3,mlp,random,keep,multiclass,2,ok,,52.0,10.0,595897.0,127692.0,127691.0,0.0,0.0,0.0,40.0,39.0,39.0,19.0,30.0,0.575775713233432,242.5,0.9456187201917128,0.573686743736596,0.9486747210035414,,0.5470359166490393,0.70051994318318,0.0006265086882013,127691.0,10.0,0.573686743736596,10.0,identity_features_keep,,,False,False,results_v2_seeds/multiclass/results.csv
entity,NF-UNSW-NB15-v3,transformer,random,keep,multiclass,2,ok,,52.0,10.0,595897.0,127692.0,127691.0,0.0,0.0,0.0,40.0,39.0,39.0,10.0,21.0,0.5634698123553241,353.3,0.9453524524046332,0.5736323672453795,0.9492563503405138,,0.5535439193152213,0.6958937244200303,0.001326724280897,127691.0,10.0,0.5736323672453795,10.0,identity_features_keep,,,False,False,results_v2_seeds/multiclass/results.csv
entity,NF-UNSW-NB15-v3,autoencoder,random,keep,multiclass,2,ok,,52.0,10.0,595897.0,127692.0,127691.0,0.0,0.0,0.0,40.0,39.0,39.0,14.0,25.0,0.5646875104413048,273.7,0.9430343563759388,0.5613991284843581,0.9468978312658712,,0.5334501201496853,0.6855702368217094,0.0013727910962059,127691.0,10.0,0.5613991284843581,10.0,identity_features_keep,,,False,False,results_v2_seeds/multiclass/results.csv
entity,NF-UNSW-NB15-v3,xgboost,random,drop,multiclass,2,ok,,48.0,10.0,595897.0,127692.0,127691.0,0.0,0.0,0.0,40.0,39.0,39.0,599.0,599.0,0.8153112093896778,163.5,0.9764431322489447,0.8052822843964076,0.9764395017848748,,0.7910484242017293,0.8259412275123854,9.213363061784812e-06,127691.0,10.0,0.8052822843964076,10.0,identity_features_drop,,,False,False,results_v2_seeds/multiclass/results.csv
entity,NF-UNSW-NB15-v3,mlp,random,drop,multiclass,2,ok,,48.0,10.0,595897.0,127692.0,127691.0,0.0,0.0,0.0,40.0,39.0,39.0,25.0,36.0,0.5754848324382169,332.5,0.9468090938280692,0.5663457536487015,0.9494415432746962,,0.5415132712099519,0.6991105053334651,0.0008384160386224,127691.0,10.0,0.5663457536487015,10.0,identity_features_drop,,,False,False,results_v2_seeds/multiclass/results.csv
entity,NF-UNSW-NB15-v3,transformer,random,drop,multiclass,2,ok,,48.0,10.0,595897.0,127692.0,127691.0,0.0,0.0,0.0,40.0,39.0,39.0,21.0,32.0,0.5671719082190511,606.6,0.9442247300122952,0.5684266900050085,0.948444298926439,,0.5442228021368584,0.7041081085798768,0.001068750115167,127691.0,10.0,0.5684266900050085,10.0,identity_features_drop,,,False,False,results_v2_seeds/multiclass/results.csv
entity,NF-UNSW-NB15-v3,autoencoder,random,drop,multiclass,2,ok,,48.0,10.0,595897.0,127692.0,127691.0,0.0,0.0,0.0,40.0,39.0,39.0,34.0,45.0,0.5796789327929842,448.6,0.9423608555027372,0.576926708333865,0.946753335165698,,0.5602796121584375,0.6894441334403272,0.0008844828539313,127691.0,10.0,0.576926708333865,10.0,identity_features_drop,,,False,False,results_v2_seeds/multiclass/results.csv
entity,NF-UNSW-NB15-v3,xgboost,temporal,keep,multiclass,2,ok,,52.0,10.0,595896.0,127692.0,127692.0,0.0,0.0,0.0,40.0,38.0,38.0,85.0,85.0,0.5929967989618594,36.5,0.917081727907778,0.5529893542129325,0.919898976650526,,0.6128212031199254,0.678740651862844,0.0,127692.0,10.0,0.5529893542129325,10.0,identity_features_keep,,,False,False,results_v2_seeds/multiclass/results.csv
entity,NF-UNSW-NB15-v3,mlp,temporal,keep,multiclass,2,ok,,52.0,10.0,595896.0,127692.0,127692.0,0.0,0.0,0.0,40.0,38.0,38.0,7.0,18.0,0.5012989154665514,163.7,0.8855683989599975,0.4781352173190167,0.8971352708064932,,0.4811224715841843,0.6005398841811468,0.0016474464579901,127692.0,10.0,0.4781352173190167,10.0,identity_features_keep,,,False,False,results_v2_seeds/multiclass/results.csv
entity,NF-UNSW-NB15-v3,transformer,temporal,keep,multiclass,2,ok,,52.0,10.0,595896.0,127692.0,127692.0,0.0,0.0,0.0,40.0,38.0,38.0,7.0,18.0,0.5043505942534771,331.9,0.8944413119067757,0.5006333810780457,0.9045238299788136,,0.5035263549985701,0.6107519639204371,0.0027254052514898,127692.0,10.0,0.5006333810780457,10.0,identity_features_keep,,,False,False,results_v2_seeds/multiclass/results.csv
entity,NF-UNSW-NB15-v3,autoencoder,temporal,keep,multiclass,2,ok,,52.0,10.0,595896.0,127692.0,127692.0,0.0,0.0,0.0,40.0,38.0,38.0,13.0,24.0,0.4994970624766141,206.0,0.8895388904551578,0.4916715480810009,0.9021654426917102,,0.4969317132284246,0.6301873621390195,0.0020745622063579,127692.0,10.0,0.4916715480810009,10.0,identity_features_keep,,,False,False,results_v2_seeds/multiclass/results.csv
entity,NF-UNSW-NB15-v3,xgboost,temporal,drop,multiclass,2,ok,,48.0,10.0,595896.0,127692.0,127692.0,0.0,0.0,0.0,40.0,38.0,38.0,97.0,97.0,0.638588534559506,34.9,0.9204570372458728,0.5658803450819873,0.9232706039173416,,0.5974285773311498,0.6870709455928429,0.0001016942258018,127692.0,10.0,0.5658803450819873,10.0,identity_features_drop,,,False,False,results_v2_seeds/multiclass/results.csv
entity,NF-UNSW-NB15-v3,mlp,temporal,drop,multiclass,2,ok,,48.0,10.0,595896.0,127692.0,127692.0,0.0,0.0,0.0,40.0,38.0,38.0,26.0,37.0,0.5077858292404794,331.9,0.8871894872035836,0.4941744747254775,0.9002897179070853,,0.4991532011586977,0.6340534994744151,0.0020135456708768,127692.0,10.0,0.4941744747254775,10.0,identity_features_drop,,,False,False,results_v2_seeds/multiclass/results.csv
entity,NF-UNSW-NB15-v3,transformer,temporal,drop,multiclass,2,ok,,48.0,10.0,595896.0,127692.0,127692.0,0.0,0.0,0.0,40.0,38.0,38.0,28.0,39.0,0.5197778045690575,697.4,0.8986075870062338,0.5091636806363562,0.9081235416734548,,0.5050257447319504,0.6535325739888906,0.0019830374031362,127692.0,10.0,0.5091636806363562,10.0,identity_features_drop,,,False,False,results_v2_seeds/multiclass/results.csv
entity,NF-UNSW-NB15-v3,autoencoder,temporal,drop,multiclass,2,ok,,48.0,10.0,595896.0,127692.0,127692.0,0.0,0.0,0.0,40.0,38.0,38.0,39.0,50.0,0.5190376226588602,406.9,0.8917629921999812,0.5055444181228588,0.9024013121194092,,0.4974599228016345,0.6409203070349677,0.0013830414709052,127692.0,10.0,0.5055444181228588,10.0,identity_features_drop,,,False,False,results_v2_seeds/multiclass/results.csv
entity,NF-UNSW-NB15-v3,xgboost,disjoint_ip,keep,multiclass,2,skipped,"no entity-disjoint partition over 40 entities gives every split >= 3 entities, >= 5% of rows and >= 2 classes",,,,,,,,,,,,,,,,,,,,,,,,,,,,,,,,results_v2_seeds/multiclass/results.csv
entity,NF-UNSW-NB15-v3,mlp,disjoint_ip,keep,multiclass,2,skipped,"no entity-disjoint partition over 40 entities gives every split >= 3 entities, >= 5% of rows and >= 2 classes",,,,,,,,,,,,,,,,,,,,,,,,,,,,,,,,results_v2_seeds/multiclass/results.csv
entity,NF-UNSW-NB15-v3,transformer,disjoint_ip,keep,multiclass,2,skipped,"no entity-disjoint partition over 40 entities gives every split >= 3 entities, >= 5% of rows and >= 2 classes",,,,,,,,,,,,,,,,,,,,,,,,,,,,,,,,results_v2_seeds/multiclass/results.csv
entity,NF-UNSW-NB15-v3,autoencoder,disjoint_ip,keep,multiclass,2,skipped,"no entity-disjoint partition over 40 entities gives every split >= 3 entities, >= 5% of rows and >= 2 classes",,,,,,,,,,,,,,,,,,,,,,,,,,,,,,,,results_v2_seeds/multiclass/results.csv
entity,NF-UNSW-NB15-v3,xgboost,disjoint_ip,drop,multiclass,2,skipped,"no entity-disjoint partition over 40 entities gives every split >= 3 entities, >= 5% of rows and >= 2 classes",,,,,,,,,,,,,,,,,,,,,,,,,,,,,,,,results_v2_seeds/multiclass/results.csv
entity,NF-UNSW-NB15-v3,mlp,disjoint_ip,drop,multiclass,2,skipped,"no entity-disjoint partition over 40 entities gives every split >= 3 entities, >= 5% of rows and >= 2 classes",,,,,,,,,,,,,,,,,,,,,,,,,,,,,,,,results_v2_seeds/multiclass/results.csv
entity,NF-UNSW-NB15-v3,transformer,disjoint_ip,drop,multiclass,2,skipped,"no entity-disjoint partition over 40 entities gives every split >= 3 entities, >= 5% of rows and >= 2 classes",,,,,,,,,,,,,,,,,,,,,,,,,,,,,,,,results_v2_seeds/multiclass/results.csv
entity,NF-UNSW-NB15-v3,autoencoder,disjoint_ip,drop,multiclass,2,skipped,"no entity-disjoint partition over 40 entities gives every split >= 3 entities, >= 5% of rows and >= 2 classes",,,,,,,,,,,,,,,,,,,,,,,,,,,,,,,,results_v2_seeds/multiclass/results.csv
